# Snowy Mountain Scatter Rock V2
# Higher-detail game scatter asset, Z-up, origin at flat base center.
mtllib snowy_mountain_scatter_rock_v2.mtl
o Snowy_Mountain_Scatter_Rock_V2

v 1.291849 0.000000 0.000000
v 1.315377 0.066454 0.000000
v 1.290642 0.130575 0.000000
v 1.253732 0.191388 0.000000
v 1.223593 0.251009 0.000000
v 1.188787 0.308754 0.000000
v 1.126402 0.359280 0.000000
v 1.078106 0.411848 0.000000
v 1.016753 0.459995 0.000000
v 0.992605 0.522816 0.000000
v 1.000613 0.606000 0.000000
v 1.012884 0.703274 0.000000
v 0.969761 0.781102 0.000000
v 0.901098 0.849272 0.000000
v 0.781016 0.878726 0.000000
v 0.636411 0.875067 0.000000
v 0.486667 0.843822 0.000000
v 0.376373 0.841659 0.000000
v 0.278512 0.846821 0.000000
v 0.182418 0.843800 0.000000
v 0.088226 0.825998 0.000000
v 0.000000 0.793374 0.000000
v -0.081144 0.767895 0.000000
v -0.151517 0.720441 0.000000
v -0.219218 0.688629 0.000000
v -0.282203 0.655963 0.000000
v -0.329347 0.607997 0.000000
v -0.379711 0.573337 0.000000
v -0.436021 0.548307 0.000000
v -0.523919 0.547778 0.000000
v -0.636774 0.556376 0.000000
v -0.749718 0.554667 0.000000
v -0.848855 0.537409 0.000000
v -0.932100 0.507174 0.000000
v -0.952144 0.450256 0.000000
v -0.977978 0.396739 0.000000
v -1.011785 0.345172 0.000000
v -1.081637 0.299407 0.000000
v -1.175012 0.252498 0.000000
v -1.255760 0.197425 0.000000
v -1.277484 0.132361 0.000000
v -1.305092 0.066795 0.000000
v -1.319430 0.000000 0.000000
v -1.376048 -0.068778 0.000000
v -1.437235 -0.141868 0.000000
v -1.469278 -0.216533 0.000000
v -1.465743 -0.289185 0.000000
v -1.402550 -0.351634 0.000000
v -1.316726 -0.406126 0.000000
v -1.237216 -0.458800 0.000000
v -1.190746 -0.520627 0.000000
v -1.098509 -0.565982 0.000000
v -0.992501 -0.602153 0.000000
v -0.850666 -0.613917 0.000000
v -0.701905 -0.609429 0.000000
v -0.615477 -0.635153 0.000000
v -0.546618 -0.671221 0.000000
v -0.480542 -0.709638 0.000000
v -0.402124 -0.733723 0.000000
v -0.320334 -0.748802 0.000000
v -0.230754 -0.739875 0.000000
v -0.149812 -0.733233 0.000000
v -0.078075 -0.756761 0.000000
v -0.000000 -0.787871 0.000000
v 0.089112 -0.822238 0.000000
v 0.186900 -0.840427 0.000000
v 0.284195 -0.834134 0.000000
v 0.373766 -0.807681 0.000000
v 0.451872 -0.767560 0.000000
v 0.524624 -0.727138 0.000000
v 0.589100 -0.683823 0.000000
v 0.646730 -0.639845 0.000000
v 0.663817 -0.573708 0.000000
v 0.697699 -0.526013 0.000000
v 0.758337 -0.494482 0.000000
v 0.849262 -0.473409 0.000000
v 0.977566 -0.459115 0.000000
v 1.087110 -0.428942 0.000000
v 1.122662 -0.372463 0.000000
v 1.115994 -0.306299 0.000000
v 1.099888 -0.240654 0.000000
v 1.107842 -0.180169 0.000000
v 1.148452 -0.122420 0.000000
v 1.221356 -0.063588 0.000000
v 1.320698 -0.001143 0.041246
v 1.347127 0.066327 0.041246
v 1.321206 0.131391 0.041246
v 1.286319 0.193464 0.041246
v 1.234783 0.250864 0.041246
v 1.170283 0.302954 0.041246
v 1.141729 0.360782 0.041246
v 1.087620 0.412197 0.041246
v 1.043766 0.466750 0.041246
v 1.023404 0.532496 0.041246
v 1.036803 0.620052 0.041246
v 1.023330 0.705658 0.041246
v 0.990941 0.791015 0.041246
v 0.918529 0.858351 0.041246
v 0.787400 0.880013 0.041246
v 0.638868 0.872862 0.041246
v 0.493489 0.847331 0.041246
v 0.374370 0.832193 0.041246
v 0.283365 0.850339 0.041246
v 0.186088 0.846573 0.041246
v 0.093498 0.845434 0.041246
v 0.002000 0.811984 0.041246
v -0.081698 0.782509 0.041246
v -0.153542 0.731346 0.041246
v -0.216224 0.683729 0.041246
v -0.279123 0.651571 0.041246
v -0.334992 0.615421 0.041246
v -0.385573 0.579219 0.041246
v -0.452841 0.562567 0.041246
v -0.532011 0.552999 0.041246
v -0.643918 0.559945 0.041246
v -0.763884 0.561332 0.041246
v -0.882805 0.552271 0.041246
v -0.952798 0.514297 0.041246
v -0.968777 0.454688 0.041246
v -0.971697 0.393495 0.041246
v -1.019261 0.345617 0.041246
v -1.076983 0.297093 0.041246
v -1.181657 0.252197 0.041246
v -1.277397 0.198645 0.041246
v -1.302059 0.133002 0.041246
v -1.342052 0.067014 0.041246
v -1.369741 -0.001143 0.041246
v -1.401147 -0.070835 0.041246
v -1.467489 -0.145255 0.041246
v -1.482758 -0.219132 0.041246
v -1.469766 -0.290827 0.041246
v -1.406074 -0.353341 0.041246
v -1.319165 -0.407726 0.041246
v -1.251507 -0.464024 0.041246
v -1.202047 -0.525586 0.041246
v -1.114417 -0.573508 0.041246
v -1.014502 -0.613659 0.041246
v -0.873817 -0.627788 0.041246
v -0.735151 -0.631926 0.041246
v -0.617356 -0.637857 0.041246
v -0.556150 -0.681122 0.041246
v -0.484957 -0.716043 0.041246
v -0.401374 -0.734866 0.041246
v -0.321042 -0.752744 0.041246
v -0.237464 -0.758796 0.041246
v -0.155884 -0.760002 0.041246
v -0.078888 -0.775355 0.041246
v 0.002000 -0.801161 0.041246
v 0.094329 -0.843664 0.041246
v 0.194652 -0.859474 0.041246
v 0.293611 -0.850351 0.041246
v 0.377876 -0.810860 0.041246
v 0.450502 -0.762926 0.041246
v 0.523732 -0.723891 0.041246
v 0.599762 -0.691377 0.041246
v 0.650575 -0.641170 0.041246
v 0.686058 -0.586675 0.041246
v 0.734463 -0.545208 0.041246
v 0.787755 -0.507583 0.041246
v 0.866218 -0.479662 0.041246
v 0.984356 -0.461009 0.041246
v 1.087275 -0.428706 0.041246
v 1.134671 -0.375325 0.041246
v 1.140254 -0.311269 0.041246
v 1.133949 -0.246330 0.041246
v 1.121934 -0.182328 0.041246
v 1.178584 -0.125467 0.041246
v 1.241836 -0.065308 0.041246
v 1.401422 -0.002286 0.083644
v 1.418369 0.068144 0.083644
v 1.385581 0.135650 0.083644
v 1.322686 0.197194 0.083644
v 1.252265 0.253275 0.083644
v 1.212896 0.311304 0.083644
v 1.152294 0.363319 0.083644
v 1.130079 0.424788 0.083644
v 1.108348 0.489439 0.083644
v 1.094423 0.561749 0.083644
v 1.066412 0.634520 0.083644
v 1.050643 0.721242 0.083644
v 1.015495 0.807383 0.083644
v 0.931888 0.869051 0.083644
v 0.822387 0.911659 0.083644
v 0.664012 0.900106 0.083644
v 0.517141 0.878408 0.083644
v 0.396307 0.868261 0.083644
v 0.295313 0.875746 0.083644
v 0.199624 0.888865 0.083644
v 0.100457 0.882406 0.083644
v 0.004000 0.854021 0.083644
v -0.084006 0.814853 0.083644
v -0.160127 0.763274 0.083644
v -0.222399 0.704679 0.083644
v -0.284605 0.666432 0.083644
v -0.341661 0.628998 0.083644
v -0.401563 0.600431 0.083644
v -0.458900 0.571667 0.083644
v -0.551853 0.571200 0.083644
v -0.676736 0.583956 0.083644
v -0.804181 0.586201 0.083644
v -0.925183 0.574756 0.083644
v -0.999170 0.535307 0.083644
v -1.017300 0.473420 0.083644
v -1.017394 0.408498 0.083644
v -1.023539 0.347860 0.083644
v -1.088046 0.300150 0.083644
v -1.225509 0.259570 0.083644
v -1.320333 0.203720 0.083644
v -1.379466 0.138627 0.083644
v -1.423501 0.069389 0.083644
v -1.468856 -0.002286 0.083644
v -1.473119 -0.075118 0.083644
v -1.512743 -0.150634 0.083644
v -1.521483 -0.225890 0.083644
v -1.495289 -0.297422 0.083644
v -1.448072 -0.364656 0.083644
v -1.377610 -0.425318 0.083644
v -1.303097 -0.482776 0.083644
v -1.262748 -0.550602 0.083644
v -1.176419 -0.603002 0.083644
v -1.076070 -0.647466 0.083644
v -0.937581 -0.667940 0.083644
v -0.780815 -0.666673 0.083644
v -0.657507 -0.673926 0.083644
v -0.563057 -0.693736 0.083644
v -0.495811 -0.734651 0.083644
v -0.413481 -0.758402 0.083644
v -0.334367 -0.783454 0.083644
v -0.252666 -0.802732 0.083644
v -0.168759 -0.815900 0.083644
v -0.083016 -0.822583 0.083644
v 0.004000 -0.851365 0.083644
v 0.099918 -0.873389 0.083644
v 0.203452 -0.887632 0.083644
v 0.302763 -0.871297 0.083644
v 0.395847 -0.842074 0.083644
v 0.473548 -0.794907 0.083644
v 0.537496 -0.740782 0.083644
v 0.600978 -0.694933 0.083644
v 0.675402 -0.662394 0.083644
v 0.746034 -0.627815 0.083644
v 0.799895 -0.584005 0.083644
v 0.870378 -0.549543 0.083644
v 0.931834 -0.509172 0.083644
v 1.008725 -0.472215 0.083644
v 1.110639 -0.438224 0.083644
v 1.173598 -0.387398 0.083644
v 1.198170 -0.325206 0.083644
v 1.193237 -0.257793 0.083644
v 1.198116 -0.193100 0.083644
v 1.237268 -0.131627 0.083644
v 1.302147 -0.069006 0.083644
v 1.439028 -0.003429 0.127113
v 1.478411 0.069499 0.126936
v 1.405602 0.136429 0.126670
v 1.355405 0.200408 0.126368
v 1.285866 0.258110 0.126089
v 1.216498 0.311687 0.125889
v 1.183558 0.370784 0.125808
v 1.165725 0.435179 0.125861
v 1.145246 0.502268 0.126038
v 1.142301 0.581332 0.126304
v 1.113484 0.657006 0.126606
v 1.081631 0.738557 0.126885
v 1.026126 0.814507 0.127085
v 0.952144 0.884572 0.127166
v 0.836399 0.924361 0.127113
v 0.687412 0.925097 0.126936
v 0.533738 0.899875 0.126670
v 0.407073 0.885380 0.126368
v 0.308142 0.902676 0.126089
v 0.207440 0.911301 0.125889
v 0.105667 0.907002 0.125808
v 0.006000 0.891995 0.125861
v -0.085998 0.844613 0.126038
v -0.160263 0.772916 0.126304
v -0.223251 0.713312 0.126606
v -0.283504 0.670007 0.126885
v -0.340381 0.631862 0.127085
v -0.416909 0.620617 0.127166
v -0.487047 0.599994 0.127113
v -0.576468 0.592665 0.126936
v -0.717130 0.612525 0.126670
v -0.841446 0.609116 0.126368
v -0.949693 0.588497 0.126089
v -1.026062 0.548121 0.125889
v -1.026280 0.478133 0.125808
v -1.037801 0.415820 0.125861
v -1.034713 0.351608 0.126038
v -1.111806 0.305587 0.126304
v -1.235150 0.261415 0.126606
v -1.365914 0.209000 0.126885
v -1.443383 0.143144 0.127085
v -1.497779 0.071456 0.127166
v -1.521103 -0.003429 0.127113
v -1.518061 -0.078335 0.126936
v -1.536639 -0.154306 0.126670
v -1.536647 -0.229809 0.126368
v -1.534116 -0.305997 0.126089
v -1.500137 -0.377848 0.125889
v -1.416576 -0.437950 0.125808
v -1.348411 -0.499486 0.125861
v -1.303150 -0.568331 0.126038
v -1.205936 -0.619017 0.126304
v -1.099181 -0.662770 0.126606
v -0.955996 -0.682819 0.126885
v -0.805307 -0.687529 0.127085
v -0.663301 -0.683889 0.127166
v -0.571212 -0.707079 0.127113
v -0.490518 -0.735720 0.126936
v -0.412863 -0.764944 0.126670
v -0.342554 -0.805213 0.126368
v -0.262146 -0.833405 0.126089
v -0.174875 -0.848424 0.125889
v -0.085161 -0.855846 0.125808
v 0.006000 -0.878182 0.125861
v 0.105619 -0.903452 0.126038
v 0.210021 -0.907809 0.126304
v 0.312446 -0.893033 0.126606
v 0.405116 -0.858490 0.126885
v 0.484734 -0.811081 0.127085
v 0.558602 -0.765122 0.127166
v 0.628829 -0.721743 0.127113
v 0.697040 -0.680915 0.126936
v 0.790778 -0.658893 0.126670
v 0.841005 -0.609120 0.126368
v 0.895553 -0.563987 0.126089
v 0.954296 -0.520835 0.125889
v 1.021698 -0.479212 0.125808
v 1.123087 -0.444303 0.125861
v 1.201349 -0.396527 0.126038
v 1.236576 -0.335065 0.126304
v 1.240213 -0.267179 0.126606
v 1.229661 -0.198563 0.126885
v 1.278556 -0.136378 0.127085
v 1.352915 -0.072305 0.127166
v 1.415179 -0.004571 0.170971
v 1.456051 0.067669 0.169799
v 1.433418 0.137751 0.168592
v 1.369649 0.201384 0.167589
v 1.275234 0.255863 0.166989
v 1.215169 0.310950 0.166911
v 1.169391 0.366916 0.167369
v 1.150117 0.430272 0.168274
v 1.190206 0.517711 0.169446
v 1.182683 0.597640 0.170653
v 1.141250 0.670091 0.171656
v 1.102193 0.749860 0.172256
v 1.032904 0.818865 0.172334
v 0.945767 0.879804 0.171876
v 0.837109 0.924939 0.170971
v 0.690721 0.928394 0.169799
v 0.547013 0.916624 0.168592
v 0.426060 0.915715 0.167589
v 0.312161 0.909465 0.166989
v 0.211660 0.921128 0.166911
v 0.110399 0.927914 0.167369
v 0.008000 0.898947 0.168274
v -0.081248 0.827994 0.169446
v -0.152074 0.753943 0.170653
v -0.213125 0.696993 0.171656
v -0.269033 0.651079 0.172256
v -0.327955 0.619879 0.172334
v -0.411115 0.618051 0.171876
v -0.503597 0.617753 0.170971
v -0.606243 0.617712 0.169799
v -0.696037 0.601411 0.168592
v -0.810619 0.594259 0.167589
v -0.926986 0.579594 0.166989
v -0.983935 0.532567 0.166911
v -1.014948 0.475548 0.167369
v -1.025029 0.413151 0.168274
v -1.045434 0.355065 0.169446
v -1.121490 0.308047 0.170653
v -1.241451 0.262609 0.171656
v -1.372223 0.209605 0.172256
v -1.489980 0.146263 0.172334
v -1.541376 0.072317 0.171876
v -1.522636 -0.004571 0.170971
v -1.515211 -0.079691 0.169799
v -1.486399 -0.152208 0.168592
v -1.493948 -0.226894 0.167589
v -1.501899 -0.303264 0.166989
v -1.490977 -0.378629 0.166911
v -1.457778 -0.450980 0.167369
v -1.386253 -0.513818 0.168274
v -1.304488 -0.572253 0.169446
v -1.201917 -0.621144 0.170653
v -1.107280 -0.670712 0.171656
v -0.957666 -0.688205 0.172256
v -0.797414 -0.687334 0.172334
v -0.656342 -0.683971 0.171876
v -0.542923 -0.687811 0.170971
v -0.476160 -0.726797 0.169799
v -0.420686 -0.782089 0.168592
v -0.352550 -0.829564 0.167589
v -0.258332 -0.833895 0.166989
v -0.172737 -0.852539 0.166911
v -0.084556 -0.869924 0.167369
v 0.008000 -0.879243 0.168274
v 0.103676 -0.880977 0.169446
v 0.204304 -0.885941 0.170653
v 0.306060 -0.878419 0.171656
v 0.400506 -0.851558 0.172256
v 0.483131 -0.810269 0.172334
v 0.559742 -0.767955 0.171876
v 0.633551 -0.727776 0.170971
v 0.708987 -0.691883 0.169799
v 0.790733 -0.660991 0.168592
v 0.847604 -0.614961 0.167589
v 0.890646 -0.563915 0.166989
v 0.946606 -0.519973 0.166911
v 1.023775 -0.482192 0.167369
v 1.097564 -0.438977 0.168274
v 1.168577 -0.390580 0.169446
v 1.202285 -0.330188 0.170653
v 1.241772 -0.269280 0.171656
v 1.258993 -0.203672 0.172256
v 1.270103 -0.137235 0.172334
v 1.347941 -0.073438 0.171876
v 1.398413 -0.005714 0.212153
v 1.417387 0.065186 0.209771
v 1.386271 0.133244 0.208024
v 1.331520 0.196171 0.207259
v 1.223377 0.247016 0.207625
v 1.183234 0.303952 0.209052
v 1.153854 0.362567 0.211256
v 1.143171 0.427759 0.213800
v 1.177785 0.512974 0.216182
v 1.168783 0.591617 0.217929
v 1.135198 0.666910 0.218694
v 1.086414 0.740892 0.218328
v 1.014688 0.806926 0.216901
v 0.920142 0.860305 0.214697
v 0.817229 0.906963 0.212153
v 0.680372 0.916848 0.209771
v 0.548970 0.918270 0.208024
v 0.425305 0.912960 0.207259
v 0.310926 0.904100 0.207625
v 0.211737 0.916513 0.209052
v 0.109465 0.909800 0.211256
v 0.010000 0.889364 0.213800
v -0.075885 0.806820 0.216182
v -0.145183 0.739014 0.217929
v -0.198075 0.669304 0.218694
v -0.251149 0.626168 0.218328
v -0.314698 0.606501 0.216901
v -0.393649 0.602799 0.214697
v -0.495860 0.613729 0.212153
v -0.601501 0.616612 0.209771
v -0.686258 0.597290 0.208024
v -0.787331 0.583308 0.207259
v -0.885839 0.561712 0.207625
v -0.959132 0.523853 0.209052
v -0.982554 0.465418 0.211256
v -1.000026 0.406685 0.213800
v -1.027932 0.351408 0.216182
v -1.089343 0.301973 0.217929
v -1.216224 0.258715 0.218694
v -1.370194 0.209148 0.218328
v -1.464571 0.143777 0.216901
v -1.514860 0.070462 0.214697
v -1.498851 -0.005714 0.212153
v -1.490333 -0.080175 0.209771
v -1.446247 -0.150834 0.208024
v -1.462504 -0.225213 0.207259
v -1.472368 -0.300853 0.207625
v -1.475830 -0.378086 0.209052
v -1.442674 -0.450008 0.211256
v -1.378385 -0.514498 0.213800
v -1.276246 -0.565682 0.216182
v -1.180517 -0.615981 0.217929
v -1.074299 -0.658942 0.218694
v -0.938245 -0.681719 0.218328
v -0.775243 -0.677709 0.216901
v -0.639854 -0.676605 0.214697
v -0.522555 -0.675231 0.212153
v -0.451797 -0.706909 0.209771
v -0.403656 -0.766503 0.208024
v -0.339612 -0.815537 0.207259
v -0.258138 -0.842105 0.207625
v -0.168963 -0.850716 0.209052
v -0.081236 -0.865102 0.211256
v 0.010000 -0.862100 0.213800
v 0.100513 -0.849812 0.216182
v 0.200031 -0.868610 0.217929
v 0.300830 -0.866049 0.218694
v 0.393157 -0.839761 0.218328
v 0.478510 -0.805214 0.216901
v 0.556032 -0.765344 0.214697
v 0.635795 -0.731333 0.212153
v 0.702682 -0.688899 0.209771
v 0.772851 -0.651399 0.208024
v 0.831576 -0.608092 0.207259
v 0.868568 -0.555465 0.207625
v 0.921247 -0.511688 0.209052
v 0.971410 -0.465994 0.211256
v 1.069570 -0.432733 0.213800
v 1.120937 -0.380806 0.216182
v 1.204328 -0.332456 0.217929
v 1.238028 -0.270428 0.218694
v 1.271392 -0.206718 0.218328
v 1.266741 -0.138424 0.216901
v 1.306504 -0.073144 0.214697
v 1.319747 -0.006857 0.249915
v 1.323704 0.060570 0.247798
v 1.339013 0.128677 0.247405
v 1.272074 0.188396 0.248815
v 1.195227 0.241811 0.251748
v 1.150076 0.296592 0.255623
v 1.148454 0.360578 0.259673
v 1.147135 0.428309 0.263095
v 1.136154 0.497883 0.265213
v 1.139627 0.579181 0.265606
v 1.092778 0.646264 0.264196
v 1.038191 0.713811 0.261263
v 0.991169 0.791324 0.257388
v 0.901582 0.845814 0.253338
v 0.796388 0.887826 0.249915
v 0.669968 0.904913 0.247798
v 0.548018 0.915779 0.247405
v 0.424675 0.910051 0.248815
v 0.308661 0.896058 0.251748
v 0.211165 0.909328 0.255623
v 0.109753 0.899644 0.259673
v 0.012000 0.878750 0.263095
v -0.074638 0.813363 0.265213
v -0.140244 0.730359 0.265606
v -0.186794 0.649730 0.264196
v -0.241042 0.613831 0.261263
v -0.295590 0.585207 0.257388
v -0.387541 0.599322 0.253338
v -0.485999 0.607557 0.249915
v -0.581591 0.603886 0.247798
v -0.682119 0.596539 0.247405
v -0.771554 0.576261 0.248815
v -0.868477 0.554887 0.251748
v -0.919758 0.508989 0.255623
v -0.962691 0.459459 0.259673
v -0.989184 0.404218 0.263095
v -1.029442 0.352272 0.265213
v -1.085136 0.301368 0.265606
v -1.206417 0.257140 0.264196
v -1.350924 0.206596 0.261263
v -1.443955 0.141603 0.257388
v -1.488262 0.068577 0.253338
v -1.436312 -0.006857 0.249915
v -1.403355 -0.078254 0.247798
v -1.398036 -0.148787 0.247405
v -1.403832 -0.220281 0.248815
v -1.417546 -0.294359 0.251748
v -1.449115 -0.375107 0.255623
v -1.416836 -0.446259 0.259673
v -1.339533 -0.505881 0.263095
v -1.295560 -0.575509 0.265213
v -1.180631 -0.619391 0.265606
v -1.028066 -0.640671 0.264196
v -0.897002 -0.662972 0.261263
v -0.741222 -0.660226 0.257388
v -0.603026 -0.653704 0.253338
v -0.510578 -0.669768 0.249915
v -0.447021 -0.707478 0.247798
v -0.378229 -0.739634 0.247405
v -0.323648 -0.796133 0.248815
v -0.251875 -0.836355 0.251748
v -0.163581 -0.843067 0.255623
v -0.074500 -0.836615 0.259673
v 0.012000 -0.825395 0.263095
v 0.100676 -0.840975 0.265213
v 0.194591 -0.846982 0.265606
v 0.297307 -0.857175 0.264196
v 0.391271 -0.836703 0.261263
v 0.470942 -0.796025 0.257388
v 0.546958 -0.756759 0.253338
v 0.630835 -0.728244 0.249915
v 0.701456 -0.689467 0.247798
v 0.746471 -0.636115 0.247405
v 0.793766 -0.588990 0.248815
v 0.846598 -0.546843 0.251748
v 0.871128 -0.493100 0.255623
v 0.905027 -0.444716 0.259673
v 1.001285 -0.414421 0.263095
v 1.131216 -0.385130 0.265213
v 1.190741 -0.331452 0.265606
v 1.244584 -0.273088 0.264196
v 1.250973 -0.205851 0.261263
v 1.278764 -0.140743 0.257388
v 1.302831 -0.074270 0.253338
v 1.266768 -0.008000 0.287669
v 1.297023 0.058494 0.288296
v 1.300459 0.124731 0.291276
v 1.254517 0.185437 0.296020
v 1.182351 0.238921 0.301588
v 1.126788 0.291101 0.306877
v 1.146373 0.359276 0.310840
v 1.152361 0.429084 0.312691
v 1.126517 0.493774 0.312065
v 1.120998 0.570848 0.309085
v 1.080792 0.639843 0.304341
v 1.021526 0.703884 0.298773
v 0.967928 0.775648 0.293484
v 0.888580 0.835215 0.289521
v 0.781711 0.873849 0.287669
v 0.668481 0.902126 0.288296
v 0.550903 0.917953 0.291276
v 0.427050 0.911776 0.296020
v 0.310050 0.895846 0.301588
v 0.208536 0.894807 0.306877
v 0.110500 0.892269 0.310840
v 0.014000 0.857919 0.312691
v -0.070094 0.797077 0.312065
v -0.132290 0.711156 0.309085
v -0.179460 0.638678 0.304341
v -0.227531 0.595555 0.298773
v -0.287977 0.578599 0.293484
v -0.373396 0.587044 0.289521
v -0.477188 0.602057 0.287669
v -0.572028 0.598671 0.288296
v -0.665733 0.587703 0.291276
v -0.758270 0.570362 0.296020
v -0.819131 0.532680 0.301588
v -0.896378 0.500443 0.306877
v -0.923168 0.446461 0.310840
v -0.962054 0.396774 0.312691
v -1.017453 0.349661 0.312065
v -1.078699 0.300184 0.309085
v -1.195027 0.255210 0.304341
v -1.326925 0.203412 0.298773
v -1.437377 0.140458 0.293484
v -1.473040 0.067101 0.289521
v -1.417442 -0.008000 0.287669
v -1.369825 -0.078355 0.288296
v -1.346660 -0.146447 0.291276
v -1.375674 -0.218837 0.296020
v -1.411182 -0.295412 0.301588
v -1.444387 -0.376427 0.306877
v -1.414944 -0.448273 0.310840
v -1.340395 -0.508833 0.312691
v -1.286666 -0.575338 0.312065
v -1.155704 -0.612407 0.309085
v -1.009580 -0.635350 0.304341
v -0.866171 -0.649731 0.298773
v -0.707240 -0.642516 0.293484
v -0.591201 -0.649271 0.289521
v -0.507474 -0.671863 0.287669
v -0.437745 -0.702956 0.288296
v -0.375267 -0.741689 0.291276
v -0.321987 -0.800083 0.296020
v -0.245682 -0.830407 0.301588
v -0.159656 -0.840003 0.306877
v -0.071191 -0.831139 0.310840
v 0.014000 -0.808181 0.312691
v 0.098212 -0.813883 0.312065
v 0.189429 -0.825966 0.309085
v 0.288386 -0.835898 0.304341
v 0.390474 -0.835153 0.298773
v 0.478366 -0.806077 0.293484
v 0.548196 -0.758847 0.289521
v 0.623640 -0.722919 0.287669
v 0.682775 -0.676702 0.288296
v 0.730526 -0.627284 0.291276
v 0.772191 -0.578607 0.296020
v 0.821089 -0.536330 0.301588
v 0.856270 -0.488683 0.306877
v 0.884954 -0.439388 0.310840
v 0.979428 -0.409639 0.312691
v 1.105910 -0.380542 0.312065
v 1.187627 -0.332418 0.309085
v 1.261015 -0.277199 0.304341
v 1.269606 -0.209459 0.298773
v 1.250384 -0.139895 0.293484
v 1.277694 -0.074546 0.289521
v 1.259506 -0.009143 0.330717
v 1.299162 0.057497 0.335517
v 1.307989 0.124287 0.341994
v 1.271144 0.186396 0.348865
v 1.259965 0.250209 0.354768
v 1.210177 0.306901 0.358534
v 1.131862 0.354789 0.359418
v 1.141811 0.425060 0.357245
v 1.159636 0.504402 0.352444
v 1.138987 0.577260 0.345967
v 1.097175 0.646675 0.339097
v 1.037776 0.711866 0.333194
v 0.950949 0.763742 0.329427
v 0.884088 0.830729 0.328543
v 0.789982 0.879902 0.330717
v 0.689267 0.922672 0.335517
v 0.561883 0.930347 0.341994
v 0.433429 0.919800 0.348865
v 0.307689 0.886896 0.354768
v 0.206963 0.883524 0.358534
v 0.109209 0.870647 0.359418
v 0.016000 0.825935 0.357245
v -0.066021 0.783676 0.352444
v -0.130895 0.713879 0.345967
v -0.183055 0.651799 0.339097
v -0.234123 0.610301 0.333194
v -0.294128 0.589643 0.329427
v -0.385387 0.602245 0.328543
v -0.504038 0.627878 0.330717
v -0.596870 0.619010 0.335517
v -0.655132 0.582349 0.341994
v -0.729077 0.555483 0.348865
v -0.800889 0.525017 0.354768
v -0.854909 0.484329 0.358534
v -0.914477 0.444026 0.359418
v -0.974204 0.400756 0.357245
v -1.045158 0.356673 0.352444
v -1.116074 0.307663 0.345967
v -1.171542 0.251270 0.339097
v -1.291174 0.198779 0.333194
v -1.395944 0.136575 0.329427
v -1.433833 0.064680 0.328543
v -1.449597 -0.009143 0.330717
v -1.397599 -0.080779 0.335517
v -1.335855 -0.147185 0.341994
v -1.360693 -0.218861 0.348865
v -1.417131 -0.298318 0.354768
v -1.443826 -0.378475 0.358534
v -1.449512 -0.459137 0.359418
v -1.377961 -0.522474 0.357245
v -1.274043 -0.573707 0.352444
v -1.130670 -0.605198 0.345967
v -0.980546 -0.624826 0.339097
v -0.835028 -0.636096 0.333194
v -0.700404 -0.641959 0.329427
v -0.589088 -0.651854 0.328543
v -0.507521 -0.676461 0.330717
v -0.443896 -0.714501 0.335517
v -0.376160 -0.748441 0.341994
v -0.324323 -0.810323 0.348865
v -0.249681 -0.846940 0.354768
v -0.161817 -0.857234 0.358534
v -0.070596 -0.843829 0.359418
v 0.016000 -0.821812 0.357245
v 0.101631 -0.826581 0.352444
v 0.193501 -0.835948 0.345967
v 0.299924 -0.860134 0.339097
v 0.403031 -0.855441 0.333194
v 0.494355 -0.827009 0.329427
v 0.567888 -0.780262 0.328543
v 0.635457 -0.734176 0.330717
v 0.694011 -0.686130 0.335517
v 0.725660 -0.625328 0.341994
v 0.781265 -0.584889 0.348865
v 0.811178 -0.533007 0.354768
v 0.842763 -0.484621 0.358534
v 0.921937 -0.453760 0.359418
v 1.014456 -0.421477 0.357245
v 1.135750 -0.389381 0.352444
v 1.230846 -0.342552 0.345967
v 1.248124 -0.276584 0.339097
v 1.261636 -0.209885 0.333194
v 1.249006 -0.141075 0.329427
v 1.232674 -0.074036 0.328543
v 1.285903 -0.010286 0.381596
v 1.315056 0.057004 0.389284
v 1.344177 0.126005 0.396697
v 1.339116 0.193278 0.402365
v 1.328651 0.260003 0.405166
v 1.264224 0.316711 0.404546
v 1.167346 0.362486 0.400627
v 1.158259 0.428863 0.394186
v 1.183493 0.511646 0.386498
v 1.147216 0.579517 0.379085
v 1.118928 0.655858 0.373417
v 1.051869 0.718444 0.370615
v 0.975391 0.778145 0.371236
v 0.900748 0.841843 0.375154
v 0.817954 0.903116 0.381596
v 0.714580 0.947728 0.389284
v 0.587450 0.961427 0.396697
v 0.455076 0.952802 0.402365
v 0.320224 0.910971 0.405166
v 0.210978 0.890858 0.404546
v 0.111659 0.874210 0.400627
v 0.018000 0.844428 0.394186
v -0.066314 0.799733 0.386498
v -0.132231 0.725555 0.379085
v -0.187519 0.666573 0.373417
v -0.243575 0.629507 0.370615
v -0.307713 0.610102 0.371236
v -0.394628 0.614274 0.375154
v -0.524906 0.648162 0.381596
v -0.617870 0.636240 0.389284
v -0.685051 0.602744 0.396697
v -0.748453 0.567147 0.402365
v -0.802379 0.526513 0.405166
v -0.878144 0.494400 0.404546
v -0.939560 0.453184 0.400627
v -1.007752 0.410891 0.394186
v -1.099102 0.370001 0.386498
v -1.158888 0.316111 0.379085
v -1.228060 0.259843 0.373417
v -1.333533 0.203182 0.370615
v -1.416649 0.137428 0.371236
v -1.464037 0.064894 0.375154
v -1.456342 -0.010286 0.381596
v -1.422104 -0.083054 0.389284
v -1.374625 -0.151695 0.396697
v -1.402381 -0.225430 0.402365
v -1.437506 -0.303412 0.405166
v -1.498841 -0.391567 0.404546
v -1.496490 -0.472933 0.400627
v -1.422978 -0.538174 0.394186
v -1.314026 -0.590249 0.386498
v -1.160408 -0.620139 0.379085
v -0.983141 -0.629106 0.373417
v -0.850657 -0.648009 0.370615
v -0.721287 -0.658930 0.371236
v -0.613082 -0.673750 0.375154
v -0.543069 -0.712210 0.381596
v -0.466421 -0.743128 0.389284
v -0.396024 -0.779588 0.396697
v -0.333600 -0.831742 0.402365
v -0.253406 -0.862531 0.405166
v -0.163137 -0.871277 0.404546
v -0.068826 -0.848174 0.400627
v 0.018000 -0.831566 0.394186
v 0.105129 -0.839506 0.386498
v 0.200695 -0.856211 0.379085
v 0.310053 -0.880923 0.373417
v 0.421223 -0.884786 0.370615
v 0.520040 -0.860302 0.371236
v 0.598720 -0.813247 0.375154
v 0.659469 -0.755989 0.381596
v 0.708387 -0.697680 0.389284
v 0.738726 -0.634643 0.396697
v 0.788566 -0.589985 0.402365
v 0.838632 -0.547204 0.405166
v 0.874878 -0.498966 0.404546
v 0.966492 -0.470596 0.400627
v 1.051790 -0.433834 0.394186
v 1.179995 -0.401622 0.386498
v 1.277192 -0.353192 0.379085
v 1.298089 -0.285779 0.373417
v 1.310506 -0.216867 0.370615
v 1.270179 -0.143943 0.371236
v 1.258072 -0.076197 0.375154
v 1.318475 -0.011429 0.437016
v 1.369528 0.057964 0.443997
v 1.374227 0.127205 0.448582
v 1.375799 0.196445 0.449862
v 1.380275 0.267024 0.447585
v 1.299978 0.322749 0.442201
v 1.244551 0.380332 0.434777
v 1.210633 0.443133 0.426782
v 1.193963 0.514072 0.419801
v 1.165571 0.585732 0.415216
v 1.157115 0.672644 0.413936
v 1.092318 0.739329 0.416213
v 0.999947 0.792390 0.421597
v 0.925478 0.858755 0.429021
v 0.851155 0.930689 0.437016
v 0.740756 0.973410 0.443997
v 0.611070 0.989667 0.448582
v 0.471637 0.977060 0.449862
v 0.330416 0.929476 0.447585
v 0.215767 0.900486 0.442201
v 0.115860 0.889388 0.434777
v 0.020000 0.861835 0.426782
v -0.065832 0.810197 0.419801
v -0.136990 0.748537 0.415216
v -0.193722 0.684954 0.413936
v -0.250446 0.644163 0.416213
v -0.324610 0.634615 0.421597
v -0.417536 0.640561 0.429021
v -0.508665 0.635361 0.437016
v -0.614444 0.634933 0.443997
v -0.710571 0.620105 0.448582
v -0.765148 0.577130 0.449862
v -0.826850 0.538711 0.447585
v -0.891868 0.500409 0.442201
v -0.973870 0.465386 0.434777
v -1.070236 0.429408 0.426782
v -1.154742 0.383607 0.419801
v -1.213339 0.326773 0.415216
v -1.270862 0.266156 0.413936
v -1.361576 0.205841 0.416213
v -1.429154 0.137601 0.421597
v -1.487370 0.064819 0.429021
v -1.467741 -0.011429 0.437016
v -1.443176 -0.085175 0.443997
v -1.438132 -0.158067 0.448582
v -1.464504 -0.234317 0.449862
v -1.529231 -0.319671 0.447585
v -1.572667 -0.408331 0.442201
v -1.559107 -0.490460 0.434777
v -1.486983 -0.559342 0.426782
v -1.319806 -0.594721 0.419801
v -1.169117 -0.626338 0.415216
v -0.993706 -0.636975 0.413936
v -0.860451 -0.656497 0.416213
v -0.759623 -0.686858 0.421597
v -0.656138 -0.709685 0.429021
v -0.571149 -0.741076 0.437016
v -0.494251 -0.777096 0.443997
v -0.419447 -0.815067 0.448582
v -0.343099 -0.853211 0.449862
v -0.257938 -0.879605 0.447585
v -0.165053 -0.887012 0.442201
v -0.071626 -0.883365 0.434777
v 0.020000 -0.860623 0.426782
v 0.107823 -0.846639 0.419801
v 0.204312 -0.864044 0.415216
v 0.319349 -0.899559 0.413936
v 0.445603 -0.924112 0.416213
v 0.548814 -0.897359 0.421597
v 0.623674 -0.839746 0.429021
v 0.668961 -0.764712 0.437016
v 0.713278 -0.701896 0.443997
v 0.756948 -0.647049 0.448582
v 0.804853 -0.599825 0.449862
v 0.861484 -0.559023 0.447585
v 0.932203 -0.523403 0.442201
v 1.011327 -0.487357 0.434777
v 1.115620 -0.453854 0.426782
v 1.225197 -0.413960 0.419801
v 1.324670 -0.363939 0.415216
v 1.387341 -0.301071 0.413936
v 1.384114 -0.226661 0.416213
v 1.320434 -0.149001 0.421597
v 1.312083 -0.079430 0.429021
v 1.333502 -0.012571 0.490588
v 1.388235 0.057533 0.493715
v 1.411176 0.128892 0.493333
v 1.433294 0.201976 0.489516
v 1.429228 0.273540 0.483022
v 1.357395 0.333034 0.475136
v 1.275008 0.386557 0.467420
v 1.223844 0.445713 0.461402
v 1.179070 0.507511 0.458275
v 1.168303 0.585410 0.458658
v 1.162159 0.673527 0.462475
v 1.118456 0.752126 0.468969
v 1.022665 0.805233 0.476855
v 0.946190 0.872409 0.484571
v 0.872420 0.947430 0.490588
v 0.755477 0.986652 0.493715
v 0.625097 1.005116 0.493333
v 0.482750 0.991982 0.489516
v 0.341651 0.950001 0.483022
v 0.218801 0.903847 0.475136
v 0.117510 0.886850 0.467420
v 0.022000 0.864557 0.461402
v -0.066363 0.827269 0.458275
v -0.140076 0.765558 0.458658
v -0.203692 0.711491 0.462475
v -0.258710 0.660862 0.468969
v -0.337078 0.653107 0.476855
v -0.423065 0.648164 0.484571
v -0.525410 0.651531 0.490588
v -0.617393 0.638186 0.493715
v -0.716073 0.624427 0.493333
v -0.787078 0.589797 0.489516
v -0.850451 0.550306 0.483022
v -0.917379 0.511043 0.475136
v -0.999575 0.474422 0.467420
v -1.099958 0.438105 0.461402
v -1.193460 0.392912 0.458275
v -1.244007 0.332548 0.458658
v -1.309685 0.271747 0.462475
v -1.370060 0.206147 0.468969
v -1.444850 0.137972 0.476855
v -1.480617 0.063569 0.484571
v -1.486978 -0.012571 0.490588
v -1.488718 -0.088210 0.493715
v -1.478119 -0.162582 0.493333
v -1.494341 -0.239373 0.489516
v -1.571107 -0.327988 0.483022
v -1.599782 -0.415625 0.475136
v -1.594158 -0.501085 0.467420
v -1.509038 -0.567998 0.461402
v -1.342883 -0.605070 0.458275
v -1.170984 -0.629580 0.458658
v -0.995423 -0.640463 0.462475
v -0.866614 -0.662780 0.468969
v -0.774216 -0.699341 0.476855
v -0.673457 -0.726080 0.484571
v -0.591962 -0.763244 0.490588
v -0.510859 -0.798872 0.493715
v -0.429208 -0.832455 0.493333
v -0.349608 -0.869419 0.489516
v -0.259192 -0.889022 0.483022
v -0.164067 -0.892591 0.475136
v -0.071288 -0.896836 0.467420
v 0.022000 -0.882492 0.461402
v 0.111905 -0.862926 0.458275
v 0.213323 -0.889876 0.458658
v 0.331761 -0.924892 0.462475
v 0.456289 -0.940482 0.468969
v 0.563536 -0.915862 0.476855
v 0.644759 -0.861899 0.484571
v 0.686568 -0.780390 0.490588
v 0.720069 -0.707316 0.493715
v 0.751363 -0.643987 0.493333
v 0.814796 -0.605971 0.489516
v 0.880654 -0.568906 0.483022
v 0.965675 -0.537937 0.475136
v 1.047961 -0.501093 0.467420
v 1.165113 -0.469491 0.461402
v 1.247215 -0.420456 0.458275
v 1.345027 -0.369129 0.458658
v 1.416821 -0.306844 0.462475
v 1.393436 -0.228884 0.468969
v 1.339988 -0.151647 0.476855
v 1.326945 -0.081140 0.484571
v 1.352873 -0.013714 0.538163
v 1.407973 0.057118 0.536134
v 1.456388 0.131173 0.530943
v 1.468787 0.204878 0.523619
v 1.451790 0.275816 0.515612
v 1.370315 0.334296 0.508509
v 1.268721 0.383624 0.503715
v 1.193113 0.435197 0.502181
v 1.194813 0.511478 0.504211
v 1.188583 0.592078 0.509402
v 1.183578 0.681993 0.516726
v 1.129192 0.756238 0.524732
v 1.052561 0.822454 0.531836
v 0.965578 0.884830 0.536629
v 0.865393 0.938866 0.538163
v 0.756366 0.984937 0.536134
v 0.636097 1.016333 0.530943
v 0.489591 0.999525 0.523619
v 0.347657 0.958507 0.515612
v 0.224720 0.916678 0.508509
v 0.121111 0.897310 0.503715
v 0.024000 0.871575 0.502181
v -0.066877 0.843923 0.504211
v -0.149605 0.804139 0.509402
v -0.222828 0.758281 0.516726
v -0.276777 0.693542 0.524732
v -0.341874 0.661358 0.531836
v -0.430412 0.657459 0.536629
v -0.513650 0.642241 0.538163
v -0.618482 0.639831 0.536134
v -0.699586 0.614450 0.530943
v -0.769330 0.580410 0.523619
v -0.863343 0.556636 0.515612
v -0.943811 0.521876 0.508509
v -1.017836 0.480700 0.503715
v -1.121026 0.444098 0.502181
v -1.215230 0.397912 0.504211
v -1.258841 0.335033 0.509402
v -1.275995 0.265813 0.516726
v -1.332836 0.201050 0.524732
v -1.422008 0.135327 0.531836
v -1.498061 0.063222 0.536629
v -1.536455 -0.013714 0.538163
v -1.532099 -0.091140 0.536134
v -1.503460 -0.165926 0.530943
v -1.511330 -0.242869 0.523619
v -1.578635 -0.330810 0.515612
v -1.594424 -0.416308 0.508509
v -1.596359 -0.503512 0.503715
v -1.494246 -0.565651 0.502181
v -1.369659 -0.616562 0.504211
v -1.194722 -0.641574 0.509402
v -0.984522 -0.637785 0.516726
v -0.870904 -0.667830 0.524732
v -0.776969 -0.704016 0.531836
v -0.688100 -0.740228 0.536629
v -0.594858 -0.769290 0.538163
v -0.506189 -0.797788 0.536134
v -0.435802 -0.845429 0.530943
v -0.347107 -0.870394 0.523619
v -0.259520 -0.896055 0.515612
v -0.165633 -0.906512 0.508509
v -0.068074 -0.890384 0.503715
v 0.024000 -0.875224 0.502181
v 0.117200 -0.887197 0.504211
v 0.217118 -0.897736 0.509402
v 0.332081 -0.922875 0.516726
v 0.462804 -0.949679 0.524732
v 0.581603 -0.938474 0.531836
v 0.655040 -0.872349 0.536629
v 0.697685 -0.790098 0.538163
v 0.715292 -0.703851 0.536134
v 0.733687 -0.632970 0.530943
v 0.792144 -0.593965 0.523619
v 0.876898 -0.567729 0.515612
v 0.978648 -0.543939 0.508509
v 1.073611 -0.510838 0.503715
v 1.158635 -0.468461 0.502181
v 1.255417 -0.423418 0.504211
v 1.337747 -0.368661 0.509402
v 1.377484 -0.301674 0.516726
v 1.381386 -0.228543 0.524732
v 1.344143 -0.153059 0.531836
v 1.314706 -0.081789 0.536629
v 1.367760 -0.014857 0.578318
v 1.409341 0.055978 0.571977
v 1.464314 0.130539 0.564141
v 1.495891 0.206739 0.556360
v 1.450988 0.274329 0.550176
v 1.374909 0.333792 0.546813
v 1.254963 0.378741 0.546939
v 1.182002 0.430343 0.550527
v 1.180355 0.504778 0.556868
v 1.186794 0.589590 0.564705
v 1.181979 0.679365 0.572486
v 1.150972 0.766235 0.578670
v 1.069514 0.831163 0.582032
v 0.978081 0.891853 0.581907
v 0.872857 0.942875 0.578318
v 0.759356 0.985181 0.571977
v 0.631142 1.006486 0.564141
v 0.485507 0.988667 0.556360
v 0.343944 0.944946 0.550176
v 0.225251 0.910933 0.546813
v 0.120431 0.878268 0.546939
v 0.026000 0.862553 0.550527
v -0.064579 0.841107 0.556868
v -0.148946 0.807889 0.564705
v -0.221268 0.758457 0.572486
v -0.283601 0.707337 0.578670
v -0.338070 0.658167 0.582032
v -0.414411 0.641743 0.581907
v -0.494166 0.625894 0.578318
v -0.597863 0.624991 0.571977
v -0.695953 0.612510 0.564141
v -0.765807 0.578667 0.556360
v -0.852368 0.551464 0.550176
v -0.947823 0.523398 0.546813
v -1.029743 0.484603 0.546939
v -1.118841 0.443083 0.550527
v -1.206415 0.395254 0.556868
v -1.255673 0.333795 0.564705
v -1.283075 0.266215 0.572486
v -1.318401 0.198542 0.578670
v -1.408721 0.133371 0.582032
v -1.480487 0.061511 0.581907
v -1.530279 -0.014857 0.578318
v -1.566487 -0.093703 0.571977
v -1.534495 -0.169666 0.564141
v -1.534421 -0.247015 0.556360
v -1.566826 -0.330504 0.550176
v -1.578157 -0.414708 0.546813
v -1.570447 -0.498907 0.546939
v -1.484072 -0.564539 0.550527
v -1.346695 -0.610577 0.556868
v -1.182057 -0.638568 0.564705
v -0.979490 -0.637711 0.572486
v -0.859256 -0.663903 0.578670
v -0.776408 -0.706350 0.582032
v -0.692860 -0.746730 0.581907
v -0.603887 -0.780512 0.578318
v -0.503742 -0.798793 0.571977
v -0.423871 -0.833993 0.564141
v -0.337505 -0.859309 0.556360
v -0.250757 -0.882430 0.550176
v -0.161525 -0.900886 0.546813
v -0.065305 -0.886657 0.546939
v 0.026000 -0.881356 0.550527
v 0.120699 -0.898926 0.556868
v 0.222280 -0.909949 0.564705
v 0.337206 -0.931349 0.572486
v 0.464311 -0.950322 0.578670
v 0.582250 -0.938156 0.582032
v 0.661227 -0.878222 0.581907
v 0.687663 -0.780871 0.578318
v 0.700232 -0.692465 0.571977
v 0.727963 -0.629412 0.564141
v 0.798511 -0.597752 0.556360
v 0.892723 -0.575656 0.550176
v 0.991994 -0.549921 0.546813
v 1.087751 -0.516411 0.546939
v 1.172877 -0.473398 0.550527
v 1.249348 -0.422736 0.556868
v 1.316921 -0.365364 0.564705
v 1.353556 -0.298843 0.572486
v 1.351060 -0.226000 0.578670
v 1.327016 -0.152785 0.582032
v 1.316959 -0.082970 0.581907
v 1.372744 -0.016000 0.612753
v 1.421942 0.055247 0.604743
v 1.508248 0.132638 0.597524
v 1.538933 0.210400 0.592527
v 1.454571 0.273456 0.590741
v 1.343607 0.325993 0.592521
v 1.252947 0.376638 0.597513
v 1.175665 0.426772 0.604729
v 1.161181 0.496294 0.612740
v 1.162201 0.577649 0.619959
v 1.177376 0.675136 0.624956
v 1.155237 0.766391 0.626741
v 1.078146 0.834327 0.624962
v 0.982737 0.892762 0.619970
v 0.873262 0.940385 0.612753
v 0.749466 0.971488 0.604743
v 0.616982 0.984371 0.597524
v 0.472046 0.961982 0.592527
v 0.342596 0.936385 0.590741
v 0.224123 0.899262 0.592521
v 0.123287 0.883039 0.597513
v 0.028000 0.858377 0.604729
v -0.064820 0.855327 0.612740
v -0.151610 0.822635 0.619959
v -0.214342 0.746350 0.624956
v -0.269329 0.685926 0.626741
v -0.321963 0.638715 0.624962
v -0.389006 0.615819 0.619970
v -0.485289 0.618719 0.612753
v -0.594437 0.622833 0.604743
v -0.718271 0.627004 0.597524
v -0.803819 0.599614 0.592527
v -0.892973 0.570573 0.590741
v -0.967811 0.531262 0.592521
v -1.039423 0.487571 0.597513
v -1.132027 0.446459 0.604729
v -1.224739 0.399147 0.612740
v -1.256354 0.333218 0.619959
v -1.288593 0.266280 0.624956
v -1.319508 0.197779 0.626741
v -1.354972 0.128254 0.624962
v -1.437906 0.058819 0.619970
v -1.533772 -0.016000 0.612753
v -1.552523 -0.094393 0.604743
v -1.557213 -0.172724 0.597524
v -1.528781 -0.247749 0.592527
v -1.568904 -0.332310 0.590741
v -1.576519 -0.415948 0.592521
v -1.548265 -0.495111 0.597513
v -1.453905 -0.557403 0.604729
v -1.335297 -0.608482 0.612740
v -1.161833 -0.632324 0.619959
v -0.989766 -0.644721 0.624956
v -0.865595 -0.669690 0.626741
v -0.780681 -0.711569 0.624962
v -0.693241 -0.749719 0.619970
v -0.628853 -0.805593 0.612753
v -0.520039 -0.819425 0.604743
v -0.410643 -0.820586 0.597524
v -0.321167 -0.836769 0.592527
v -0.239873 -0.863756 0.590741
v -0.151572 -0.875139 0.592521
v -0.064483 -0.895912 0.597513
v 0.028000 -0.900714 0.604729
v 0.123144 -0.903177 0.612740
v 0.223039 -0.906956 0.619959
v 0.336210 -0.925850 0.624956
v 0.456016 -0.934472 0.626741
v 0.577185 -0.930161 0.624962
v 0.650382 -0.865792 0.619970
v 0.689370 -0.781811 0.612753
v 0.721244 -0.707914 0.604743
v 0.742389 -0.638571 0.597524
v 0.800034 -0.598681 0.592527
v 0.904637 -0.581547 0.590741
v 1.027589 -0.564801 0.592521
v 1.126339 -0.530344 0.597513
v 1.204524 -0.483327 0.604729
v 1.234943 -0.419875 0.612740
v 1.276476 -0.358021 0.619959
v 1.306649 -0.292298 0.624956
v 1.342355 -0.225912 0.626741
v 1.323018 -0.153478 0.624962
v 1.315506 -0.083986 0.619970
v 1.404456 -0.017143 0.645581
v 1.443718 0.054846 0.639237
v 1.525001 0.132602 0.635643
v 1.549866 0.210256 0.635511
v 1.454593 0.271945 0.638868
v 1.353635 0.326393 0.645048
v 1.258386 0.376262 0.652828
v 1.168646 0.422878 0.660666
v 1.158741 0.493502 0.667010
v 1.164917 0.576684 0.670604
v 1.190857 0.679311 0.670736
v 1.185219 0.780522 0.667379
v 1.103627 0.848080 0.661199
v 0.999883 0.902806 0.653419
v 0.883472 0.946330 0.645581
v 0.751663 0.970362 0.639237
v 0.615003 0.977844 0.635643
v 0.476448 0.964609 0.635511
v 0.351640 0.950800 0.638868
v 0.229676 0.909950 0.645048
v 0.127389 0.896016 0.652828
v 0.030000 0.878467 0.660666
v -0.064728 0.866987 0.667010
v -0.152920 0.832515 0.670604
v -0.220352 0.762954 0.670736
v -0.272199 0.692672 0.667379
v -0.319852 0.637256 0.661199
v -0.387732 0.615283 0.653419
v -0.487595 0.621232 0.645581
v -0.599907 0.627141 0.639237
v -0.719198 0.627595 0.635643
v -0.828891 0.613247 0.635511
v -0.910211 0.578423 0.638868
v -0.977380 0.534712 0.645048
v -1.061807 0.494811 0.652828
v -1.136367 0.447083 0.660666
v -1.209228 0.394586 0.667010
v -1.264065 0.333944 0.670604
v -1.291109 0.265785 0.670736
v -1.339402 0.199141 0.667379
v -1.353827 0.127144 0.661199
v -1.435991 0.057663 0.653419
v -1.546129 -0.017143 0.645581
v -1.592201 -0.097117 0.639237
v -1.579442 -0.175704 0.635643
v -1.571746 -0.254093 0.635511
v -1.590762 -0.337159 0.638868
v -1.571963 -0.416510 0.645048
v -1.515763 -0.488667 0.652828
v -1.454648 -0.559265 0.660666
v -1.339228 -0.611590 0.667010
v -1.184916 -0.643577 0.670604
v -1.022624 -0.662269 0.670736
v -0.883514 -0.681665 0.667379
v -0.788127 -0.718612 0.661199
v -0.709573 -0.764437 0.653419
v -0.625916 -0.805725 0.645581
v -0.529921 -0.832986 0.639237
v -0.413732 -0.828154 0.635643
v -0.319254 -0.837845 0.635511
v -0.239338 -0.867964 0.638868
v -0.151409 -0.882294 0.645048
v -0.064141 -0.908148 0.652828
v 0.030000 -0.916717 0.660666
v 0.128075 -0.924103 0.667010
v 0.232264 -0.932399 0.670604
v 0.340429 -0.931773 0.670736
v 0.461287 -0.940854 0.667379
v 0.571856 -0.921586 0.661199
v 0.650797 -0.865089 0.653419
v 0.702880 -0.792987 0.645581
v 0.732501 -0.715848 0.639237
v 0.740997 -0.637397 0.635643
v 0.824771 -0.612212 0.635511
v 0.937299 -0.597101 0.638868
v 1.050579 -0.574377 0.645048
v 1.145488 -0.537349 0.652828
v 1.209462 -0.485233 0.660666
v 1.251470 -0.424501 0.667010
v 1.282009 -0.359793 0.670604
v 1.311282 -0.293791 0.670736
v 1.318813 -0.224026 0.667379
v 1.351972 -0.156665 0.661199
v 1.372895 -0.087234 0.653419
v 1.455946 -0.018286 0.681610
v 1.476781 0.054857 0.679574
v 1.488518 0.128424 0.681102
v 1.496616 0.202566 0.685891
v 1.462456 0.271596 0.692992
v 1.386341 0.331251 0.700998
v 1.290413 0.382326 0.708325
v 1.214001 0.434317 0.713520
v 1.147645 0.487557 0.715555
v 1.168669 0.575989 0.714028
v 1.215116 0.688428 0.709239
v 1.204278 0.788448 0.702138
v 1.143561 0.870889 0.694132
v 1.030849 0.922986 0.686805
v 0.907001 0.963824 0.681610
v 0.765066 0.980871 0.679574
v 0.619375 0.979317 0.681102
v 0.480754 0.966795 0.685891
v 0.358016 0.958955 0.692992
v 0.239016 0.933191 0.700998
v 0.131332 0.907623 0.708325
v 0.032000 0.899470 0.713520
v -0.062834 0.866086 0.715555
v -0.151112 0.831558 0.714028
v -0.223751 0.773457 0.709239
v -0.278007 0.704042 0.702138
v -0.329541 0.650931 0.694132
v -0.396349 0.625024 0.686805
v -0.480198 0.614945 0.681610
v -0.601405 0.628271 0.679574
v -0.733221 0.636387 0.681102
v -0.840343 0.619195 0.685891
v -0.954487 0.598923 0.692992
v -1.017082 0.550279 0.700998
v -1.056974 0.492414 0.708325
v -1.127484 0.443665 0.713520
v -1.184491 0.387630 0.715555
v -1.254950 0.331188 0.714028
v -1.281139 0.263234 0.709239
v -1.318811 0.195715 0.702138
v -1.425038 0.131565 0.694132
v -1.493413 0.058759 0.686805
v -1.578272 -0.018286 0.681610
v -1.645608 -0.100346 0.679574
v -1.627472 -0.180630 0.681102
v -1.587554 -0.257212 0.685891
v -1.580146 -0.336812 0.692992
v -1.555316 -0.414556 0.700998
v -1.522684 -0.491821 0.708325
v -1.451596 -0.559886 0.713520
v -1.338572 -0.612963 0.715555
v -1.203734 -0.652939 0.714028
v -1.038426 -0.671558 0.709239
v -0.909611 -0.697957 0.702138
v -0.831684 -0.748593 0.694132
v -0.733052 -0.784289 0.686805
v -0.635285 -0.816510 0.681610
v -0.530540 -0.836458 0.679574
v -0.405703 -0.820972 0.681102
v -0.313029 -0.831496 0.685891
v -0.234370 -0.861959 0.692992
v -0.151668 -0.890589 0.700998
v -0.063883 -0.920665 0.708325
v 0.032000 -0.940813 0.713520
v 0.132508 -0.941359 0.715555
v 0.235353 -0.936768 0.714028
v 0.345871 -0.940177 0.709239
v 0.460397 -0.936783 0.702138
v 0.581064 -0.931712 0.694132
v 0.662752 -0.876412 0.686805
v 0.698535 -0.788146 0.681610
v 0.731494 -0.714387 0.679574
v 0.784359 -0.664715 0.681102
v 0.865189 -0.634198 0.685891
v 0.955677 -0.605707 0.692992
v 1.072506 -0.583356 0.700998
v 1.172393 -0.546903 0.708325
v 1.217457 -0.487901 0.713520
v 1.281032 -0.432211 0.715555
v 1.299035 -0.363765 0.714028
v 1.322143 -0.296180 0.709239
v 1.354190 -0.228948 0.702138
v 1.401271 -0.161375 0.694132
v 1.441452 -0.090889 0.686805
v 1.483546 -0.019429 0.724340
v 1.510041 0.054855 0.727461
v 1.496858 0.127660 0.733474
v 1.503779 0.201866 0.741189
v 1.464799 0.270302 0.749076
v 1.357202 0.323614 0.755574
v 1.302529 0.383384 0.759396
v 1.225210 0.435562 0.759784
v 1.152226 0.486941 0.756663
v 1.184740 0.580164 0.750650
v 1.239068 0.697233 0.742935
v 1.222453 0.795703 0.735048
v 1.145902 0.869403 0.728550
v 1.035159 0.922963 0.724728
v 0.893765 0.948533 0.724340
v 0.757914 0.969312 0.727461
v 0.605878 0.957253 0.733474
v 0.481737 0.963198 0.741189
v 0.363662 0.965189 0.749076
v 0.245978 0.948079 0.755574
v 0.135191 0.918366 0.759396
v 0.034000 0.902656 0.759784
v -0.062173 0.873316 0.756663
v -0.149234 0.830101 0.750650
v -0.220153 0.768038 0.742935
v -0.279443 0.707927 0.735048
v -0.322976 0.643212 0.728550
v -0.386560 0.615014 0.724728
v -0.478345 0.613361 0.724340
v -0.592038 0.621059 0.727461
v -0.742404 0.641888 0.733474
v -0.864174 0.631781 0.741189
v -0.969787 0.605509 0.749076
v -1.011501 0.547229 0.755574
v -1.070358 0.496215 0.759396
v -1.109210 0.437339 0.759784
v -1.175953 0.384539 0.756663
v -1.225273 0.324203 0.750650
v -1.273747 0.261004 0.742935
v -1.322248 0.195027 0.735048
v -1.424348 0.130403 0.728550
v -1.519096 0.058617 0.724728
v -1.595279 -0.019429 0.724340
v -1.656000 -0.101907 0.727461
v -1.619152 -0.181177 0.733474
v -1.598491 -0.259705 0.741189
v -1.550130 -0.333333 0.749076
v -1.528926 -0.410559 0.755574
v -1.509357 -0.489886 0.759396
v -1.464542 -0.565110 0.759784
v -1.351179 -0.618823 0.756663
v -1.222694 -0.662208 0.750650
v -1.051367 -0.679323 0.742935
v -0.912094 -0.701057 0.735048
v -0.818453 -0.741975 0.728550
v -0.728526 -0.782925 0.724728
v -0.624123 -0.808882 0.724340
v -0.522886 -0.830897 0.727461
v -0.405432 -0.823626 0.733474
v -0.309863 -0.829939 0.741189
v -0.231624 -0.860644 0.749076
v -0.151081 -0.895729 0.755574
v -0.062926 -0.928132 0.759396
v 0.034000 -0.958793 0.759784
v 0.136970 -0.958535 0.756663
v 0.238754 -0.941934 0.750650
v 0.346838 -0.938309 0.742935
v 0.455158 -0.925267 0.735048
v 0.568519 -0.913282 0.728550
v 0.662216 -0.874264 0.724728
v 0.704745 -0.792445 0.724340
v 0.741067 -0.720660 0.727461
v 0.795028 -0.670891 0.733474
v 0.871539 -0.637238 0.741189
v 0.948932 -0.602228 0.749076
v 1.067956 -0.581380 0.755574
v 1.165444 -0.544511 0.759396
v 1.222120 -0.489448 0.759784
v 1.279909 -0.432246 0.756663
v 1.287125 -0.361827 0.750650
v 1.287956 -0.291380 0.742935
v 1.340355 -0.228064 0.735048
v 1.438006 -0.165074 0.728550
v 1.478507 -0.093315 0.724728
v 1.446363 -0.020571 0.774504
v 1.458308 0.051577 0.781482
v 1.464963 0.123757 0.789476
v 1.448090 0.193778 0.796902
v 1.413221 0.260435 0.802291
v 1.328573 0.315992 0.804574
v 1.255741 0.369841 0.803299
v 1.174694 0.418475 0.798719
v 1.168087 0.490124 0.791741
v 1.185123 0.577798 0.783747
v 1.227246 0.688907 0.776321
v 1.215470 0.788918 0.770932
v 1.127441 0.854384 0.768649
v 1.002062 0.894679 0.769924
v 0.872027 0.925482 0.774504
v 0.721445 0.926388 0.781482
v 0.598403 0.942767 0.789476
v 0.482407 0.958811 0.796902
v 0.365127 0.961784 0.802291
v 0.247538 0.944369 0.804574
v 0.134685 0.899061 0.803299
v 0.036000 0.877427 0.798719
v -0.057106 0.850233 0.791741
v -0.141413 0.808233 0.783747
v -0.212108 0.752415 0.776321
v -0.260968 0.678587 0.770932
v -0.303718 0.618740 0.768649
v -0.368504 0.596018 0.769924
v -0.448073 0.586415 0.774504
v -0.589160 0.618518 0.781482
v -0.724737 0.629997 0.789476
v -0.849624 0.623049 0.796902
v -0.926246 0.584022 0.802291
v -0.981138 0.533918 0.804574
v -1.007904 0.473440 0.803299
v -1.052595 0.419564 0.798719
v -1.125133 0.370921 0.791741
v -1.195587 0.317113 0.783747
v -1.244851 0.255300 0.776321
v -1.325861 0.194296 0.770932
v -1.404673 0.127737 0.768649
v -1.480242 0.055982 0.769924
v -1.535471 -0.020571 0.774504
v -1.565752 -0.099593 0.781482
v -1.577734 -0.179134 0.789476
v -1.553648 -0.255635 0.796902
v -1.522099 -0.330095 0.802291
v -1.502260 -0.406418 0.804574
v -1.477444 -0.483275 0.803299
v -1.434591 -0.557557 0.798719
v -1.379344 -0.629974 0.791741
v -1.232540 -0.667615 0.783747
v -1.076155 -0.692542 0.776321
v -0.925163 -0.709807 0.770932
v -0.785579 -0.722569 0.768649
v -0.678079 -0.746920 0.769924
v -0.583243 -0.774712 0.774504
v -0.490950 -0.799315 0.781482
v -0.403260 -0.823543 0.789476
v -0.312479 -0.837690 0.796902
v -0.232317 -0.866754 0.802291
v -0.151832 -0.905124 0.804574
v -0.062387 -0.938173 0.803299
v 0.036000 -0.958352 0.798719
v 0.139758 -0.964026 0.791741
v 0.242734 -0.948803 0.783747
v 0.343173 -0.925823 0.776321
v 0.447703 -0.909843 0.770932
v 0.544807 -0.880085 0.768649
v 0.629443 -0.837688 0.769924
v 0.693076 -0.780712 0.774504
v 0.729546 -0.710927 0.781482
v 0.778375 -0.659372 0.789476
v 0.845444 -0.622229 0.796902
v 0.933807 -0.594605 0.802291
v 1.037514 -0.568693 0.804574
v 1.147965 -0.538300 0.803299
v 1.196591 -0.481952 0.798719
v 1.212543 -0.415857 0.791741
v 1.231521 -0.351021 0.783747
v 1.264527 -0.288193 0.776321
v 1.309220 -0.225098 0.770932
v 1.394375 -0.162540 0.768649
v 1.458091 -0.093519 0.769924
v 1.416778 -0.021714 0.829760
v 1.411409 0.048465 0.837688
v 1.419095 0.118740 0.844333
v 1.378670 0.184033 0.848379
v 1.343069 0.247568 0.849025
v 1.286352 0.305556 0.846142
v 1.221513 0.359288 0.840302
v 1.144044 0.407134 0.832661
v 1.138527 0.477349 0.824732
v 1.156306 0.563385 0.818087
v 1.188693 0.667744 0.814041
v 1.186215 0.769686 0.813396
v 1.084639 0.823570 0.816279
v 0.976883 0.872119 0.822119
v 0.839556 0.892698 0.829760
v 0.692443 0.891144 0.837688
v 0.576450 0.909170 0.844333
v 0.464113 0.922734 0.848379
v 0.356119 0.934650 0.849025
v 0.244369 0.924347 0.846142
v 0.133762 0.876637 0.840302
v 0.038000 0.841132 0.832661
v -0.049537 0.809822 0.824732
v -0.127388 0.765074 0.818087
v -0.191888 0.709284 0.814041
v -0.240813 0.646232 0.813396
v -0.283854 0.593258 0.816279
v -0.343434 0.569367 0.822119
v -0.427050 0.567457 0.829760
v -0.560041 0.596114 0.837688
v -0.702958 0.615288 0.844333
v -0.836512 0.614935 0.848379
v -0.901607 0.571334 0.849025
v -0.937380 0.514991 0.846142
v -0.939096 0.448306 0.840302
v -0.980850 0.397190 0.832661
v -1.069366 0.355967 0.824732
v -1.134207 0.303564 0.818087
v -1.219355 0.250049 0.814041
v -1.276929 0.187372 0.813396
v -1.357365 0.122900 0.816279
v -1.429584 0.052875 0.822119
v -1.481146 -0.021714 0.829760
v -1.526979 -0.099231 0.837688
v -1.514261 -0.175354 0.844333
v -1.490461 -0.249369 0.848379
v -1.449067 -0.319690 0.849025
v -1.428360 -0.392716 0.846142
v -1.413815 -0.468756 0.840302
v -1.385567 -0.544261 0.832661
v -1.331155 -0.614386 0.824732
v -1.214689 -0.661588 0.818087
v -1.044229 -0.678704 0.814041
v -0.893494 -0.693735 0.813396
v -0.733269 -0.690510 0.816279
v -0.640127 -0.720069 0.822119
v -0.546446 -0.743926 0.829760
v -0.465460 -0.774329 0.837688
v -0.381762 -0.798033 0.844333
v -0.292902 -0.808400 0.848379
v -0.222885 -0.849914 0.849025
v -0.141049 -0.875134 0.846142
v -0.056615 -0.912241 0.840302
v 0.038000 -0.933875 0.832661
v 0.136341 -0.926941 0.824732
v 0.236060 -0.919294 0.818087
v 0.331434 -0.895014 0.814041
v 0.428537 -0.874784 0.813396
v 0.521424 -0.847098 0.816279
v 0.612813 -0.818036 0.822119
v 0.675124 -0.763218 0.829760
v 0.726021 -0.706998 0.837688
v 0.763733 -0.648958 0.844333
v 0.823503 -0.609333 0.848379
v 0.893954 -0.575090 0.849025
v 0.992048 -0.549725 0.846142
v 1.080044 -0.514367 0.840302
v 1.129273 -0.461990 0.832661
v 1.171261 -0.405769 0.824732
v 1.175334 -0.339997 0.818087
v 1.225048 -0.282393 0.814041
v 1.280091 -0.222304 0.813396
v 1.365111 -0.161070 0.816279
v 1.429097 -0.093374 0.822119
v 1.376883 -0.022857 0.885668
v 1.347304 0.044674 0.891244
v 1.352676 0.112101 0.893772
v 1.315765 0.174993 0.892752
v 1.268562 0.233945 0.888386
v 1.236252 0.293456 0.881538
v 1.172490 0.344995 0.873564
v 1.116325 0.396546 0.866045
v 1.114040 0.466214 0.860469
v 1.125638 0.548074 0.857940
v 1.134618 0.639060 0.858961
v 1.124365 0.732324 0.863327
v 1.054911 0.800941 0.870175
v 0.930484 0.833440 0.878148
v 0.800031 0.853444 0.885668
v 0.670912 0.863587 0.891244
v 0.558038 0.879930 0.893772
v 0.451931 0.896519 0.892752
v 0.343716 0.899645 0.888386
v 0.240737 0.902481 0.881538
v 0.136928 0.881831 0.873564
v 0.040000 0.828955 0.866045
v -0.043058 0.776587 0.860469
v -0.111701 0.716027 0.857940
v -0.171538 0.665625 0.858961
v -0.221253 0.614634 0.863327
v -0.264921 0.568772 0.870175
v -0.319662 0.543889 0.878148
v -0.416554 0.557623 0.885668
v -0.548453 0.586666 0.891244
v -0.661705 0.587918 0.893772
v -0.788690 0.587529 0.892752
v -0.852953 0.547093 0.888386
v -0.870613 0.486531 0.881538
v -0.883716 0.427707 0.873564
v -0.908821 0.374603 0.866045
v -0.995084 0.336339 0.860469
v -1.089700 0.293300 0.857940
v -1.185338 0.243373 0.858961
v -1.265037 0.184708 0.863327
v -1.336918 0.120091 0.870175
v -1.388180 0.050102 0.878148
v -1.456267 -0.022857 0.885668
v -1.477159 -0.098426 0.891244
v -1.462697 -0.172454 0.893772
v -1.433016 -0.243718 0.892752
v -1.366786 -0.307757 0.888386
v -1.339980 -0.376025 0.881538
v -1.353229 -0.454887 0.873564
v -1.332993 -0.529804 0.866045
v -1.270633 -0.594374 0.860469
v -1.153643 -0.637811 0.857940
v -0.992422 -0.655278 0.858961
v -0.830856 -0.660428 0.863327
v -0.690073 -0.664099 0.870175
v -0.588575 -0.682811 0.878148
v -0.512943 -0.715829 0.885668
v -0.438460 -0.747499 0.891244
v -0.364449 -0.777719 0.893772
v -0.286295 -0.800336 0.892752
v -0.212477 -0.830620 0.888386
v -0.131561 -0.849260 0.881538
v -0.050067 -0.880746 0.873564
v 0.040000 -0.901818 0.866045
v 0.131174 -0.877656 0.860469
v 0.221391 -0.862420 0.857940
v 0.317755 -0.859620 0.858961
v 0.410107 -0.840717 0.863327
v 0.498527 -0.814526 0.870175
v 0.590239 -0.791869 0.878148
v 0.664269 -0.751810 0.885668
v 0.703841 -0.688896 0.891244
v 0.760200 -0.645486 0.893772
v 0.797235 -0.593883 0.892752
v 0.838705 -0.548111 0.888386
v 0.927450 -0.522804 0.881538
v 1.063757 -0.508283 0.873564
v 1.118876 -0.458695 0.866045
v 1.136133 -0.397080 0.860469
v 1.155826 -0.336231 0.857940
v 1.155284 -0.271737 0.858961
v 1.215462 -0.215307 0.863327
v 1.301261 -0.156895 0.870175
v 1.357028 -0.091558 0.878148
v 1.325792 -0.024000 0.937534
v 1.297535 0.041413 0.938435
v 1.308444 0.107135 0.935793
v 1.267321 0.167586 0.930132
v 1.227564 0.225535 0.922573
v 1.199151 0.283879 0.914612
v 1.138889 0.334400 0.907826
v 1.113235 0.393114 0.903560
v 1.106842 0.460979 0.902659
v 1.110474 0.538942 0.905301
v 1.118226 0.628091 0.910962
v 1.088788 0.709261 0.918521
v 1.021122 0.775520 0.926482
v 0.910730 0.814529 0.933268
v 0.780992 0.832102 0.937534
v 0.656457 0.843303 0.938435
v 0.551559 0.865982 0.935793
v 0.443368 0.876043 0.930132
v 0.343296 0.891208 0.922573
v 0.237551 0.881862 0.914612
v 0.136737 0.863860 0.907826
v 0.042000 0.813393 0.903560
v -0.036684 0.743809 0.902659
v -0.100150 0.680763 0.905301
v -0.155112 0.630517 0.910962
v -0.203021 0.585012 0.918521
v -0.261274 0.563980 0.926482
v -0.319423 0.543184 0.933268
v -0.412249 0.553076 0.937534
v -0.532480 0.573746 0.938435
v -0.636294 0.570525 0.935793
v -0.755281 0.567895 0.930132
v -0.819553 0.529926 0.922573
v -0.844386 0.474445 0.914612
v -0.843440 0.412231 0.907826
v -0.867596 0.360977 0.903560
v -0.955411 0.325116 0.902659
v -1.047615 0.283423 0.905301
v -1.175593 0.240445 0.910962
v -1.273581 0.184368 0.918521
v -1.314899 0.117121 0.926482
v -1.354919 0.047620 0.933268
v -1.405728 -0.024000 0.937534
v -1.417256 -0.097216 0.938435
v -1.402611 -0.168861 0.935793
v -1.377475 -0.238236 0.930132
v -1.336027 -0.303878 0.922573
v -1.322184 -0.373409 0.914612
v -1.307069 -0.444472 0.907826
v -1.305756 -0.522713 0.903560
v -1.254883 -0.589838 0.902659
v -1.143230 -0.634531 0.905301
v -0.972394 -0.646767 0.910962
v -0.795778 -0.642129 0.918521
v -0.660477 -0.646215 0.926482
v -0.556588 -0.660015 0.933268
v -0.484396 -0.691898 0.937534
v -0.414777 -0.723952 0.938435
v -0.348685 -0.759173 0.935793
v -0.278958 -0.790805 0.930132
v -0.204322 -0.816104 0.922573
v -0.125683 -0.835361 0.914612
v -0.045127 -0.859957 0.907826
v 0.042000 -0.878072 0.903560
v 0.130764 -0.860555 0.902659
v 0.217649 -0.842356 0.905301
v 0.311504 -0.840624 0.910962
v 0.397388 -0.815889 0.918521
v 0.486021 -0.795274 0.926482
v 0.571339 -0.769399 0.933268
v 0.652929 -0.739780 0.937534
v 0.696512 -0.681743 0.938435
v 0.736729 -0.629059 0.935793
v 0.772507 -0.579112 0.930132
v 0.808296 -0.532752 0.922573
v 0.885484 -0.504958 0.914612
v 0.998607 -0.485031 0.907826
v 1.090852 -0.450070 0.903560
v 1.128619 -0.395074 0.902659
v 1.157186 -0.336553 0.905301
v 1.143720 -0.270177 0.910962
v 1.191115 -0.212948 0.918521
v 1.275985 -0.155652 0.926482
v 1.325418 -0.091273 0.933268
v 1.350675 -0.025143 0.982367
v 1.330827 0.041315 0.978218
v 1.279027 0.103274 0.971507
v 1.243312 0.162977 0.963563
v 1.220688 0.222437 0.955958
v 1.214946 0.284830 0.950201
v 1.180566 0.342239 0.947429
v 1.149224 0.401104 0.948194
v 1.119831 0.462654 0.952343
v 1.101499 0.532194 0.959054
v 1.090166 0.611434 0.966998
v 1.083413 0.702665 0.974602
v 1.024663 0.773838 0.980360
v 0.932585 0.826609 0.983131
v 0.793712 0.838657 0.982367
v 0.658684 0.840491 0.978218
v 0.551816 0.860558 0.971507
v 0.450478 0.881281 0.963563
v 0.343056 0.882916 0.955958
v 0.239609 0.878762 0.950201
v 0.137225 0.850258 0.947429
v 0.044000 0.792078 0.948194
v -0.034554 0.739726 0.952343
v -0.101192 0.687955 0.959054
v -0.153146 0.627558 0.966998
v -0.207244 0.592379 0.974602
v -0.260522 0.562748 0.980360
v -0.329279 0.552994 0.983131
v -0.422000 0.560783 0.982367
v -0.533176 0.573141 0.978218
v -0.652300 0.579504 0.971507
v -0.770087 0.574653 0.963563
v -0.819199 0.528273 0.955958
v -0.834837 0.469007 0.950201
v -0.833588 0.407219 0.947429
v -0.846002 0.353017 0.948194
v -0.947622 0.321629 0.952343
v -1.077885 0.287965 0.959054
v -1.143965 0.233987 0.966998
v -1.257042 0.181041 0.974602
v -1.325696 0.116639 0.980360
v -1.347005 0.046090 0.983131
v -1.349369 -0.025143 0.982367
v -1.365637 -0.096305 0.978218
v -1.378679 -0.168016 0.971507
v -1.377737 -0.239211 0.963563
v -1.327832 -0.303488 0.955958
v -1.336247 -0.377101 0.950201
v -1.326629 -0.450136 0.947429
v -1.326771 -0.529750 0.948194
v -1.228580 -0.581500 0.952343
v -1.132987 -0.631183 0.959054
v -0.983762 -0.652992 0.966998
v -0.804449 -0.647759 0.974602
v -0.635279 -0.630963 0.980360
v -0.533679 -0.643820 0.983131
v -0.468314 -0.678782 0.982367
v -0.415747 -0.726337 0.978218
v -0.346111 -0.757559 0.971507
v -0.282043 -0.798287 0.963563
v -0.205517 -0.822266 0.955958
v -0.123795 -0.834728 0.950201
v -0.042723 -0.856197 0.947429
v 0.044000 -0.868548 0.948194
v 0.134146 -0.869074 0.952343
v 0.222418 -0.850911 0.959054
v 0.304105 -0.818830 0.966998
v 0.390715 -0.800859 0.974602
v 0.494324 -0.802911 0.980360
v 0.589477 -0.786040 0.983131
v 0.656581 -0.740832 0.982367
v 0.711328 -0.691010 0.978218
v 0.754379 -0.638813 0.971507
v 0.766022 -0.574226 0.963563
v 0.822790 -0.538529 0.955958
v 0.895406 -0.508112 0.950201
v 0.984249 -0.479340 0.947429
v 1.062630 -0.441259 0.948194
v 1.128946 -0.394885 0.952343
v 1.152867 -0.335639 0.959054
v 1.182239 -0.276433 0.966998
v 1.234170 -0.218393 0.974602
v 1.270584 -0.155900 0.980360
v 1.327029 -0.092240 0.983131
v 1.365999 -0.026286 1.020124
v 1.335811 0.040114 1.012653
v 1.274014 0.101257 1.004667
v 1.241860 0.160948 0.997749
v 1.255074 0.225777 0.993268
v 1.241785 0.287917 0.992111
v 1.219944 0.349416 0.994508
v 1.181456 0.407878 0.999985
v 1.142195 0.467474 1.007456
v 1.120335 0.536646 1.015441
v 1.112370 0.618463 1.022359
v 1.077447 0.695576 1.026841
v 1.035260 0.776495 1.027997
v 0.939353 0.827177 1.025600
v 0.813337 0.851109 1.020124
v 0.679003 0.856650 1.012653
v 0.568801 0.876679 1.004667
v 0.458292 0.887434 0.997749
v 0.351321 0.893410 0.993268
v 0.247098 0.893817 0.992111
v 0.141567 0.862684 0.994508
v 0.046000 0.802103 0.999985
v -0.033369 0.741847 1.007456
v -0.101730 0.693205 1.015441
v -0.156548 0.636390 1.022359
v -0.214886 0.605192 1.026841
v -0.276200 0.582708 1.027997
v -0.343090 0.566806 1.025600
v -0.441131 0.576606 1.020124
v -0.547293 0.582418 1.012653
v -0.656205 0.580557 1.004667
v -0.763552 0.569494 0.997749
v -0.828242 0.530922 0.993268
v -0.857161 0.476414 0.992111
v -0.835322 0.406107 0.994508
v -0.869484 0.358234 0.999985
v -0.983194 0.328703 1.007456
v -1.110000 0.292782 1.015441
v -1.187826 0.239354 1.022359
v -1.293763 0.183869 1.026841
v -1.375649 0.119134 1.027997
v -1.380150 0.046113 1.025600
v -1.364019 -0.026286 1.020124
v -1.359068 -0.097100 1.012653
v -1.382197 -0.169250 1.004667
v -1.383361 -0.240759 0.997749
v -1.372938 -0.311435 0.993268
v -1.364379 -0.383535 0.992111
v -1.367593 -0.460975 0.994508
v -1.345041 -0.535870 0.999985
v -1.246529 -0.588462 1.007456
v -1.139585 -0.634563 1.015441
v -1.001595 -0.662130 1.022359
v -0.817355 -0.655554 1.026841
v -0.642580 -0.636356 1.027997
v -0.538630 -0.648311 1.025600
v -0.481036 -0.690949 1.020124
v -0.423681 -0.735883 1.012653
v -0.363418 -0.781593 1.004667
v -0.289116 -0.812126 0.997749
v -0.215099 -0.846954 0.993268
v -0.125751 -0.846873 0.992111
v -0.041670 -0.861394 0.994508
v 0.046000 -0.872035 0.999985
v 0.136720 -0.871833 1.007456
v 0.229086 -0.865668 1.015441
v 0.312645 -0.832497 1.022359
v 0.408809 -0.826649 1.026841
v 0.513961 -0.825102 1.027997
v 0.606918 -0.801744 1.025600
v 0.680480 -0.759621 1.020124
v 0.739195 -0.709882 1.012653
v 0.778661 -0.652647 1.004667
v 0.788158 -0.584941 0.997749
v 0.828969 -0.540208 0.993268
v 0.899519 -0.508752 0.992111
v 0.985540 -0.478966 0.994508
v 1.089543 -0.448594 0.999985
v 1.161892 -0.402614 1.007456
v 1.221201 -0.349205 1.015441
v 1.237243 -0.285212 1.022359
v 1.265901 -0.222458 1.026841
v 1.301743 -0.158925 1.027997
v 1.331304 -0.093290 1.025600
v 1.360338 -0.027429 1.053726
v 1.340272 0.038875 1.046044
v 1.342596 0.104874 1.040111
v 1.311066 0.167110 1.037100
v 1.273686 0.226564 1.037608
v 1.280789 0.293363 1.041534
v 1.255352 0.355524 1.048101
v 1.234593 0.420714 1.056009
v 1.175533 0.475998 1.063690
v 1.137758 0.540388 1.069624
v 1.119634 0.618258 1.072635
v 1.086141 0.696398 1.072126
v 1.043267 0.777310 1.068200
v 0.952582 0.832393 1.061633
v 0.831548 0.862097 1.053726
v 0.708170 0.881975 1.046044
v 0.580612 0.885822 1.040111
v 0.471947 0.903019 1.037100
v 0.365445 0.916771 1.037608
v 0.254848 0.909502 1.041534
v 0.144701 0.866617 1.048101
v 0.048000 0.808463 1.056009
v -0.032100 0.743147 1.063690
v -0.098620 0.685848 1.069624
v -0.154418 0.632614 1.072635
v -0.220107 0.613782 1.072126
v -0.294716 0.606159 1.068200
v -0.371428 0.595843 1.061633
v -0.450891 0.583950 1.053726
v -0.549246 0.582401 1.046044
v -0.656546 0.579156 1.040111
v -0.758939 0.565232 1.037100
v -0.825976 0.528055 1.037608
v -0.882107 0.484746 1.041534
v -0.871487 0.416859 1.048101
v -0.905799 0.367116 1.056009
v -1.014711 0.334670 1.063690
v -1.118624 0.292793 1.069624
v -1.269123 0.250546 1.072635
v -1.353877 0.189369 1.072126
v -1.366809 0.117062 1.068200
v -1.363376 0.044205 1.061633
v -1.360839 -0.027429 1.053726
v -1.365661 -0.098382 1.046044
v -1.393348 -0.171037 1.040111
v -1.413968 -0.245171 1.037100
v -1.415508 -0.318916 1.037608
v -1.392536 -0.389894 1.041534
v -1.400161 -0.469654 1.048101
v -1.359825 -0.540855 1.056009
v -1.261772 -0.594360 1.063690
v -1.155154 -0.641465 1.069624
v -1.003255 -0.663451 1.072635
v -0.816559 -0.655638 1.072126
v -0.665027 -0.651276 1.068200
v -0.557420 -0.662979 1.061633
v -0.501936 -0.710144 1.053726
v -0.447527 -0.762091 1.046044
v -0.381472 -0.806361 1.040111
v -0.303413 -0.837689 1.037100
v -0.218622 -0.857819 1.037608
v -0.126419 -0.854393 1.041534
v -0.039424 -0.858200 1.048101
v 0.048000 -0.863445 1.056009
v 0.136730 -0.856860 1.063690
v 0.228154 -0.854418 1.069624
v 0.326526 -0.857901 1.072635
v 0.428649 -0.855120 1.072126
v 0.516933 -0.825387 1.068200
v 0.613084 -0.805290 1.061633
v 0.715558 -0.788124 1.053726
v 0.769970 -0.730759 1.046044
v 0.810442 -0.671120 1.040111
v 0.819101 -0.600348 1.037100
v 0.835083 -0.541704 1.037608
v 0.893057 -0.504937 1.041534
v 0.994930 -0.481279 1.048101
v 1.100627 -0.451136 1.056009
v 1.200729 -0.411684 1.063690
v 1.251474 -0.355042 1.069624
v 1.282883 -0.292437 1.072635
v 1.300485 -0.226798 1.072126
v 1.311399 -0.160255 1.068200
v 1.364634 -0.095433 1.061633
v 1.350901 -0.028571 1.087840
v 1.358790 0.038156 1.083148
v 1.370073 0.105290 1.081738
v 1.356421 0.170440 1.083888
v 1.303946 0.229123 1.089174
v 1.293452 0.293448 1.096548
v 1.276413 0.358009 1.104550
v 1.238513 0.418923 1.111595
v 1.192808 0.478808 1.116287
v 1.138141 0.537053 1.117697
v 1.109223 0.609524 1.115547
v 1.079495 0.688607 1.110261
v 1.036091 0.768217 1.102887
v 0.966590 0.837999 1.094885
v 0.849491 0.872639 1.087840
v 0.718840 0.887445 1.083148
v 0.596822 0.900462 1.081738
v 0.479153 0.907675 1.083888
v 0.368065 0.914123 1.089174
v 0.257992 0.909317 1.096548
v 0.146105 0.858496 1.104550
v 0.050000 0.803197 1.111595
v -0.030013 0.738628 1.116287
v -0.097495 0.684993 1.117697
v -0.158720 0.643020 1.115547
v -0.229527 0.629119 1.110261
v -0.303326 0.616511 1.102887
v -0.388115 0.612324 1.094885
v -0.470762 0.600064 1.087840
v -0.552035 0.582838 1.083148
v -0.649539 0.572882 1.081738
v -0.751762 0.559400 1.083888
v -0.839988 0.532757 1.089174
v -0.879302 0.481625 1.096548
v -0.902779 0.425781 1.104550
v -0.943757 0.376362 1.111595
v -1.042838 0.339696 1.116287
v -1.139882 0.295246 1.117697
v -1.278000 0.250246 1.115547
v -1.380142 0.190863 1.110261
v -1.369505 0.115841 1.102887
v -1.365660 0.043008 1.094885
v -1.356269 -0.028571 1.087840
v -1.353874 -0.098941 1.083148
v -1.390461 -0.171707 1.081738
v -1.440022 -0.249001 1.083888
v -1.435693 -0.322803 1.089174
v -1.442759 -0.400601 1.096548
v -1.427160 -0.476871 1.104550
v -1.365151 -0.542944 1.111595
v -1.270431 -0.597847 1.116287
v -1.147490 -0.638766 1.117697
v -0.993811 -0.659358 1.115547
v -0.827891 -0.662240 1.110261
v -0.681155 -0.661968 1.102887
v -0.575862 -0.677194 1.094885
v -0.505587 -0.713860 1.087840
v -0.456717 -0.772521 1.083148
v -0.393278 -0.822759 1.081738
v -0.312803 -0.854877 1.083888
v -0.215974 -0.854615 1.089174
v -0.123375 -0.849074 1.096548
v -0.037996 -0.860338 1.104550
v 0.050000 -0.859786 1.111595
v 0.138594 -0.854293 1.116287
v 0.235398 -0.870665 1.117697
v 0.335864 -0.872912 1.115547
v 0.436295 -0.863175 1.110261
v 0.535646 -0.845973 1.102887
v 0.628159 -0.818100 1.094885
v 0.727160 -0.795661 1.087840
v 0.776479 -0.733272 1.083148
v 0.815708 -0.672433 1.081738
v 0.816336 -0.597028 1.083888
v 0.831447 -0.538425 1.089174
v 0.904822 -0.508410 1.096548
v 1.001099 -0.482338 1.104550
v 1.126882 -0.458034 1.111595
v 1.239219 -0.420562 1.116287
v 1.290392 -0.362521 1.117697
v 1.305644 -0.295981 1.115547
v 1.316715 -0.228941 1.110261
v 1.331807 -0.162376 1.102887
v 1.341322 -0.095389 1.094885
v 1.348320 -0.029714 1.126938
v 1.364530 0.036931 1.127189
v 1.364818 0.103150 1.130889
v 1.349841 0.167661 1.137306
v 1.324639 0.230110 1.145168
v 1.312019 0.294640 1.152918
v 1.298645 0.360692 1.159021
v 1.242054 0.416916 1.162269
v 1.191562 0.475047 1.162018
v 1.135993 0.532556 1.158318
v 1.087285 0.595179 1.151901
v 1.060598 0.673909 1.144039
v 1.013132 0.748832 1.136289
v 0.956980 0.825708 1.130186
v 0.863291 0.879306 1.126938
v 0.738248 0.901968 1.127189
v 0.597590 0.894758 1.130889
v 0.474842 0.893008 1.137306
v 0.362302 0.892457 1.145168
v 0.252146 0.878401 1.152918
v 0.146216 0.841318 1.159021
v 0.052000 0.798867 1.162269
v -0.028633 0.738696 1.162018
v -0.096740 0.685165 1.158318
v -0.162402 0.651817 1.151901
v -0.236851 0.640777 1.144039
v -0.305504 0.618290 1.136289
v -0.382436 0.604880 1.130186
v -0.461588 0.590287 1.126938
v -0.531783 0.565832 1.127189
v -0.636176 0.562370 1.130889
v -0.731739 0.546336 1.137306
v -0.801898 0.512601 1.145168
v -0.874010 0.477350 1.152918
v -0.927891 0.432419 1.159021
v -0.985817 0.386699 1.162269
v -1.058217 0.341478 1.162018
v -1.159749 0.297330 1.158318
v -1.251226 0.244251 1.151901
v -1.343746 0.184991 1.144039
v -1.355832 0.113321 1.136289
v -1.341875 0.040795 1.130186
v -1.310801 -0.029714 1.126938
v -1.317027 -0.098523 1.127189
v -1.374585 -0.171343 1.130889
v -1.424544 -0.247937 1.137306
v -1.446436 -0.325137 1.145168
v -1.430806 -0.398758 1.152918
v -1.397708 -0.470102 1.159021
v -1.324041 -0.531228 1.162269
v -1.232917 -0.585127 1.162018
v -1.118116 -0.627088 1.158318
v -0.974201 -0.650300 1.151901
v -0.810336 -0.652769 1.144039
v -0.659985 -0.648579 1.136289
v -0.554280 -0.661212 1.130186
v -0.497536 -0.707011 1.126938
v -0.451003 -0.766914 1.127189
v -0.381062 -0.807644 1.130889
v -0.307510 -0.847497 1.137306
v -0.219677 -0.865390 1.145168
v -0.119323 -0.840089 1.152918
v -0.031181 -0.825483 1.159021
v 0.052000 -0.833367 1.162269
v 0.140970 -0.854985 1.162018
v 0.237940 -0.870738 1.158318
v 0.344651 -0.886472 1.151901
v 0.448696 -0.878903 1.144039
v 0.537015 -0.843774 1.136289
v 0.629294 -0.815929 1.130186
v 0.708928 -0.776610 1.126938
v 0.763615 -0.721091 1.127189
v 0.776199 -0.644887 1.130889
v 0.777972 -0.573943 1.137306
v 0.834696 -0.538263 1.145168
v 0.903078 -0.506236 1.152918
v 1.031613 -0.491751 1.159021
v 1.156316 -0.465750 1.162269
v 1.247105 -0.421801 1.162018
v 1.306543 -0.365343 1.158318
v 1.296690 -0.294451 1.151901
v 1.301631 -0.227374 1.144039
v 1.306107 -0.160907 1.136289
v 1.333030 -0.095901 1.130186
v 1.322507 -0.030857 1.173428
v 1.354928 0.035100 1.178518
v 1.365878 0.101463 1.185788
v 1.329903 0.163275 1.193798
v 1.298040 0.223578 1.200961
v 1.273431 0.284290 1.205859
v 1.256578 0.347460 1.207522
v 1.212638 0.405083 1.205620
v 1.167599 0.463255 1.200531
v 1.103232 0.515453 1.193261
v 1.071158 0.583448 1.185251
v 1.044920 0.660826 1.178088
v 1.003653 0.737914 1.173189
v 0.949565 0.814874 1.171526
v 0.861365 0.871849 1.173428
v 0.733863 0.891024 1.178518
v 0.587291 0.874417 1.185788
v 0.465865 0.870372 1.193798
v 0.350817 0.857734 1.200961
v 0.247116 0.850005 1.205859
v 0.145787 0.820211 1.207522
v 0.054000 0.775931 1.205620
v -0.025237 0.724777 1.200531
v -0.093588 0.676982 1.193261
v -0.158206 0.642761 1.185251
v -0.224393 0.619450 1.178088
v -0.291969 0.599411 1.173189
v -0.367595 0.587528 1.171526
v -0.436405 0.566161 1.173428
v -0.511245 0.548443 1.178518
v -0.610318 0.543690 1.185788
v -0.696912 0.524963 1.193798
v -0.787254 0.503419 1.200961
v -0.862514 0.470408 1.205859
v -0.931729 0.431516 1.207522
v -0.966526 0.378815 1.205620
v -1.030408 0.332526 1.200531
v -1.106634 0.284685 1.193261
v -1.222125 0.237816 1.185251
v -1.297549 0.177920 1.178088
v -1.308526 0.108174 1.173189
v -1.306604 0.038123 1.171526
v -1.292815 -0.030857 1.173428
v -1.278332 -0.098017 1.178518
v -1.331847 -0.168875 1.185788
v -1.390037 -0.244603 1.193798
v -1.417551 -0.321161 1.200961
v -1.410194 -0.395103 1.205859
v -1.373092 -0.464435 1.207522
v -1.281621 -0.519023 1.205620
v -1.195057 -0.572172 1.200531
v -1.078481 -0.611099 1.193261
v -0.936957 -0.632737 1.185251
v -0.786766 -0.639828 1.178088
v -0.652081 -0.643520 1.173189
v -0.559799 -0.665358 1.171526
v -0.493427 -0.703448 1.173428
v -0.442996 -0.758655 1.178518
v -0.376557 -0.802342 1.185788
v -0.292135 -0.823174 1.193798
v -0.206991 -0.839222 1.200961
v -0.113600 -0.825194 1.205859
v -0.027278 -0.810247 1.207522
v 0.054000 -0.808848 1.205620
v 0.140417 -0.835462 1.200531
v 0.237030 -0.858881 1.193261
v 0.347629 -0.886807 1.185251
v 0.445621 -0.868781 1.178088
v 0.532843 -0.834166 1.173189
v 0.612361 -0.794396 1.171526
v 0.675877 -0.744263 1.173428
v 0.727970 -0.691664 1.178518
v 0.742680 -0.621018 1.185788
v 0.762858 -0.563512 1.193798
v 0.814800 -0.526978 1.200961
v 0.886663 -0.497945 1.205859
v 1.021937 -0.487030 1.207522
v 1.145684 -0.461527 1.205620
v 1.241689 -0.419662 1.200531
v 1.280666 -0.359645 1.193261
v 1.278118 -0.291331 1.185251
v 1.250749 -0.221576 1.178088
v 1.241819 -0.156429 1.173189
v 1.273668 -0.094439 1.171526
v 1.273973 -0.032000 1.226656
v 1.324848 0.032468 1.234465
v 1.338722 0.097568 1.242276
v 1.323859 0.160461 1.248543
v 1.300925 0.221632 1.252024
v 1.257141 0.278337 1.252030
v 1.182295 0.326210 1.248560
v 1.156604 0.385294 1.242301
v 1.100609 0.436357 1.234492
v 1.048630 0.489320 1.226681
v 1.020146 0.555031 1.220414
v 0.992348 0.627264 1.216933
v 0.991838 0.725328 1.216927
v 0.927977 0.793228 1.220397
v 0.828829 0.837093 1.226656
v 0.709902 0.859089 1.234465
v 0.577962 0.855111 1.242276
v 0.452402 0.840070 1.248543
v 0.337358 0.818352 1.252024
v 0.237171 0.804703 1.252030
v 0.146410 0.806039 1.248560
v 0.056000 0.769137 1.242301
v -0.022149 0.712739 1.234492
v -0.087689 0.659265 1.226681
v -0.148019 0.620076 1.220414
v -0.212047 0.598109 1.216933
v -0.284132 0.587760 1.216927
v -0.347838 0.564775 1.220397
v -0.421822 0.551245 1.226656
v -0.488489 0.529224 1.234465
v -0.585188 0.525317 1.242276
v -0.676265 0.511250 1.248543
v -0.757596 0.486971 1.252024
v -0.841414 0.459415 1.252030
v -0.918677 0.424599 1.248560
v -0.958436 0.374120 1.242301
v -1.000796 0.323027 1.234492
v -1.064676 0.274189 1.226681
v -1.143970 0.223576 1.220414
v -1.233397 0.168701 1.216933
v -1.282409 0.104622 1.216927
v -1.275022 0.035574 1.220397
v -1.269007 -0.032000 1.226656
v -1.264505 -0.098446 1.234465
v -1.305905 -0.167668 1.242276
v -1.357185 -0.241415 1.248543
v -1.412912 -0.320945 1.252024
v -1.427803 -0.399039 1.252030
v -1.340663 -0.456758 1.248560
v -1.234398 -0.505300 1.242301
v -1.148283 -0.555998 1.234492
v -1.015146 -0.585324 1.226681
v -0.920305 -0.624797 1.220414
v -0.784861 -0.638665 1.216933
v -0.658444 -0.647433 1.216927
v -0.562194 -0.666977 1.220397
v -0.470227 -0.682784 1.226656
v -0.418214 -0.732380 1.234465
v -0.365072 -0.787724 1.242276
v -0.285580 -0.813231 1.248543
v -0.197855 -0.820766 1.252024
v -0.106841 -0.806544 1.252030
v -0.023868 -0.798138 1.248560
v 0.056000 -0.802426 1.242301
v 0.139323 -0.812023 1.234492
v 0.236097 -0.846725 1.226681
v 0.344514 -0.873288 1.220414
v 0.447652 -0.866919 1.216933
v 0.525691 -0.820484 1.216927
v 0.595283 -0.772527 1.220397
v 0.647230 -0.715642 1.226656
v 0.692136 -0.661929 1.234465
v 0.737291 -0.615020 1.242276
v 0.763377 -0.561540 1.248543
v 0.790201 -0.513319 1.252024
v 0.860225 -0.485432 1.252030
v 1.004942 -0.479631 1.248560
v 1.124519 -0.454079 1.242301
v 1.205104 -0.409748 1.234492
v 1.246465 -0.352188 1.226681
v 1.243714 -0.285644 1.220414
v 1.209946 -0.216899 1.216933
v 1.194831 -0.153247 1.216927
v 1.206609 -0.092664 1.220397
v 1.253097 -0.033143 1.283174
v 1.323679 0.030925 1.290449
v 1.349082 0.096531 1.295548
v 1.328677 0.158867 1.297462
v 1.292700 0.217872 1.295811
v 1.218385 0.267804 1.290922
v 1.151111 0.315481 1.283764
v 1.106217 0.367072 1.275755
v 1.066663 0.420860 1.268480
v 1.041285 0.482324 1.263381
v 1.013703 0.547611 1.261467
v 0.978587 0.614927 1.263118
v 0.970840 0.706686 1.268007
v 0.926282 0.786311 1.275165
v 0.822200 0.825073 1.283174
v 0.702273 0.844275 1.290449
v 0.566117 0.832307 1.295548
v 0.441756 0.814202 1.297462
v 0.330569 0.793671 1.295811
v 0.233908 0.781820 1.290922
v 0.145387 0.780396 1.283764
v 0.058000 0.760540 1.275755
v -0.020412 0.709678 1.268480
v -0.087801 0.661710 1.263381
v -0.143176 0.609148 1.261467
v -0.202201 0.580708 1.263118
v -0.271620 0.569831 1.268007
v -0.341662 0.556255 1.275165
v -0.407190 0.536113 1.283174
v -0.469962 0.513012 1.290449
v -0.554589 0.503281 1.295548
v -0.649172 0.493834 1.297462
v -0.744283 0.478132 1.295811
v -0.842882 0.457486 1.290922
v -0.905731 0.417594 1.283764
v -0.940741 0.366476 1.275755
v -0.975504 0.314489 1.268480
v -1.040884 0.267249 1.263381
v -1.096716 0.214136 1.261467
v -1.175423 0.160147 1.263118
v -1.238455 0.099660 1.268007
v -1.251554 0.033318 1.275165
v -1.253344 -0.033143 1.283174
v -1.254252 -0.098995 1.290449
v -1.294175 -0.167523 1.295548
v -1.331565 -0.239022 1.297462
v -1.389408 -0.317693 1.295811
v -1.378242 -0.389425 1.290922
v -1.292740 -0.445179 1.283764
v -1.192949 -0.493182 1.275755
v -1.102227 -0.539961 1.268480
v -0.982391 -0.571887 1.263381
v -0.889007 -0.609773 1.261467
v -0.773989 -0.632408 1.263118
v -0.662660 -0.649802 1.268007
v -0.560590 -0.665412 1.275165
v -0.468438 -0.680875 1.283174
v -0.399576 -0.712413 1.290449
v -0.344165 -0.760613 1.295548
v -0.271013 -0.789781 1.297462
v -0.190417 -0.805873 1.295811
v -0.102713 -0.796579 1.290922
v -0.019587 -0.779843 1.283764
v 0.058000 -0.781706 1.275755
v 0.140809 -0.805955 1.268480
v 0.235434 -0.835266 1.263381
v 0.345935 -0.869715 1.261467
v 0.443764 -0.855049 1.263118
v 0.519907 -0.808393 1.268007
v 0.582607 -0.755149 1.275165
v 0.634758 -0.701166 1.283174
v 0.666098 -0.639372 1.290449
v 0.718418 -0.600221 1.295548
v 0.763596 -0.559252 1.297462
v 0.793863 -0.512918 1.295811
v 0.869635 -0.487395 1.290922
v 0.994486 -0.474385 1.283764
v 1.103309 -0.446503 1.275755
v 1.181301 -0.402877 1.268480
v 1.216983 -0.345590 1.263381
v 1.205814 -0.279333 1.261467
v 1.171182 -0.212406 1.263118
v 1.169347 -0.151686 1.268007
v 1.193495 -0.092937 1.275165
v 1.257904 -0.034286 1.338178
v 1.315193 0.029086 1.341889
v 1.322242 0.092595 1.342153
v 1.288567 0.151984 1.338916
v 1.264832 0.210954 1.332820
v 1.207560 0.262798 1.325073
v 1.125264 0.305978 1.317209
v 1.079379 0.355700 1.310785
v 1.063900 0.416118 1.307074
v 1.031813 0.474336 1.306811
v 1.027923 0.549851 1.310048
v 0.997320 0.620334 1.316143
v 0.978872 0.706482 1.323890
v 0.921361 0.776791 1.331754
v 0.819182 0.816051 1.338178
v 0.698432 0.833270 1.341889
v 0.565198 0.823509 1.342153
v 0.436894 0.797690 1.338916
v 0.327896 0.777969 1.332820
v 0.231982 0.763231 1.325073
v 0.143100 0.745898 1.317209
v 0.060000 0.737452 1.310785
v -0.018051 0.702142 1.307074
v -0.086312 0.658509 1.306811
v -0.147643 0.618858 1.310048
v -0.206596 0.586706 1.316143
v -0.260146 0.553064 1.323890
v -0.325569 0.537029 1.331754
v -0.387146 0.516018 1.338178
v -0.458509 0.501938 1.341889
v -0.535483 0.488454 1.342153
v -0.627838 0.479442 1.338916
v -0.734456 0.470802 1.332820
v -0.825629 0.447791 1.325073
v -0.917647 0.419127 1.317209
v -0.953153 0.367601 1.310785
v -0.969606 0.310623 1.307074
v -1.008073 0.258413 1.306811
v -1.086169 0.210411 1.310048
v -1.151700 0.155536 1.316143
v -1.200755 0.095144 1.323890
v -1.245286 0.031704 1.331754
v -1.250576 -0.034286 1.338178
v -1.250118 -0.099761 1.341889
v -1.273232 -0.166635 1.342153
v -1.321099 -0.238349 1.338916
v -1.366282 -0.314439 1.332820
v -1.360172 -0.386055 1.325073
v -1.275312 -0.441019 1.317209
v -1.158867 -0.483138 1.310785
v -1.076600 -0.530932 1.307074
v -0.978059 -0.569909 1.306811
v -0.860554 -0.595958 1.310048
v -0.761661 -0.625196 1.316143
v -0.645532 -0.638321 1.323890
v -0.555318 -0.660914 1.331754
v -0.459835 -0.672735 1.338178
v -0.395181 -0.707350 1.341889
v -0.341057 -0.756458 1.342153
v -0.265503 -0.781106 1.338916
v -0.181548 -0.787539 1.332820
v -0.098507 -0.786109 1.325073
v -0.015140 -0.760181 1.317209
v 0.060000 -0.771197 1.310785
v 0.142828 -0.803292 1.307074
v 0.236305 -0.828786 1.306811
v 0.346135 -0.863199 1.310048
v 0.445022 -0.851506 1.316143
v 0.523294 -0.808056 1.323890
v 0.579441 -0.747683 1.331754
v 0.620536 -0.684970 1.338178
v 0.655928 -0.628548 1.341889
v 0.701616 -0.586593 1.342153
v 0.750341 -0.549392 1.338916
v 0.826093 -0.525923 1.332820
v 0.903420 -0.499158 1.325073
v 0.972258 -0.464912 1.317209
v 1.069323 -0.435043 1.310785
v 1.174766 -0.400155 1.307074
v 1.208640 -0.343146 1.306811
v 1.191546 -0.276678 1.310048
v 1.167541 -0.211956 1.316143
v 1.144461 -0.150134 1.323890
v 1.186933 -0.093444 1.331754
v 1.236857 -0.035429 1.387507
v 1.304575 0.027148 1.386109
v 1.308290 0.089619 1.381427
v 1.279416 0.148664 1.374388
v 1.256812 0.207104 1.366387
v 1.165796 0.251512 1.359008
v 1.088252 0.293641 1.353713
v 1.039909 0.340501 1.351550
v 1.043137 0.404992 1.352949
v 1.020726 0.465564 1.357631
v 1.027277 0.544902 1.364670
v 1.007406 0.620825 1.372671
v 0.966737 0.693182 1.380050
v 0.912490 0.764127 1.385345
v 0.808198 0.799778 1.387507
v 0.682934 0.809681 1.386109
v 0.554298 0.801490 1.381427
v 0.431823 0.780599 1.374388
v 0.320734 0.751978 1.366387
v 0.228732 0.739913 1.359008
v 0.144122 0.733734 1.353713
v 0.062000 0.731215 1.351550
v -0.016248 0.698179 1.352949
v -0.083682 0.651219 1.357631
v -0.140800 0.603034 1.364670
v -0.192024 0.561074 1.372671
v -0.246141 0.532811 1.380050
v -0.315202 0.523699 1.385345
v -0.376303 0.503897 1.387507
v -0.450261 0.493102 1.386109
v -0.520915 0.476379 1.381427
v -0.615748 0.469991 1.374388
v -0.732214 0.466927 1.366387
v -0.821240 0.443204 1.359008
v -0.900711 0.410480 1.353713
v -0.930545 0.358278 1.351550
v -0.939013 0.300576 1.352949
v -0.972822 0.249000 1.357631
v -1.036320 0.200420 1.364670
v -1.116223 0.149499 1.372671
v -1.189045 0.092594 1.380050
v -1.222986 0.029457 1.385345
v -1.244476 -0.035429 1.387507
v -1.251631 -0.100727 1.386109
v -1.254172 -0.165859 1.381427
v -1.291573 -0.235405 1.374388
v -1.315288 -0.306730 1.366387
v -1.309065 -0.375983 1.359008
v -1.231709 -0.430329 1.353713
v -1.142509 -0.478225 1.351550
v -1.056285 -0.523641 1.352949
v -0.955141 -0.560231 1.357631
v -0.846680 -0.588918 1.364670
v -0.744789 -0.615325 1.372671
v -0.645197 -0.637434 1.380050
v -0.540773 -0.649280 1.385345
v -0.453873 -0.666735 1.387507
v -0.374344 -0.684627 1.386109
v -0.315749 -0.723171 1.381427
v -0.249454 -0.754740 1.374388
v -0.176321 -0.777125 1.366387
v -0.092992 -0.770958 1.359008
v -0.014020 -0.762976 1.353713
v 0.062000 -0.761883 1.351550
v 0.143139 -0.788752 1.352949
v 0.237818 -0.824269 1.357631
v 0.343122 -0.849278 1.364670
v 0.434654 -0.828499 1.372671
v 0.512932 -0.789624 1.380050
v 0.566808 -0.729990 1.385345
v 0.600916 -0.663823 1.387507
v 0.639246 -0.612676 1.386109
v 0.691407 -0.577034 1.381427
v 0.756147 -0.549881 1.374388
v 0.837249 -0.528791 1.366387
v 0.906305 -0.498192 1.359008
v 0.968839 -0.461867 1.353713
v 1.054238 -0.429045 1.351550
v 1.133378 -0.388753 1.352949
v 1.161541 -0.332839 1.357631
v 1.171908 -0.273104 1.364670
v 1.135466 -0.208135 1.372671
v 1.147918 -0.150731 1.380050
v 1.171254 -0.093583 1.385345
v 1.195238 -0.036571 1.429377
v 1.261548 0.023951 1.423452
v 1.278862 0.085417 1.415774
v 1.247900 0.142687 1.407865
v 1.210358 0.197132 1.401291
v 1.126053 0.240557 1.397354
v 1.044392 0.279530 1.396834
v 1.016657 0.329987 1.399833
v 1.000268 0.386049 1.405759
v 0.999021 0.452338 1.413436
v 1.011725 0.532743 1.421346
v 0.980719 0.600904 1.427920
v 0.944975 0.673542 1.431857
v 0.880893 0.734239 1.432377
v 0.781454 0.769353 1.429377
v 0.662193 0.780315 1.423452
v 0.531435 0.763667 1.415774
v 0.414225 0.742519 1.407865
v 0.306217 0.709278 1.401291
v 0.223546 0.709790 1.397354
v 0.145409 0.723137 1.396834
v 0.064000 0.712706 1.399833
v -0.013221 0.685641 1.405759
v -0.079763 0.639336 1.413436
v -0.130497 0.579248 1.421346
v -0.178552 0.537065 1.427920
v -0.225517 0.503748 1.431857
v -0.291501 0.496036 1.432377
v -0.360711 0.487398 1.429377
v -0.444833 0.486215 1.423452
v -0.514399 0.469306 1.415774
v -0.601778 0.459353 1.407865
v -0.691935 0.444870 1.401291
v -0.770959 0.419776 1.397354
v -0.855848 0.391975 1.396834
v -0.880203 0.340655 1.399833
v -0.892914 0.286610 1.405759
v -0.915836 0.235139 1.413436
v -0.961684 0.186448 1.421346
v -1.052728 0.140139 1.427920
v -1.135812 0.086809 1.431857
v -1.200548 0.027187 1.432377
v -1.230703 -0.036571 1.429377
v -1.233377 -0.100918 1.423452
v -1.193672 -0.161858 1.415774
v -1.216823 -0.227137 1.407865
v -1.232363 -0.293925 1.401291
v -1.214638 -0.357146 1.397354
v -1.198683 -0.422156 1.396834
v -1.116795 -0.470451 1.399833
v -1.001022 -0.504059 1.405759
v -0.900452 -0.537477 1.413436
v -0.836589 -0.583532 1.421346
v -0.740966 -0.612488 1.427920
v -0.620929 -0.621037 1.431857
v -0.519983 -0.632779 1.432377
v -0.429858 -0.644553 1.429377
v -0.352024 -0.660116 1.423452
v -0.290395 -0.689599 1.415774
v -0.222270 -0.709689 1.407865
v -0.164125 -0.750866 1.401291
v -0.087206 -0.754654 1.397354
v -0.010385 -0.748373 1.396834
v 0.064000 -0.750013 1.399833
v 0.143030 -0.771119 1.405759
v 0.232263 -0.795560 1.413436
v 0.324669 -0.800571 1.421346
v 0.416307 -0.792071 1.427920
v 0.494653 -0.760691 1.431857
v 0.545094 -0.702476 1.432377
v 0.580371 -0.641684 1.429377
v 0.625180 -0.598601 1.423452
v 0.686366 -0.570628 1.415774
v 0.741652 -0.539036 1.407865
v 0.796136 -0.506726 1.401291
v 0.855137 -0.475058 1.397354
v 0.924787 -0.444536 1.396834
v 1.002963 -0.412252 1.399833
v 1.098706 -0.378901 1.405759
v 1.132655 -0.326099 1.413436
v 1.121531 -0.264612 1.421346
v 1.111051 -0.205154 1.427920
v 1.099345 -0.147282 1.431857
v 1.126889 -0.092606 1.432377
v 1.164750 -0.037714 1.464049
v 1.208506 0.020354 1.457648
v 1.226917 0.079446 1.451655
v 1.202963 0.135095 1.447257
v 1.139186 0.183201 1.445326
v 1.068897 0.226032 1.446243
v 0.987299 0.262074 1.449828
v 0.955561 0.308205 1.455370
v 0.966849 0.370285 1.461772
v 0.974542 0.437853 1.467765
v 0.982055 0.513746 1.472163
v 0.950152 0.578688 1.474094
v 0.905368 0.642292 1.473176
v 0.838385 0.695984 1.469591
v 0.740104 0.725794 1.464049
v 0.632140 0.740848 1.457648
v 0.508060 0.724949 1.451655
v 0.397609 0.705827 1.447257
v 0.297094 0.678416 1.445326
v 0.217311 0.675865 1.446243
v 0.143086 0.687674 1.449828
v 0.066000 0.684417 1.455370
v -0.008614 0.662091 1.461772
v -0.068422 0.602064 1.467765
v -0.117028 0.548159 1.472163
v -0.152929 0.492718 1.474094
v -0.201024 0.469450 1.473176
v -0.253902 0.453438 1.469591
v -0.338615 0.464964 1.464049
v -0.417604 0.462816 1.457648
v -0.497043 0.455124 1.451655
v -0.583168 0.446005 1.447257
v -0.659090 0.426191 1.445326
v -0.732950 0.401212 1.446243
v -0.797247 0.368554 1.449828
v -0.823636 0.321078 1.455370
v -0.841685 0.271277 1.461772
v -0.848019 0.219016 1.467765
v -0.910726 0.176136 1.472163
v -0.995682 0.131477 1.474094
v -1.088197 0.081421 1.473176
v -1.159745 0.024196 1.469591
v -1.201505 -0.037714 1.464049
v -1.189806 -0.100122 1.457648
v -1.145670 -0.158785 1.451655
v -1.144694 -0.219125 1.447257
v -1.141283 -0.279771 1.445326
v -1.153552 -0.344921 1.446243
v -1.141274 -0.407892 1.449828
v -1.059210 -0.453171 1.455370
v -0.963486 -0.490540 1.461772
v -0.857088 -0.519210 1.467765
v -0.801229 -0.566019 1.472163
v -0.701999 -0.590133 1.474094
v -0.595910 -0.603986 1.473176
v -0.487938 -0.607651 1.469591
v -0.401100 -0.617968 1.464049
v -0.329771 -0.635459 1.457648
v -0.257755 -0.646310 1.451655
v -0.203375 -0.678136 1.447257
v -0.150075 -0.720213 1.445326
v -0.081136 -0.737139 1.446243
v -0.004946 -0.721223 1.449828
v 0.066000 -0.723695 1.455370
v 0.141054 -0.740522 1.461772
v 0.222692 -0.753010 1.467765
v 0.313700 -0.768408 1.472163
v 0.400679 -0.759943 1.474094
v 0.475866 -0.730901 1.473176
v 0.529395 -0.681160 1.469591
v 0.553342 -0.613628 1.464049
v 0.589633 -0.568253 1.457648
v 0.661093 -0.551094 1.451655
v 0.718282 -0.523149 1.447257
v 0.774185 -0.493603 1.445326
v 0.832163 -0.463277 1.446243
v 0.870328 -0.423451 1.449828
v 0.934307 -0.390213 1.455370
v 1.016619 -0.357273 1.461772
v 1.067118 -0.311916 1.467765
v 1.080826 -0.257572 1.472163
v 1.063569 -0.199426 1.474094
v 1.063194 -0.144754 1.473176
v 1.100336 -0.092293 1.469591
v 1.082550 -0.038857 1.503034
v 1.135459 0.015972 1.501075
v 1.186761 0.074349 1.499863
v 1.158233 0.127477 1.499636
v 1.074192 0.170178 1.500441
v 0.992064 0.207481 1.502117
v 0.940603 0.247084 1.504333
v 0.923288 0.294822 1.506649
v 0.941745 0.357299 1.508608
v 0.960998 0.427692 1.509821
v 0.936129 0.486892 1.510047
v 0.907272 0.549526 1.509242
v 0.860206 0.607303 1.507566
v 0.793134 0.655477 1.505350
v 0.705731 0.688202 1.503034
v 0.605387 0.704661 1.501075
v 0.497032 0.702075 1.499863
v 0.390568 0.684758 1.499636
v 0.291250 0.654646 1.500441
v 0.215620 0.657099 1.502117
v 0.142459 0.663529 1.504333
v 0.068000 0.660256 1.506649
v -0.001070 0.618273 1.508608
v -0.058580 0.569641 1.509821
v -0.098867 0.506340 1.510047
v -0.128424 0.450012 1.509242
v -0.166324 0.421660 1.507566
v -0.222984 0.417739 1.505350
v -0.303198 0.430556 1.503034
v -0.394033 0.441986 1.501075
v -0.476872 0.438971 1.499863
v -0.558176 0.428983 1.499636
v -0.608767 0.399072 1.500441
v -0.674129 0.374023 1.502117
v -0.726420 0.340739 1.504333
v -0.755668 0.298016 1.506649
v -0.763258 0.249142 1.508608
v -0.796806 0.206131 1.509821
v -0.852384 0.164585 1.510047
v -0.952568 0.124382 1.509242
v -1.042850 0.076168 1.507566
v -1.109883 0.020838 1.505350
v -1.149491 -0.038857 1.503034
v -1.119604 -0.098288 1.501075
v -1.100189 -0.155871 1.499863
v -1.075606 -0.211418 1.499636
v -1.069607 -0.268610 1.500441
v -1.074896 -0.329092 1.502117
v -1.074417 -0.391210 1.504333
v -1.023727 -0.442307 1.506649
v -0.918253 -0.474220 1.508608
v -0.825985 -0.505809 1.509821
v -0.732574 -0.532569 1.510047
v -0.639685 -0.554756 1.509242
v -0.566407 -0.583881 1.507566
v -0.460226 -0.585577 1.505350
v -0.367233 -0.586651 1.503034
v -0.291060 -0.593110 1.501075
v -0.232397 -0.612269 1.499863
v -0.184188 -0.645854 1.499636
v -0.132035 -0.680374 1.500441
v -0.070183 -0.702812 1.502117
v -0.001457 -0.707125 1.504333
v 0.068000 -0.703358 1.506649
v 0.140789 -0.721353 1.508608
v 0.219086 -0.730454 1.509821
v 0.295633 -0.720129 1.510047
v 0.379147 -0.717820 1.509242
v 0.445803 -0.686225 1.507566
v 0.493858 -0.638600 1.505350
v 0.534657 -0.592777 1.503034
v 0.578095 -0.555730 1.501075
v 0.626741 -0.525575 1.499863
v 0.688800 -0.503735 1.499636
v 0.750164 -0.479346 1.500441
v 0.790760 -0.443842 1.502117
v 0.846766 -0.412999 1.504333
v 0.888340 -0.374748 1.506649
v 0.929707 -0.334351 1.508608
v 0.977508 -0.292813 1.509821
v 1.014087 -0.246352 1.510047
v 1.024051 -0.194570 1.509242
v 1.031498 -0.142531 1.507566
v 1.052943 -0.091162 1.505350
v 1.059049 -0.040000 1.550000
v 1.092793 0.012734 1.550000
v 1.116066 0.066863 1.550000
v 1.104972 0.118811 1.550000
v 1.037681 0.161577 1.550000
v 0.951482 0.196119 1.550000
v 0.895997 0.232512 1.550000
v 0.892518 0.281773 1.550000
v 0.918808 0.344945 1.550000
v 0.925778 0.408557 1.550000
v 0.919987 0.474009 1.550000
v 0.881312 0.529513 1.550000
v 0.823013 0.577233 1.550000
v 0.748783 0.615441 1.550000
v 0.676517 0.654957 1.550000
v 0.575971 0.665411 1.550000
v 0.482730 0.674690 1.550000
v 0.385499 0.666700 1.550000
v 0.289189 0.639084 1.550000
v 0.213246 0.635750 1.550000
v 0.141850 0.639236 1.550000
v 0.070000 0.632600 1.550000
v 0.003297 0.595866 1.550000
v -0.049478 0.539484 1.550000
v -0.085510 0.475049 1.550000
v -0.117896 0.430244 1.550000
v -0.147578 0.394436 1.550000
v -0.206173 0.396812 1.550000
v -0.284533 0.410787 1.550000
v -0.382274 0.429828 1.550000
v -0.463977 0.427309 1.550000
v -0.545155 0.418388 1.550000
v -0.580195 0.382111 1.550000
v -0.631365 0.353228 1.550000
v -0.686716 0.323631 1.550000
v -0.715980 0.283171 1.550000
v -0.727027 0.237280 1.550000
v -0.753632 0.194762 1.550000
v -0.824923 0.157824 1.550000
v -0.904848 0.116690 1.550000
v -0.999938 0.071064 1.550000
v -1.074268 0.018007 1.550000
v -1.094309 -0.040000 1.550000
v -1.073999 -0.097377 1.550000
v -1.049072 -0.152487 1.550000
v -1.015703 -0.204729 1.550000
v -1.010972 -0.259438 1.550000
v -1.030408 -0.320035 1.550000
v -1.039467 -0.382285 1.550000
v -0.999500 -0.434655 1.550000
v -0.893874 -0.465042 1.550000
v -0.788961 -0.489855 1.550000
v -0.694868 -0.513642 1.550000
v -0.606757 -0.535394 1.550000
v -0.520275 -0.552932 1.550000
v -0.431445 -0.562497 1.550000
v -0.341595 -0.562398 1.550000
v -0.274210 -0.573729 1.550000
v -0.218100 -0.592385 1.550000
v -0.172318 -0.625441 1.550000
v -0.124176 -0.663072 1.550000
v -0.063247 -0.681841 1.550000
v 0.002169 -0.691825 1.550000
v 0.070000 -0.691425 1.550000
v 0.139291 -0.693514 1.550000
v 0.212365 -0.697095 1.550000
v 0.286097 -0.690722 1.550000
v 0.361124 -0.681291 1.550000
v 0.435340 -0.666865 1.550000
v 0.480135 -0.618992 1.550000
v 0.521076 -0.576254 1.550000
v 0.565769 -0.542435 1.550000
v 0.604088 -0.507380 1.550000
v 0.668958 -0.489466 1.550000
v 0.718052 -0.461094 1.550000
v 0.756518 -0.427177 1.550000
v 0.806803 -0.396692 1.550000
v 0.846006 -0.360228 1.550000
v 0.881591 -0.320864 1.550000
v 0.935659 -0.283192 1.550000
v 0.988947 -0.241611 1.550000
v 1.002488 -0.191749 1.550000
v 1.026561 -0.142329 1.550000
v 1.029606 -0.090934 1.550000
v 0.000000 0.000000 0.000000
v -0.965767 0.621128 0.748275
v -1.034122 0.571555 0.759313
v -1.030399 0.565340 0.821306
v -0.983168 0.631610 0.819643
v 1.317084 -0.370200 0.756345
v 1.334221 -0.300261 0.736446
v 1.302170 -0.295924 0.789977
v 1.301546 -0.363513 0.799880
v 1.495872 -0.022484 0.751674
v 1.527260 0.051972 0.766410
v 1.467186 0.050169 0.810799
v 1.455622 -0.021764 0.804400
v 1.509981 0.126637 0.764752
v 1.474499 0.123408 0.823158
v 1.516847 0.203890 0.774820
v 1.455380 0.195006 0.828244
v 1.477625 0.281560 0.793876
v 1.422869 0.269714 0.849268
v 1.364535 0.333957 0.788242
v 1.335096 0.324895 0.839691
v 1.164006 0.490821 0.783628
v 1.202004 0.573806 0.790095
v 1.201592 0.572571 0.828506
v 1.179731 0.491969 0.820704
v 1.253669 0.695105 0.774435
v 1.240787 0.687569 0.813473
v 1.241778 0.804568 0.780964
v 1.231104 0.797586 0.825266
v 1.159281 0.887296 0.783248
v 1.136807 0.870760 0.829730
v 1.044087 0.948669 0.795809
v 1.009499 0.919668 0.849515
v 0.899134 0.976204 0.802248
v 0.876159 0.951120 0.855194
v 0.759271 0.998547 0.804535
v 0.723342 0.953449 0.860789
v 0.605384 0.975023 0.774491
v 0.600045 0.963878 0.844668
v 0.481328 0.982714 0.782808
v 0.483759 0.977325 0.843285
v 0.362537 0.976004 0.772058
v 0.364571 0.972317 0.827802
v 0.243424 0.959787 0.781009
v 0.245023 0.955362 0.833263
v -0.290285 0.716382 0.770832
v -0.331747 0.654241 0.766875
v -0.311496 0.628171 0.806094
v -0.273759 0.687121 0.821050
v -0.390498 0.630594 0.765437
v -0.372165 0.612404 0.817069
v -0.478190 0.630333 0.763129
v -0.447167 0.604721 0.819256
v -0.589217 0.650654 0.791734
v -0.585192 0.647472 0.848089
v -0.742675 0.673930 0.801123
v -0.723768 0.661207 0.861003
v -0.867984 0.655863 0.793800
v -0.853871 0.645842 0.854689
v -0.937701 0.602773 0.870078
v -0.993938 0.545476 0.875549
v -1.083717 0.509243 0.812360
v -1.017110 0.480215 0.865830
v -1.126357 0.456086 0.838264
v -1.061630 0.427666 0.860348
v -1.192005 0.400735 0.827065
v -1.138125 0.383499 0.870149
v -1.556315 -0.418178 0.833642
v -1.536405 -0.504473 0.836264
v -1.497871 -0.492248 0.892106
v -1.523655 -0.411570 0.890536
v -1.482564 -0.588412 0.822490
v -1.452676 -0.574980 0.873319
v -0.914950 -0.709733 0.755598
v -0.820919 -0.747629 0.745756
v -0.788318 -0.732926 0.804731
v -0.926690 -0.718427 0.793332
v -0.732529 -0.795141 0.760284
v -0.680975 -0.756660 0.804557
v -0.627796 -0.823773 0.765362
v -0.586039 -0.784621 0.806847
v -0.405350 -0.843049 0.774509
v -0.314820 -0.851431 0.787799
v -0.317852 -0.858797 0.846626
v -0.405525 -0.842366 0.834219
v -0.069792 -0.951093 0.810716
v 0.030252 -0.988620 0.824857
v 0.032388 -0.987177 0.871647
v -0.069177 -0.960569 0.859509
v 0.952828 -0.616844 0.783698
v 1.071395 -0.594334 0.786330
v 1.040311 -0.579481 0.836495
v 0.937209 -0.607122 0.837241
v 1.172130 -0.554442 0.787121
v 1.152612 -0.545830 0.833684
v 1.232282 -0.499086 0.795729
v 1.205072 -0.487423 0.844179
v 1.291197 -0.438178 0.797433
v 1.219454 -0.417291 0.829325
v 1.242434 -0.352015 0.830041
v 1.277390 -0.293316 0.822095
v 1.349633 -0.235291 0.763202
v 1.316072 -0.231810 0.799208
v 1.449056 -0.174035 0.758797
v 1.402315 -0.170387 0.798774
v 1.491472 -0.098054 0.753935
v 1.469131 -0.097049 0.802669
v 1.418502 0.047174 0.864768
v 1.425248 -0.021810 0.857760
v 1.426593 0.118899 0.876385
v 1.385477 0.186562 0.884738
v 1.350493 0.253882 0.892584
v 1.291996 0.313094 0.880947
v 1.261957 0.378089 0.839858
v 1.227366 0.368715 0.877781
v 1.181291 0.425486 0.826387
v 1.151240 0.412454 0.863357
v 1.148719 0.477492 0.858541
v 1.170909 0.560272 0.868283
v 1.205841 0.666055 0.877031
v 1.197551 0.777088 0.864288
v 1.094841 0.843684 0.890875
v 0.984007 0.894641 0.899081
v 0.842475 0.916491 0.903481
v 0.694745 0.913289 0.903859
v 0.579712 0.927795 0.902406
v 0.466076 0.938618 0.898813
v 0.355875 0.944035 0.877153
v 0.241397 0.935373 0.875061
v 0.132901 0.905673 0.823951
v 0.131047 0.883726 0.860064
v 0.033321 0.887110 0.833659
v 0.034415 0.850584 0.867142
v -0.060405 0.857317 0.819944
v -0.052691 0.815719 0.852389
v -0.146678 0.815136 0.813958
v -0.220091 0.759284 0.812010
v -0.202183 0.717825 0.861800
v -0.134482 0.773822 0.865208
v -0.253202 0.655195 0.860322
v -0.346395 0.585488 0.865365
v -0.288933 0.600345 0.842312
v -0.425468 0.585038 0.871312
v -0.556643 0.615104 0.883605
v -0.701341 0.644822 0.918381
v -0.841497 0.635622 0.909515
v -0.912655 0.585900 0.920874
v -0.949710 0.520748 0.920631
v -0.951528 0.451962 0.922718
v -0.990182 0.405764 0.907170
v -1.081564 0.370186 0.910958
v -1.212247 0.329394 0.857585
v -1.149676 0.319563 0.894859
v -1.266278 0.272349 0.852681
v -1.238583 0.269969 0.892372
v -1.341814 0.211933 0.833364
v -1.292412 0.204696 0.876863
v -1.593830 -0.181420 0.849256
v -1.573775 -0.262246 0.874315
v -1.503547 -0.253369 0.915868
v -1.529926 -0.176262 0.910089
v -1.539285 -0.336070 0.868721
v -1.460704 -0.323815 0.924084
v -1.440231 -0.396481 0.922661
v -1.429243 -0.476261 0.932236
v -1.397072 -0.553333 0.905431
v -1.392464 -0.659357 0.862306
v -1.341535 -0.634177 0.908605
v -1.236198 -0.684769 0.820893
v -1.217486 -0.676101 0.860834
v -1.078468 -0.709949 0.813846
v -1.045749 -0.693229 0.856137
v -0.894328 -0.706747 0.851785
v -0.734689 -0.699539 0.844948
v -0.643377 -0.730513 0.857305
v -0.550071 -0.754331 0.863147
v -0.494178 -0.816175 0.827019
v -0.470968 -0.790020 0.885488
v -0.385336 -0.812743 0.885086
v -0.300469 -0.832255 0.914910
v -0.243520 -0.893495 0.868797
v -0.232986 -0.872882 0.923379
v -0.163073 -0.932827 0.874464
v -0.148099 -0.893925 0.912862
v -0.061318 -0.930325 0.903772
v 0.037026 -0.955476 0.915432
v 0.141990 -0.987689 0.849941
v 0.138765 -0.943180 0.893879
v 0.849904 -0.633393 0.828385
v 0.896178 -0.582309 0.875929
v 0.828024 -0.619141 0.881679
v 0.995523 -0.560690 0.884433
v 1.085894 -0.522839 0.874152
v 1.138251 -0.467062 0.871388
v 1.181398 -0.407628 0.864323
v 1.182418 -0.341844 0.847001
v 1.234906 -0.288812 0.858109
v 1.289888 -0.232492 0.857015
v 1.371501 -0.168559 0.844970
v 1.438660 -0.096644 0.853511
v 1.353099 0.044610 0.915074
v 1.386555 -0.022863 0.921512
v 1.360765 0.113423 0.930166
v 1.322143 0.179126 0.927332
v 1.273150 0.237618 0.914151
v 1.240807 0.298569 0.908494
v 1.179530 0.354950 0.910280
v 1.129571 0.404212 0.906571
v 1.126401 0.465958 0.893546
v 1.143049 0.545353 0.907474
v 1.154569 0.637782 0.923513
v 1.137741 0.739781 0.917024
v 1.066703 0.821815 0.944806
v 0.937281 0.857625 0.954482
v 0.803041 0.878407 0.957471
v 0.673575 0.886844 0.955275
v 0.561545 0.901896 0.956687
v 0.453421 0.910878 0.934211
v 0.343714 0.912418 0.925236
v 0.238480 0.913706 0.910989
v 0.133936 0.889150 0.892621
v 0.034707 0.839064 0.898974
v -0.046357 0.781419 0.880969
v -0.119757 0.725491 0.901928
v -0.178828 0.672950 0.892357
v -0.233018 0.625329 0.906463
v -0.270119 0.576291 0.892491
v -0.322107 0.560224 0.916312
v -0.414010 0.574898 0.924837
v -0.545542 0.605127 0.936320
v -0.660447 0.615086 0.967937
v -0.793255 0.604714 0.952915
v -0.866289 0.557365 0.961681
v -0.889453 0.489182 0.969237
v -0.901231 0.430401 0.961600
v -0.920275 0.385416 0.938336
v -1.005476 0.353523 0.930468
v -1.100802 0.311261 0.916786
v -1.203475 0.268079 0.929411
v -1.281882 0.204245 0.922041
v -1.372377 0.140119 0.881036
v -1.353795 0.138192 0.934057
v -1.444850 0.066720 0.882120
v -1.404027 0.064406 0.937588
v -1.496086 -0.011942 0.882954
v -1.470730 -0.012672 0.941646
v -1.544590 -0.093421 0.902962
v -1.491674 -0.095322 0.951531
v -1.481481 -0.176517 0.979417
v -1.446556 -0.251660 0.962115
v -1.380795 -0.316644 0.956416
v -1.354407 -0.380169 0.950230
v -1.366637 -0.458775 0.936821
v -1.348319 -0.540518 0.934171
v -1.283733 -0.615909 0.937127
v -1.157178 -0.653985 0.902273
v -0.993715 -0.670868 0.901230
v -0.831393 -0.673696 0.899339
v -0.692249 -0.679320 0.914055
v -0.591441 -0.690976 0.905022
v -0.517486 -0.726275 0.920410
v -0.444931 -0.763001 0.940256
v -0.368754 -0.792900 0.934139
v -0.294357 -0.824691 0.958340
v -0.221079 -0.854845 0.961914
v -0.137361 -0.869618 0.946990
v -0.055310 -0.901445 0.943773
v 0.040876 -0.926297 0.947289
v 0.135057 -0.895804 0.922217
v 0.239690 -0.933827 0.873975
v 0.224124 -0.879560 0.912041
v 0.620799 -0.831389 0.863483
v 0.684500 -0.771973 0.861652
v 0.672997 -0.761468 0.918026
v 0.594488 -0.801483 0.905423
v 0.739343 -0.717338 0.877743
v 0.715170 -0.698679 0.929032
v 0.773193 -0.660120 0.881222
v 0.803660 -0.601197 0.926979
v 0.770017 -0.655245 0.932242
v 0.841980 -0.554091 0.915940
v 0.930713 -0.533015 0.917993
v 1.069722 -0.517499 0.905193
v 1.129630 -0.465483 0.901227
v 1.145754 -0.399708 0.885697
v 1.165138 -0.338106 0.882921
v 1.161114 -0.275125 0.879854
v 1.224039 -0.225890 0.902121
v 1.306633 -0.163412 0.894287
v 1.366895 -0.096552 0.914226
v 1.310114 0.043035 0.973394
v 1.338066 -0.022726 0.964662
v 1.317433 0.109324 0.969923
v 1.273417 0.172124 0.954183
v 1.235117 0.230504 0.945920
v 1.210534 0.293131 0.946941
v 1.149838 0.344591 0.939848
v 1.128863 0.398474 0.938928
v 1.120508 0.460824 0.932610
v 1.129841 0.537003 0.952708
v 1.141880 0.629331 0.971568
v 1.105324 0.718185 0.966058
v 1.032799 0.794748 0.977791
v 0.917466 0.843829 0.998794
v 0.784267 0.858552 0.998807
v 0.659924 0.868300 0.998254
v 0.555350 0.890511 0.993446
v 0.444987 0.892296 0.968078
v 0.343446 0.905470 0.957167
v 0.235580 0.896165 0.951486
v 0.134003 0.870976 0.927791
v 0.035172 0.823537 0.935077
v -0.041451 0.749262 0.920505
v -0.107920 0.689259 0.933523
v -0.163171 0.639299 0.939716
v -0.208252 0.591658 0.937434
v -0.265652 0.572312 0.946359
v -0.321708 0.559807 0.968806
v -0.409473 0.570268 0.974772
v -0.530628 0.592288 0.979135
v -0.636476 0.599778 1.000207
v -0.761241 0.588721 0.982772
v -0.838410 0.544210 0.988600
v -0.871439 0.478597 0.994356
v -0.868594 0.416630 0.988336
v -0.885352 0.378870 0.977682
v -0.966140 0.348628 0.963491
v -1.057244 0.305204 0.959174
v -1.190126 0.267973 0.980417
v -1.290738 0.203828 0.974547
v -1.336199 0.133289 0.987840
v -1.372102 0.061074 0.995267
v -1.419582 -0.015968 0.999469
v -1.433095 -0.096852 1.002610
v -1.427819 -0.176294 1.019412
v -1.395269 -0.249027 0.986433
v -1.357649 -0.315432 0.980543
v -1.346511 -0.378172 0.969963
v -1.329277 -0.447162 0.958547
v -1.327682 -0.533327 0.962417
v -1.271036 -0.613562 0.971990
v -1.147276 -0.651927 0.944373
v -0.973181 -0.663595 0.947715
v -0.796050 -0.653114 0.944194
v -0.662392 -0.662694 0.969131
v -0.559669 -0.669314 0.960213
v -0.489773 -0.703135 0.969692
v -0.422991 -0.741232 0.984631
v -0.355318 -0.774667 0.973937
v -0.286437 -0.810826 0.976715
v -0.212439 -0.843972 0.988958
v -0.131924 -0.859217 0.974240
v -0.051242 -0.884595 0.972579
v 0.042792 -0.904542 0.966534
v 0.135887 -0.883877 0.955359
v 0.502051 -0.828292 0.909790
v 0.575316 -0.780663 0.959215
v 0.489181 -0.807238 0.953206
v 0.661732 -0.750627 0.967174
v 0.709470 -0.692653 0.974222
v 0.748485 -0.638997 0.972516
v 0.782581 -0.586725 0.961557
v 0.814060 -0.541177 0.946782
v 0.887869 -0.514026 0.939101
v 1.003957 -0.498479 0.949124
v 1.100227 -0.457831 0.933619
v 1.138182 -0.399208 0.925159
v 1.167412 -0.338051 0.927180
v 1.151241 -0.272528 0.927851
v 1.196445 -0.219234 0.936020
v 1.285832 -0.166706 0.960175
v 1.337117 -0.096971 0.962712
v 1.286849 0.107295 0.994343
v 1.338915 0.044192 0.996426
v 1.251413 0.167746 0.983754
v 1.229215 0.225492 0.976612
v 1.121910 0.533751 1.002296
v 1.132646 0.465182 0.980526
v 1.108985 0.613721 1.008249
v 1.101231 0.711857 1.017032
v 1.037741 0.792032 1.028361
v 0.662185 0.865862 1.033316
v 0.795966 0.865047 1.039819
v 0.556459 0.885108 1.025280
v 0.343243 0.897848 0.987568
v 0.452521 0.897885 0.999098
v 0.237363 0.894100 0.982950
v 0.134127 0.857954 0.965629
v 0.037700 0.801353 0.972689
v -0.039380 0.745559 0.968332
v -0.109561 0.696664 0.984613
v -0.161489 0.636507 0.993039
v -0.211819 0.599494 0.992915
v -0.263658 0.571233 1.000173
v -0.419905 0.578246 1.020080
v -0.330677 0.569480 1.019507
v -0.531681 0.591657 1.017720
v -0.840300 0.544416 1.012320
v -0.777544 0.596183 1.011737
v -0.866153 0.473788 1.017093
v -0.864479 0.411299 1.014885
v -0.866557 0.373543 1.009577
v -0.956549 0.346120 1.008284
v -1.159119 0.261842 1.034321
v -1.087602 0.309289 1.009593
v -1.273461 0.200608 1.030321
v -1.370478 0.055033 1.036186
v -1.347685 0.129403 1.037274
v -1.375238 -0.018499 1.052219
v -1.392567 -0.093787 1.049123
v -1.403732 -0.170267 1.026187
v -1.398903 -0.247026 1.012192
v -1.349972 -0.309778 1.009221
v -1.243860 -0.606357 1.015456
v -1.349707 -0.540422 1.002328
v -1.137597 -0.648172 0.996329
v -0.984332 -0.669919 1.003112
v -0.804003 -0.662308 1.005333
v -0.636263 -0.648835 1.019994
v -0.537003 -0.654587 1.007499
v -0.475172 -0.690509 1.011230
v -0.425664 -0.742778 1.020222
v -0.354019 -0.771704 1.007654
v -0.129890 -0.859602 1.004369
v -0.213333 -0.849690 1.018323
v -0.048677 -0.882650 1.005565
v 0.042994 -0.895912 1.006010
v 0.663863 -0.750802 1.011732
v 0.593155 -0.795962 1.007241
v 0.776263 -0.582307 0.991910
v 0.766423 -0.646673 1.004580
v 0.989585 -0.494816 0.982909
v 0.898462 -0.517787 0.971619
v 1.069636 -0.451179 0.973965
v 1.137224 -0.400357 0.974384
v 1.161355 -0.337413 0.980734
v 1.281686 -0.165575 1.011833
v 1.245403 -0.227893 1.008365
v 1.338584 -0.097686 1.011058
v 1.362371 -0.024081 1.009660
v 1.343183 0.044092 1.030972
v 1.379178 -0.026585 1.048183
v 1.281109 0.105894 1.024672
v 1.249697 0.162680 1.017616
v 1.096362 0.704045 1.070882
v 1.136979 0.623378 1.075946
v 0.038686 0.812988 1.027721
v 0.138198 0.870211 1.012058
v -0.037816 0.747977 1.023502
v -0.109881 0.702210 1.041082
v -0.164471 0.645829 1.048640
v -0.652543 0.609327 1.034682
v -0.657155 0.610491 1.069781
v -0.546297 0.601677 1.053414
v -0.771501 0.590743 1.046378
v -0.863824 0.409066 1.060458
v -0.886272 0.479797 1.059502
v -1.387978 -0.092049 1.074896
v -1.392624 -0.026490 1.080678
v -1.405976 -0.165457 1.057831
v -1.144770 -0.651412 1.053041
v -1.259261 -0.614560 1.070006
v -0.816330 -0.670010 1.057711
v -1.002617 -0.677933 1.055942
v -0.642702 -0.653805 1.065915
v -0.542050 -0.657930 1.049305
v -0.046435 -0.888086 1.052070
v -0.129618 -0.872091 1.046350
v 0.043987 -0.899205 1.059285
v 0.137781 -0.892267 1.002625
v 0.138176 -0.895488 1.058187
v 0.827881 -0.547339 0.977852
v 0.903148 -0.518226 1.013529
v 0.834313 -0.549024 1.015054
v 0.991070 -0.494263 1.029164
v 1.347465 0.040895 1.064548
v 1.373469 -0.026484 1.081538
v 1.138915 0.540999 1.057572
v 1.143687 0.625488 1.126645
v 1.156343 0.546135 1.110722
v 0.244929 0.908734 1.024831
v 0.141168 0.874146 1.065850
v 0.252630 0.921762 1.067873
v 0.040502 0.819247 1.084029
v -0.036734 0.749114 1.080053
v -0.109297 0.698017 1.103856
v -0.161210 0.642665 1.098791
v -0.439431 0.594949 1.059714
v -0.549337 0.601748 1.087631
v -0.450586 0.602874 1.094256
v -0.658842 0.608891 1.106165
v -0.766148 0.586650 1.085461
v -0.848095 0.547149 1.049808
v -0.842688 0.548630 1.094086
v -1.307259 0.203347 1.080700
v -1.397674 0.131276 1.082062
v -1.391583 0.123832 1.125375
v -1.371502 0.206140 1.125171
v -1.404282 0.046538 1.076963
v -1.387826 0.042489 1.116730
v -1.389424 -0.029545 1.116289
v -1.004311 -0.679346 1.106270
v -1.160326 -0.658906 1.108028
v -0.815811 -0.669978 1.102982
v -0.042193 -0.885118 1.106675
v -0.127590 -0.880081 1.095821
v 0.047012 -0.890554 1.116602
v 0.137621 -0.880738 1.115055
v 0.234501 -0.885297 1.059510
v 0.230516 -0.874711 1.114152
v 0.410301 -0.843605 1.065703
v 0.515808 -0.841288 1.063500
v 0.519735 -0.841127 1.103544
v 0.430234 -0.871264 1.108739
v 0.611992 -0.815776 1.062046
v 0.616707 -0.820465 1.097810
v 0.798072 -0.591758 1.025478
v 0.842291 -0.549025 1.059302
v 0.831250 -0.604706 1.064742
v 0.896912 -0.514313 1.062959
v 0.999586 -0.496999 1.082976
v 1.342604 -0.099487 1.053766
v 1.377904 -0.100413 1.092398
v 1.185096 0.482373 1.088853
v 1.154761 0.545704 1.162552
v 1.201654 0.486130 1.140530
v 1.130789 0.617476 1.177282
v 1.104628 0.705465 1.116322
v 1.095993 0.696913 1.161162
v 1.059249 0.792583 1.115336
v 1.052108 0.782539 1.155014
v 0.583929 0.910368 1.094843
v 0.474384 0.922519 1.079900
v 0.481349 0.927772 1.129264
v 0.599072 0.923921 1.131501
v 0.365861 0.928194 1.062180
v 0.368451 0.925552 1.116089
v 0.255393 0.921223 1.125295
v 0.142464 0.865920 1.123221
v 0.042586 0.813997 1.140105
v -0.034777 0.744470 1.132426
v -0.107680 0.697421 1.151839
v -0.553847 0.601792 1.127355
v -0.472890 0.616661 1.124042
v -0.652508 0.601879 1.149292
v -0.757414 0.580775 1.134412
v -0.910790 0.491846 1.109280
v -0.907545 0.495473 1.164254
v -0.854842 0.554911 1.148396
v -1.129948 0.321068 1.136763
v -1.282013 0.273827 1.136729
v -1.290625 0.277297 1.182361
v -1.150833 0.324741 1.184163
v -1.394780 0.114949 1.161508
v -1.401609 0.201709 1.164387
v -1.388578 0.040673 1.154099
v -1.381582 -0.030418 1.159469
v -1.394609 -0.093357 1.108087
v -1.381113 -0.093195 1.153369
v -1.416081 -0.164526 1.092963
v -1.413314 -0.161395 1.135294
v -1.430602 -0.475883 1.117895
v -1.378451 -0.558413 1.111053
v -1.382231 -0.561556 1.171972
v -1.458166 -0.487210 1.178728
v -1.274580 -0.621222 1.126930
v -1.283014 -0.624103 1.185950
v -1.151887 -0.655609 1.159216
v -0.994843 -0.676439 1.153881
v -0.311329 -0.857500 1.084311
v -0.223386 -0.887035 1.100211
v -0.217014 -0.884250 1.152585
v -0.318285 -0.876472 1.131104
v -0.124176 -0.874282 1.154743
v -0.040090 -0.886351 1.167448
v 0.050248 -0.886873 1.172408
v 0.138669 -0.878137 1.166762
v 0.781077 -0.741191 1.082234
v 0.821479 -0.675848 1.067640
v 0.827328 -0.676341 1.112739
v 0.789797 -0.743438 1.122146
v 0.826241 -0.598754 1.106876
v 0.839510 -0.544845 1.110940
v 1.320077 -0.164484 1.089257
v 1.354191 -0.097801 1.126516
v 1.341680 -0.165110 1.127029
v 1.363850 -0.028416 1.115233
v 1.367565 0.037793 1.102383
v 1.373682 0.035705 1.146904
v 1.360916 -0.031941 1.155725
v 1.383183 0.106297 1.110616
v 1.378276 0.103891 1.161108
v 1.367219 0.176146 1.111335
v 1.361756 0.172229 1.166353
v 1.288580 0.363191 1.133075
v 1.253466 0.428927 1.149668
v 1.255514 0.427475 1.204352
v 1.310293 0.366268 1.189463
v 1.199484 0.482090 1.189604
v 1.149182 0.542995 1.206745
v 1.100089 0.601745 1.195262
v 1.076371 0.682290 1.197001
v 1.029222 0.761406 1.191861
v 0.979866 0.864082 1.157503
v 0.974018 0.849587 1.196509
v 0.721696 0.912572 1.137630
v 0.598483 0.920010 1.192020
v 0.741240 0.933919 1.197224
v 0.475606 0.909039 1.179308
v 0.362374 0.906072 1.183129
v 0.249139 0.892471 1.191164
v 0.142981 0.848695 1.178874
v 0.046137 0.808131 1.188008
v -0.033246 0.744551 1.178789
v -0.105980 0.698379 1.193341
v -0.232461 0.646082 1.148190
v -0.304806 0.630915 1.133864
v -0.308316 0.632144 1.170749
v -0.240918 0.658270 1.185237
v -0.389930 0.629219 1.131020
v -0.384965 0.620308 1.170481
v -0.465784 0.607677 1.174778
v -0.534736 0.582903 1.171468
v -0.638855 0.590027 1.199916
v -0.736584 0.566334 1.189894
v -0.814344 0.534802 1.206500
v -0.897155 0.499464 1.220546
v -1.263807 0.266706 1.230399
v -1.172013 0.323601 1.232872
v -1.360711 0.192912 1.211296
v -1.376686 0.110308 1.203845
v -1.361835 0.035270 1.194938
v -1.334253 -0.033894 1.203276
v -1.341363 -0.090753 1.202951
v -1.394320 -0.158367 1.191355
v -1.464361 -0.244027 1.137521
v -1.447875 -0.239246 1.196113
v -1.461559 -0.324298 1.146092
v -1.475465 -0.402769 1.166253
v -1.455735 -0.402358 1.218744
v -1.472666 -0.323959 1.206271
v -1.414590 -0.479421 1.218806
v -1.336575 -0.547069 1.228477
v -1.243050 -0.607046 1.236778
v -1.121471 -0.641754 1.201291
v -0.975207 -0.665938 1.192500
v -0.827612 -0.676901 1.141822
v -0.810156 -0.666762 1.178000
v -0.682008 -0.679630 1.140548
v -0.660735 -0.665983 1.176904
v -0.579709 -0.687209 1.117774
v -0.557955 -0.671408 1.155033
v -0.514633 -0.724349 1.117086
v -0.508649 -0.719476 1.165375
v -0.469790 -0.786793 1.124092
v -0.463850 -0.780884 1.171723
v -0.402848 -0.839678 1.122899
v -0.390527 -0.823920 1.176602
v -0.313604 -0.868404 1.188661
v -0.117718 -0.864442 1.213482
v -0.219192 -0.894647 1.211872
v -0.032247 -0.849675 1.225921
v 0.050008 -0.859059 1.228056
v 0.138182 -0.878220 1.215895
v 0.234498 -0.890585 1.161175
v 0.235397 -0.891093 1.201625
v 0.438496 -0.879201 1.146140
v 0.539267 -0.861163 1.136803
v 0.541624 -0.858698 1.173114
v 0.451754 -0.895008 1.179299
v 0.631839 -0.834513 1.130412
v 0.634258 -0.830012 1.171753
v 0.735874 -0.810273 1.125740
v 0.717147 -0.788018 1.171141
v 0.775467 -0.728231 1.171313
v 0.788923 -0.647316 1.170138
v 0.789860 -0.578150 1.168637
v 0.840864 -0.546336 1.168164
v 0.909808 -0.521259 1.125857
v 0.907146 -0.519502 1.182537
v 1.131114 -0.471367 1.142102
v 1.246865 -0.431545 1.146673
v 1.255287 -0.433916 1.193697
v 1.160782 -0.480364 1.194537
v 1.306211 -0.371286 1.157782
v 1.317464 -0.299146 1.141416
v 1.312722 -0.294977 1.198674
v 1.318038 -0.369978 1.188088
v 1.328020 -0.231046 1.134857
v 1.309510 -0.227675 1.173432
v 1.313435 -0.161715 1.162169
v 1.345050 -0.097956 1.162863
v 1.363472 0.033096 1.199445
v 1.332922 -0.035151 1.203673
v 1.379065 0.103158 1.216979
v 1.341460 0.167956 1.223014
v 1.339469 0.235594 1.180421
v 1.306338 0.226426 1.223323
v 1.327485 0.297591 1.188705
v 1.280600 0.285784 1.231004
v 1.264477 0.351400 1.244588
v 1.221947 0.413560 1.254976
v 1.172842 0.468918 1.232842
v 1.112743 0.524950 1.247417
v 1.081787 0.589865 1.231569
v 1.060763 0.669371 1.231782
v 1.021066 0.749718 1.228024
v 0.967786 0.834666 1.244097
v 0.871390 0.907154 1.188284
v 0.870642 0.896664 1.244075
v 0.735116 0.915332 1.240748
v 0.586485 0.898764 1.249071
v 0.465830 0.885541 1.237612
v 0.350358 0.870436 1.240854
v 0.244474 0.863804 1.245464
v 0.142910 0.827753 1.227863
v 0.048658 0.785165 1.232279
v -0.029450 0.730418 1.218301
v -0.101916 0.689194 1.232174
v -0.167043 0.663568 1.179325
v -0.162670 0.652664 1.216538
v -0.229408 0.634148 1.222229
v -0.294489 0.608626 1.199127
v -0.371299 0.604047 1.217818
v -0.440720 0.582353 1.218252
v -0.513585 0.564645 1.220617
v -0.612730 0.570168 1.253078
v -0.703609 0.552585 1.265776
v -0.794890 0.523461 1.253909
v -0.877739 0.497670 1.278498
v -0.950004 0.450801 1.220950
v -0.950418 0.453133 1.274631
v -1.001225 0.408436 1.219183
v -0.982418 0.396666 1.271179
v -1.071547 0.369362 1.234414
v -1.043965 0.353146 1.283650
v -1.118356 0.304494 1.278098
v -1.234698 0.255828 1.269701
v -1.313055 0.185457 1.246532
v -1.329864 0.107352 1.244616
v -1.328821 0.032845 1.236274
v -1.319692 -0.036037 1.245715
v -1.304129 -0.089593 1.253061
v -1.350283 -0.154359 1.248314
v -1.409081 -0.234414 1.248277
v -1.444276 -0.318524 1.261144
v -1.435303 -0.402370 1.269898
v -1.387341 -0.475783 1.267956
v -1.294110 -0.538509 1.288557
v -1.201414 -0.586963 1.259635
v -1.081637 -0.626401 1.241918
v -0.938122 -0.648122 1.223449
v -0.786877 -0.650976 1.202689
v -0.653670 -0.661333 1.210963
v -0.563903 -0.675429 1.195634
v -0.504330 -0.715160 1.214110
v -0.455398 -0.772585 1.224539
v -0.385346 -0.819071 1.231561
v -0.300017 -0.847568 1.260170
v -0.207588 -0.866875 1.271983
v -0.109503 -0.849450 1.265870
v -0.025787 -0.836051 1.271418
v 0.050423 -0.833739 1.273219
v 0.135767 -0.856948 1.259155
v 0.233398 -0.878645 1.241064
v 0.344565 -0.903598 1.188359
v 0.347282 -0.903720 1.223779
v 0.449910 -0.884376 1.216302
v 0.538645 -0.847829 1.212701
v 0.617717 -0.804563 1.207762
v 0.682288 -0.752382 1.209118
v 0.739747 -0.697801 1.217969
v 0.757778 -0.624109 1.222364
v 0.773547 -0.570865 1.225409
v 0.819148 -0.535741 1.226062
v 0.888438 -0.505376 1.224085
v 1.034023 -0.503628 1.184686
v 1.023673 -0.498651 1.234608
v 1.150211 -0.475080 1.240613
v 1.249364 -0.429371 1.236846
v 1.294620 -0.362838 1.241907
v 1.291104 -0.288302 1.232883
v 1.260746 -0.219082 1.222615
v 1.250230 -0.157197 1.212495
v 1.279645 -0.096963 1.194870
v 1.332654 0.029245 1.253671
v 1.280133 -0.036914 1.246180
v 1.346910 0.098346 1.260123
v 1.335602 0.165399 1.275980
v 1.314511 0.228202 1.289565
v 1.263158 0.282384 1.277608
v 1.188667 0.331409 1.287112
v 1.162957 0.391304 1.284768
v 1.106676 0.443715 1.270414
v 1.061604 0.500029 1.280490
v 1.033366 0.561488 1.268370
v 1.012717 0.634231 1.279737
v 1.010724 0.735130 1.271412
v 0.942442 0.810542 1.280081
v 0.837526 0.861654 1.297904
v 0.711493 0.882991 1.296948
v 0.576788 0.879106 1.306324
v 0.451157 0.855249 1.292654
v 0.336011 0.831275 1.292424
v 0.235469 0.818359 1.293183
v 0.143999 0.813810 1.269192
v 0.050516 0.778699 1.268066
v -0.026497 0.718573 1.251467
v -0.096546 0.671479 1.264418
v -0.153066 0.629753 1.250478
v -0.214433 0.605836 1.238270
v -0.286447 0.597153 1.241152
v -0.351871 0.581270 1.262675
v -0.425656 0.567444 1.268670
v -0.490804 0.547204 1.280972
v -0.586742 0.543527 1.288756
v -0.681739 0.538542 1.318829
v -0.765143 0.511604 1.314123
v -0.853675 0.487501 1.325223
v -0.936794 0.445248 1.318348
v -0.976657 0.388401 1.308907
v -1.018107 0.341603 1.317180
v -1.075051 0.288616 1.290115
v -1.156469 0.241410 1.306067
v -1.249786 0.180392 1.287899
v -1.304865 0.107880 1.284355
v -1.302351 0.032973 1.293051
v -1.297782 -0.035511 1.296590
v -1.293079 -0.091304 1.304476
v -1.325616 -0.153044 1.303325
v -1.375749 -0.229462 1.303036
v -1.438284 -0.313960 1.314555
v -1.350798 -0.470353 1.309251
v -1.449605 -0.407013 1.320886
v -1.244205 -0.525000 1.323169
v -1.153403 -0.570584 1.290329
v -1.018754 -0.600895 1.273858
v -0.922639 -0.640064 1.257240
v -0.785542 -0.649850 1.240683
v -0.660822 -0.665104 1.254596
v -0.565152 -0.677383 1.244570
v -0.477161 -0.693250 1.259764
v -0.430753 -0.744862 1.283655
v -0.372775 -0.801356 1.283514
v -0.291516 -0.838462 1.314467
v -0.198012 -0.844070 1.310305
v -0.103369 -0.830554 1.312747
v -0.021638 -0.826916 1.322436
v 0.053900 -0.828162 1.308756
v 0.134272 -0.834454 1.292540
v 0.231123 -0.866359 1.275223
v 0.343671 -0.890474 1.259874
v 0.452368 -0.882416 1.254913
v 0.533097 -0.834073 1.256636
v 0.601321 -0.780785 1.248575
v 0.655520 -0.724508 1.262625
v 0.704452 -0.671171 1.276622
v 0.751567 -0.621890 1.277806
v 0.774775 -0.568739 1.278219
v 0.797656 -0.524381 1.282455
v 0.861891 -0.493186 1.270053
v 1.006502 -0.490845 1.275595
v 1.128963 -0.466215 1.277431
v 1.212317 -0.417276 1.268804
v 1.258921 -0.354544 1.273088
v 1.256012 -0.281691 1.265132
v 1.221547 -0.212687 1.256945
v 1.208022 -0.153723 1.258189
v 1.212498 -0.096265 1.239986
v 1.331037 0.026614 1.309118
v 1.258773 -0.038804 1.300486
v 1.339802 0.162988 1.328218
v 1.357224 0.096306 1.314867
v 1.299351 0.222836 1.318999
v 1.223445 0.274660 1.316481
v 1.158101 0.323958 1.322127
v 1.115964 0.375990 1.318416
v 1.080526 0.432153 1.314105
v 1.059517 0.492481 1.309753
v 1.030684 0.555259 1.300788
v 1.003029 0.620943 1.317719
v 0.992354 0.714332 1.319051
v 0.941394 0.805248 1.330442
v 0.830385 0.852141 1.349573
v 0.704080 0.869190 1.350673
v 0.564146 0.856954 1.358350
v 0.439367 0.830187 1.340610
v 0.328350 0.807314 1.333979
v 0.233081 0.790002 1.316534
v 0.143907 0.787231 1.304782
v 0.052925 0.770152 1.302116
v -0.024793 0.715663 1.284656
v -0.097648 0.674277 1.297402
v -0.149393 0.619467 1.287800
v -0.204414 0.588646 1.282600
v -0.273395 0.578918 1.290793
v -0.345381 0.572583 1.316600
v -0.411170 0.551652 1.323354
v -0.473037 0.530218 1.334466
v -0.555924 0.520119 1.339129
v -0.653448 0.519250 1.361453
v -0.750595 0.503058 1.356202
v -0.854599 0.486652 1.361023
v -0.924762 0.439644 1.347333
v -0.961843 0.381084 1.337353
v -0.993077 0.330252 1.334273
v -1.054482 0.283537 1.323342
v -1.109560 0.231156 1.320977
v -1.190924 0.178400 1.332932
v -1.263682 0.109936 1.341103
v -1.281182 0.034070 1.344041
v -1.283276 -0.033530 1.350448
v -1.282972 -0.091140 1.359591
v -1.315768 -0.154084 1.357181
v -1.349748 -0.226797 1.352825
v -1.409435 -0.310772 1.359487
v -1.394753 -0.399583 1.356765
v -1.304583 -0.468301 1.364028
v -1.202449 -0.514470 1.349560
v -1.107966 -0.556937 1.317405
v -0.985746 -0.583002 1.293574
v -0.892754 -0.624397 1.299275
v -0.775448 -0.643384 1.287850
v -0.665289 -0.667358 1.306724
v -0.562524 -0.676133 1.298960
v -0.473547 -0.693286 1.314252
v -0.408570 -0.722999 1.324841
v -0.352993 -0.774100 1.336678
v -0.276073 -0.809086 1.349619
v -0.190359 -0.829105 1.354194
v -0.098313 -0.823931 1.361940
v -0.017061 -0.807536 1.359591
v 0.054959 -0.812710 1.351052
v 0.134900 -0.829336 1.323451
v 0.229511 -0.855320 1.310790
v 0.344548 -0.887017 1.300327
v 0.449144 -0.870905 1.300658
v 0.529175 -0.822173 1.306096
v 0.590021 -0.763755 1.303055
v 0.645082 -0.709998 1.318323
v 0.677925 -0.650572 1.333755
v 0.729665 -0.611026 1.334081
v 0.774753 -0.566846 1.326098
v 0.801597 -0.522694 1.324314
v 0.871276 -0.495200 1.307774
v 0.997081 -0.489643 1.322944
v 1.108286 -0.458283 1.308904
v 1.191065 -0.412833 1.304603
v 1.231368 -0.348501 1.304580
v 1.219740 -0.274674 1.300600
v 1.178199 -0.210249 1.282231
v 1.184359 -0.153260 1.305166
v 1.199834 -0.096914 1.291814
v 1.322206 0.024935 1.361446
v 1.263445 -0.040134 1.355897
v 1.329370 0.093097 1.362110
v 1.296059 0.155635 1.362209
v 1.271053 0.216381 1.356274
v 1.212031 0.270143 1.350937
v 1.132199 0.315751 1.356293
v 1.089320 0.362946 1.345913
v 1.080293 0.424369 1.351627
v 1.051754 0.481348 1.352695
v 1.000072 0.714426 1.374583
v 1.020910 0.627529 1.368486
v 0.936479 0.795190 1.388486
v 0.826651 0.842544 1.406671
v 0.699544 0.858532 1.406286
v 0.562113 0.848059 1.405415
v 0.434294 0.811387 1.376680
v 0.325333 0.791353 1.371936
v 0.230482 0.771833 1.350762
v 0.141726 0.753424 1.338225
v 0.056157 0.747779 1.337104
v -0.021921 0.708411 1.323503
v -0.095636 0.671380 1.341488
v -0.209713 0.594391 1.336120
v -0.154051 0.629158 1.336857
v -0.262283 0.561520 1.345886
v -0.329156 0.552573 1.371790
v -0.391681 0.532874 1.380979
v -0.461816 0.518821 1.383985
v -0.537973 0.509787 1.396158
v -0.630731 0.504739 1.399658
v -0.739134 0.495832 1.392422
v -0.836002 0.476967 1.395586
v -0.989049 0.323587 1.373083
v -0.975639 0.380082 1.372483
v -1.022240 0.274405 1.366392
v -1.099592 0.228360 1.367906
v -1.169019 0.175369 1.383018
v -1.225013 0.111462 1.394941
v -1.274427 0.038752 1.399712
v -1.280789 -0.033238 1.403403
v -1.279183 -0.093369 1.411153
v -1.294900 -0.155268 1.406076
v -1.338375 -0.228065 1.397352
v -1.384558 -0.311047 1.399365
v -1.375619 -0.398155 1.390536
v -1.287329 -0.466126 1.394103
v -1.169387 -0.506572 1.378320
v -1.084532 -0.550005 1.357749
v -0.981685 -0.581395 1.335569
v -0.863693 -0.607198 1.338021
v -0.763777 -0.635961 1.341153
v -0.648633 -0.655761 1.363957
v -0.557307 -0.671570 1.356409
v -0.463931 -0.685457 1.370130
v -0.402766 -0.718431 1.377446
v -0.348845 -0.769696 1.384717
v -0.269888 -0.800234 1.391736
v -0.181873 -0.814204 1.401467
v -0.093202 -0.815166 1.396511
v -0.012045 -0.790098 1.388175
v 0.054050 -0.802253 1.384897
v 0.135729 -0.826411 1.361637
v 0.230246 -0.848936 1.354159
v 0.344503 -0.880374 1.350095
v 0.450211 -0.867257 1.354536
v 0.532904 -0.821386 1.362177
v 0.587478 -0.755642 1.360469
v 0.634048 -0.694837 1.382393
v 0.668618 -0.639642 1.385491
v 0.710322 -0.597362 1.375228
v 0.758427 -0.560383 1.368125
v 0.976888 -0.479657 1.355434
v 0.908298 -0.514491 1.359046
v 1.073482 -0.445754 1.339993
v 1.183772 -0.410387 1.342952
v 1.223551 -0.345346 1.346411
v 1.199689 -0.274153 1.330742
v 1.174895 -0.209742 1.334186
v 1.159571 -0.152889 1.359151
v 1.192692 -0.098141 1.348301
v 1.311277 0.024098 1.406637
v 1.241775 -0.040767 1.406476
v 1.314945 0.091247 1.401290
v 1.286486 0.152520 1.397989
v 1.262250 0.212207 1.390867
v 1.171198 0.262063 1.397897
v 1.095513 0.304417 1.394713
v 1.050867 0.346047 1.390099
v 1.060007 0.409773 1.401103
v 1.041115 0.469478 1.406805
v 1.044791 0.555747 1.348511
v 1.045045 0.547426 1.405126
v 0.988121 0.704072 1.445127
v 1.027251 0.627371 1.423117
v 0.925321 0.780798 1.447284
v 0.813974 0.822835 1.459899
v 0.683325 0.831461 1.455382
v 0.551048 0.822769 1.449465
v 0.428876 0.792609 1.414658
v 0.317863 0.764202 1.407501
v 0.227100 0.749195 1.384566
v 0.143154 0.742032 1.373835
v 0.059267 0.742039 1.377594
v -0.023651 0.711812 1.388311
v -0.092274 0.663909 1.394500
v -0.146785 0.612271 1.393852
v -0.196671 0.569614 1.399902
v -0.248461 0.540308 1.401656
v -0.318587 0.538505 1.425044
v -0.380189 0.520466 1.429034
v -0.453990 0.512695 1.433671
v -0.524186 0.497184 1.433271
v -0.617974 0.494180 1.435621
v -0.736564 0.490208 1.429664
v -0.830348 0.469090 1.436910
v -0.936477 0.441373 1.381269
v -0.915881 0.428464 1.428714
v -0.949794 0.365485 1.420569
v -0.957577 0.308922 1.421538
v -0.988255 0.266010 1.433818
v -1.047133 0.217283 1.425947
v -1.131968 0.169293 1.442214
v -1.211043 0.111198 1.454944
v -1.249945 0.040674 1.457067
v -1.273864 -0.031703 1.456548
v -1.275048 -0.098307 1.451500
v -1.271527 -0.160001 1.452271
v -1.304283 -0.230039 1.439610
v -1.327029 -0.306543 1.436882
v -1.320476 -0.386939 1.426465
v -1.244124 -0.454643 1.428569
v -1.153579 -0.500905 1.418240
v -1.064184 -0.540387 1.405389
v -0.958574 -0.571047 1.385817
v -0.849737 -0.600286 1.391306
v -0.747280 -0.625960 1.397703
v -0.648470 -0.654406 1.421638
v -0.542727 -0.659640 1.411885
v -0.457057 -0.678550 1.422012
v -0.381911 -0.698981 1.444406
v -0.320806 -0.733465 1.428577
v -0.252749 -0.771387 1.430685
v -0.176759 -0.802930 1.436525
v -0.088593 -0.800301 1.429961
v -0.011618 -0.793328 1.423286
v 0.055915 -0.792589 1.426832
v 0.135102 -0.812164 1.412738
v 0.231714 -0.843393 1.408146
v 0.341712 -0.865185 1.409033
v 0.439015 -0.843372 1.416299
v 0.519552 -0.799064 1.412556
v 0.575233 -0.736750 1.416907
v 0.614613 -0.672949 1.434892
v 0.651855 -0.624581 1.431142
v 0.701863 -0.591841 1.424034
v 0.761819 -0.561979 1.405904
v 0.830166 -0.534686 1.354774
v 0.912916 -0.511216 1.398236
v 0.840644 -0.537768 1.391067
v 0.975032 -0.475225 1.393256
v 1.058180 -0.439091 1.380895
v 1.139185 -0.395479 1.379331
v 1.169923 -0.335002 1.384105
v 1.179237 -0.271525 1.385643
v 1.142189 -0.206487 1.390758
v 1.161618 -0.154403 1.418261
v 1.176228 -0.098050 1.403379
v 1.270216 0.019887 1.460710
v 1.199263 -0.040965 1.448230
v 1.287838 0.088038 1.452777
v 1.252971 0.146219 1.433143
v 1.214425 0.202611 1.427272
v 1.131392 0.252032 1.437722
v 1.052731 0.289981 1.440950
v 1.028140 0.334335 1.440263
v 1.014998 0.387745 1.448569
v 1.019576 0.452204 1.466994
v 1.028069 0.533533 1.466859
v 0.999576 0.607834 1.492132
v 0.961237 0.683516 1.503205
v 0.890977 0.748841 1.508584
v 0.785223 0.789783 1.511681
v 0.661482 0.796195 1.482955
v 0.528535 0.779042 1.472581
v 0.410908 0.754052 1.448851
v 0.303458 0.721857 1.443004
v 0.223211 0.719079 1.424178
v 0.145222 0.731165 1.418182
v 0.061705 0.723187 1.427426
v -0.019734 0.698819 1.443390
v -0.088402 0.650695 1.452232
v -0.136032 0.586126 1.447804
v -0.182875 0.544218 1.455647
v -0.227244 0.509670 1.453373
v -0.292736 0.503377 1.456212
v -0.362833 0.499796 1.464487
v -0.448428 0.504669 1.472367
v -0.518353 0.489261 1.467712
v -0.604700 0.481667 1.469849
v -0.697165 0.466662 1.472049
v -0.778190 0.439000 1.465613
v -0.869471 0.407954 1.475395
v -0.899591 0.348067 1.478413
v -0.907801 0.293405 1.468065
v -0.930341 0.249487 1.489197
v -0.973960 0.206319 1.498086
v -1.064705 0.160988 1.502739
v -1.153506 0.106108 1.511541
v -1.223757 0.040265 1.509242
v -1.255404 -0.031348 1.506706
v -1.250914 -0.103935 1.494722
v -1.209087 -0.164086 1.503087
v -1.226917 -0.225739 1.473366
v -1.242631 -0.295688 1.465932
v -1.229728 -0.366186 1.473195
v -1.214130 -0.440785 1.473697
v -1.126934 -0.491156 1.467321
v -1.007197 -0.519443 1.455574
v -0.904338 -0.546239 1.440347
v -0.840649 -0.593767 1.449600
v -0.743330 -0.622500 1.454622
v -0.623318 -0.637031 1.476538
v -0.521354 -0.642283 1.461497
v -0.431743 -0.655747 1.466232
v -0.356216 -0.675197 1.483132
v -0.295631 -0.705726 1.488937
v -0.227123 -0.724608 1.465503
v -0.167857 -0.775282 1.472904
v -0.085171 -0.783082 1.470940
v -0.009019 -0.777227 1.470782
v 0.059194 -0.779958 1.477634
v 0.135413 -0.793211 1.469280
v 0.226592 -0.815728 1.475385
v 0.323947 -0.816500 1.471029
v 0.419070 -0.803462 1.465213
v 0.500385 -0.769087 1.464538
v 0.553696 -0.708676 1.467445
v 0.588398 -0.646805 1.462304
v 0.636210 -0.610824 1.474021
v 0.695004 -0.584777 1.462341
v 0.747331 -0.549365 1.443551
v 0.801366 -0.516208 1.436117
v 0.858258 -0.480584 1.418442
v 0.930093 -0.455899 1.438667
v 1.006419 -0.420947 1.428802
v 1.106813 -0.389154 1.447034
v 1.139743 -0.328661 1.439042
v 1.127582 -0.263955 1.441191
v 1.116738 -0.204507 1.446871
v 1.107501 -0.149692 1.460775
v 1.131598 -0.096355 1.450850
v 1.216647 0.016876 1.494481
v 1.168405 -0.041092 1.483489
v 1.236078 0.081273 1.488077
v 1.208074 0.139324 1.472695
v 1.142989 0.188773 1.470695
v 1.074414 0.236953 1.486408
v 0.998924 0.274787 1.507929
v 0.970763 0.311646 1.505210
v 0.985110 0.369346 1.510738
v 0.994406 0.435214 1.524236
v 0.995746 0.514792 1.521778
v 0.962026 0.584254 1.530313
v 0.916985 0.651770 1.548549
v 0.844708 0.708692 1.539691
v 0.743153 0.745437 1.546667
v 0.631118 0.757898 1.515598
v 0.504694 0.742891 1.505601
v 0.393331 0.722199 1.494595
v 0.294147 0.696052 1.494420
v 0.218433 0.691499 1.490043
v 0.143599 0.696909 1.475615
v 0.063778 0.698444 1.496269
v -0.014242 0.673734 1.502087
v -0.076544 0.611479 1.508528
v -0.122159 0.553307 1.499590
v -0.158238 0.499694 1.512503
v -0.202765 0.473835 1.494198
v -0.254642 0.459212 1.491411
v -0.339201 0.475905 1.498149
v -0.419956 0.479512 1.505011
v -0.500424 0.474576 1.503392
v -0.587002 0.466634 1.505344
v -0.665158 0.447251 1.512426
v -0.739678 0.419837 1.511456
v -0.807298 0.381494 1.514326
v -0.839357 0.329597 1.532217
v -0.854322 0.276993 1.522221
v -0.859114 0.228395 1.526160
v -0.922055 0.195220 1.546725
v -1.006896 0.152756 1.550293
v -1.100389 0.098458 1.543449
v -1.177883 0.038052 1.552574
v -1.220494 -0.034603 1.546727
v -1.208047 -0.109650 1.542901
v -1.163319 -0.166391 1.535319
v -1.161498 -0.219506 1.534543
v -1.158505 -0.280829 1.530084
v -1.170776 -0.347255 1.522375
v -1.157437 -0.420484 1.525805
v -1.065399 -0.466000 1.497506
v -0.969700 -0.508001 1.514699
v -0.861838 -0.527897 1.501215
v -0.805008 -0.572675 1.502973
v -0.703430 -0.597364 1.498259
v -0.596597 -0.612048 1.497369
v -0.488635 -0.617123 1.500640
v -0.402318 -0.628865 1.502738
v -0.332272 -0.651412 1.517846
v -0.262932 -0.665719 1.523369
v -0.213737 -0.698562 1.523009
v -0.158354 -0.742764 1.517617
v -0.080919 -0.765243 1.520443
v -0.003653 -0.749897 1.524159
v 0.061130 -0.753102 1.534652
v 0.134947 -0.763034 1.526795
v 0.218393 -0.773355 1.533142
v 0.312704 -0.786921 1.537525
v 0.402823 -0.770523 1.515688
v 0.481095 -0.738457 1.510050
v 0.537775 -0.686219 1.504960
v 0.562720 -0.618902 1.499815
v 0.600136 -0.581805 1.514492
v 0.668499 -0.565350 1.501828
v 0.724951 -0.534126 1.483774
v 0.778277 -0.500739 1.468082
v 0.835993 -0.469483 1.467252
v 0.873649 -0.429436 1.470782
v 0.936729 -0.396858 1.479045
v 1.021443 -0.366155 1.502430
v 1.075338 -0.315941 1.509523
v 1.091489 -0.257189 1.515277
v 1.071495 -0.198475 1.503468
v 1.071241 -0.146492 1.502600
v 1.104614 -0.095641 1.488809
v 1.140681 0.012727 1.523107
v 1.089627 -0.044015 1.533679
v 1.192537 0.074441 1.521858
v 1.163139 0.132232 1.522601
v 1.079876 0.180157 1.536738
v 1.000541 0.222154 1.556872
v 0.954668 0.259407 1.565124
v 0.944491 0.296087 1.569474
v 0.959983 0.352958 1.559084
v 0.980468 0.426966 1.567949
v 0.953588 0.492031 1.575378
v 0.918921 0.556588 1.567264
v 0.869811 0.617632 1.575048
v 0.799328 0.669157 1.569565
v 0.709120 0.704961 1.565188
v 0.605454 0.722998 1.557238
v 0.494709 0.719424 1.545629
v 0.386187 0.703592 1.548037
v 0.288613 0.673423 1.548501
v 0.216819 0.673493 1.545582
v 0.143067 0.672992 1.530718
v 0.065320 0.673905 1.548551
v -0.007806 0.629199 1.549533
v -0.066929 0.577736 1.548789
v -0.108305 0.512814 1.549146
v -0.135911 0.456776 1.546579
v -0.170093 0.430938 1.544911
v -0.223191 0.424045 1.524894
v -0.302390 0.441635 1.532776
v -0.394394 0.455648 1.535109
v -0.478883 0.458454 1.547910
v -0.563271 0.448614 1.554549
v -0.616071 0.417963 1.563784
v -0.682199 0.392804 1.570725
v -0.736239 0.352584 1.562726
v -0.769371 0.305436 1.572261
v -0.777137 0.255250 1.572776
v -0.809337 0.217912 1.573424
v -0.862237 0.182255 1.574134
v -0.963288 0.145805 1.582864
v -1.055090 0.093959 1.575736
v -1.127260 0.035770 1.587591
v -1.167338 -0.037815 1.580882
v -1.137142 -0.107544 1.575525
v -1.119084 -0.164232 1.580154
v -1.093867 -0.214804 1.580614
v -1.088233 -0.267958 1.578302
v -1.091101 -0.328235 1.564645
v -1.089525 -0.399849 1.562446
v -1.030532 -0.454381 1.545806
v -0.924018 -0.490804 1.558958
v -0.829482 -0.514562 1.542131
v -0.734781 -0.538612 1.535422
v -0.641856 -0.563774 1.542344
v -0.567264 -0.591570 1.531890
v -0.460465 -0.598380 1.543375
v -0.368468 -0.605421 1.561362
v -0.293607 -0.609360 1.550891
v -0.241022 -0.634101 1.568721
v -0.194078 -0.660913 1.551510
v -0.140678 -0.697815 1.556067
v -0.073390 -0.730787 1.575920
v -0.000671 -0.736639 1.576871
v 0.064132 -0.733242 1.585668
v 0.136011 -0.743803 1.574896
v 0.217062 -0.750735 1.577058
v 0.295814 -0.737031 1.573801
v 0.383197 -0.734052 1.572174
v 0.452655 -0.695865 1.550096
v 0.504041 -0.645930 1.544872
v 0.551649 -0.605168 1.559428
v 0.590073 -0.571742 1.556393
v 0.634246 -0.542174 1.551928
v 0.696034 -0.519682 1.547776
v 0.754255 -0.486715 1.525058
v 0.795321 -0.450362 1.525915
v 0.850789 -0.418874 1.526135
v 0.894594 -0.385113 1.549488
v 0.933177 -0.339564 1.533639
v 0.981951 -0.296844 1.533681
v 1.025413 -0.249364 1.552119
v 1.033625 -0.194884 1.537485
v 1.040882 -0.144928 1.536238
v 1.060828 -0.095712 1.535702
v 1.101427 0.004990 1.587762
v 1.067681 -0.046179 1.579387
v 1.121655 0.066242 1.573863
v 1.110078 0.124441 1.574536
v 1.043484 0.173408 1.586956
v 0.959995 0.209921 1.601103
v 0.907069 0.239959 1.595793
v 0.908223 0.281516 1.596638
v 0.936468 0.339670 1.602907
v 0.945800 0.410064 1.610132
v 0.939324 0.482574 1.613219
v 0.900234 0.541470 1.631725
v 0.836749 0.592559 1.638054
v 0.755820 0.630043 1.613664
v 0.680980 0.673093 1.615361
v 0.577065 0.686912 1.617120
v 0.480779 0.694466 1.602467
v 0.381062 0.685867 1.598329
v 0.286724 0.658052 1.598596
v 0.214431 0.652057 1.594629
v 0.142240 0.648684 1.577422
v 0.065943 0.646421 1.592105
v -0.002773 0.604581 1.581474
v -0.058645 0.547588 1.588731
v -0.092864 0.479266 1.574386
v -0.127305 0.437759 1.585646
v -0.150661 0.402612 1.576545
v -0.205714 0.410752 1.586716
v -0.283465 0.418702 1.569318
v -0.381724 0.443400 1.581870
v -0.465552 0.446604 1.595688
v -0.551363 0.437618 1.602581
v -0.585615 0.393622 1.588470
v -0.639850 0.371117 1.613544
v -0.699712 0.338280 1.617873
v -0.731133 0.289845 1.610451
v -0.741478 0.243932 1.609561
v -0.764947 0.206923 1.603820
v -0.835176 0.175936 1.610385
v -0.915054 0.138173 1.619836
v -1.010842 0.086905 1.605634
v -1.089974 0.031966 1.618754
v -1.113877 -0.039895 1.626249
v -1.092701 -0.105737 1.622803
v -1.062937 -0.158047 1.608229
v -1.033349 -0.209360 1.626458
v -1.029811 -0.259071 1.622762
v -1.047458 -0.318939 1.607911
v -1.055741 -0.389061 1.604652
v -1.010487 -0.452709 1.606988
v -0.898413 -0.478814 1.590482
v -0.793550 -0.504193 1.596952
v -0.697440 -0.523534 1.581522
v -0.609519 -0.544790 1.583291
v -0.521529 -0.560814 1.576012
v -0.431471 -0.576288 1.588343
v -0.342372 -0.583439 1.606727
v -0.277619 -0.591531 1.598160
v -0.226829 -0.610160 1.603467
v -0.183097 -0.641265 1.600162
v -0.133594 -0.681325 1.603801
v -0.069666 -0.711426 1.628408
v 0.001865 -0.714032 1.604340
v 0.067975 -0.712326 1.605946
v 0.134320 -0.718537 1.630648
v 0.212425 -0.715753 1.611584
v 0.287540 -0.707479 1.607164
v 0.365315 -0.696745 1.600373
v 0.444033 -0.678889 1.591571
v 0.490878 -0.628822 1.589716
v 0.536735 -0.591813 1.607409
v 0.578370 -0.559174 1.606108
v 0.612669 -0.525151 1.603394
v 0.672874 -0.500030 1.580689
v 0.722570 -0.468838 1.577245
v 0.761123 -0.434098 1.576399
v 0.814277 -0.407899 1.594978
v 0.854123 -0.369435 1.594930
v 0.889640 -0.330076 1.594253
v 0.941132 -0.288432 1.573716
v 0.996077 -0.244827 1.572426
v 1.013231 -0.193470 1.576702
v 1.037176 -0.145054 1.576633
v 1.039434 -0.095537 1.579075

vn 0.395436 -0.271598 -0.877419
vn 0.435135 0.007140 -0.900337
vn 0.413185 0.203055 -0.887720
vn 0.470743 0.259286 -0.843310
vn 0.629505 0.347181 -0.695118
vn 0.532360 0.468462 -0.705079
vn 0.428826 0.455810 -0.779965
vn 0.392858 0.420844 -0.817651
vn 0.367802 0.280646 -0.886543
vn 0.416798 0.058284 -0.907128
vn 0.513063 -0.057953 -0.856392
vn 0.531995 0.092591 -0.841670
vn 0.412759 0.314235 -0.854919
vn 0.284748 0.523100 -0.803296
vn 0.075275 0.697087 -0.713024
vn -0.081389 0.701435 -0.708071
vn -0.083162 0.727698 -0.680838
vn 0.012283 0.725397 -0.688221
vn 0.007189 0.678710 -0.734371
vn -0.064585 0.608398 -0.791000
vn -0.147539 0.531070 -0.834384
vn -0.184065 0.539219 -0.821805
vn -0.259116 0.535530 -0.803783
vn -0.335762 0.592580 -0.732197
vn -0.333272 0.674588 -0.658681
vn -0.403828 0.548138 -0.732440
vn -0.403797 0.481205 -0.778068
vn -0.285666 0.505410 -0.814221
vn -0.117672 0.574304 -0.810141
vn 0.023544 0.670022 -0.741968
vn 0.020357 0.662711 -0.748598
vn -0.052450 0.581522 -0.811838
vn -0.143974 0.534963 -0.832518
vn -0.374874 0.376001 -0.847403
vn -0.601740 0.251566 -0.758039
vn -0.612640 0.346788 -0.710218
vn -0.486002 0.486791 -0.725835
vn -0.355761 0.617523 -0.701499
vn -0.321040 0.547293 -0.772919
vn -0.413670 0.322857 -0.851258
vn -0.433898 0.162380 -0.886209
vn -0.363862 0.117897 -0.923961
vn -0.380860 0.204323 -0.901775
vn -0.411442 0.341520 -0.845032
vn -0.478228 0.290184 -0.828910
vn -0.618613 0.109201 -0.778070
vn -0.590511 -0.263812 -0.762692
vn -0.421926 -0.529847 -0.735691
vn -0.348161 -0.537002 -0.768383
vn -0.407059 -0.431890 -0.804844
vn -0.371595 -0.447419 -0.813470
vn -0.216981 -0.521897 -0.824950
vn -0.112674 -0.542989 -0.832146
vn -0.015052 -0.541909 -0.840302
vn -0.081906 -0.585510 -0.806517
vn -0.236527 -0.585934 -0.775071
vn -0.296841 -0.537074 -0.789580
vn -0.266296 -0.610470 -0.745931
vn -0.163041 -0.665420 -0.728446
vn -0.028616 -0.602770 -0.797402
vn 0.046655 -0.511521 -0.858003
vn -0.063671 -0.503102 -0.861878
vn -0.196718 -0.540921 -0.817744
vn -0.209920 -0.535229 -0.818208
vn -0.149316 -0.527859 -0.836104
vn -0.032811 -0.551924 -0.833248
vn 0.109168 -0.600362 -0.792242
vn 0.262280 -0.655177 -0.708486
vn 0.349018 -0.652989 -0.672155
vn 0.345828 -0.565938 -0.748410
vn 0.371260 -0.517539 -0.770921
vn 0.457917 -0.321344 -0.828885
vn 0.394275 -0.174998 -0.902177
vn 0.272330 -0.327332 -0.904815
vn 0.185983 -0.516897 -0.835600
vn 0.109115 -0.641103 -0.759658
vn 0.131261 -0.682718 -0.718796
vn 0.370558 -0.506747 -0.778392
vn 0.513603 -0.130292 -0.848078
vn 0.463823 0.078353 -0.882456
vn 0.502464 0.019323 -0.864382
vn 0.485315 -0.181384 -0.855318
vn 0.380910 -0.362368 -0.850645
vn 0.359776 -0.422179 -0.832062
vn 0.590403 -0.423104 -0.687319
vn 0.671742 0.009857 -0.740720
vn 0.677650 0.332806 -0.655767
vn 0.754402 0.479817 -0.447942
vn 0.779922 0.590007 -0.208838
vn 0.758012 0.623272 -0.192225
vn 0.704373 0.618842 -0.347697
vn 0.579456 0.588198 -0.564140
vn 0.566713 0.382190 -0.729909
vn 0.721429 0.058193 -0.690039
vn 0.860188 -0.049679 -0.507551
vn 0.856421 0.186668 -0.481350
vn 0.714935 0.519642 -0.467803
vn 0.434019 0.807022 -0.400429
vn 0.078112 0.945450 -0.316262
vn -0.108796 0.955730 -0.273394
vn -0.125816 0.957257 -0.260440
vn 0.026432 0.961089 -0.274970
vn 0.041597 0.928946 -0.367871
vn -0.062141 0.877332 -0.475843
vn -0.192352 0.820477 -0.538347
vn -0.285533 0.817895 -0.499518
vn -0.401207 0.801631 -0.443193
vn -0.517551 0.804989 -0.290057
vn -0.481263 0.866205 -0.134443
vn -0.537315 0.819712 -0.198404
vn -0.572194 0.753491 -0.323798
vn -0.421301 0.833957 -0.356399
vn -0.182015 0.931811 -0.314005
vn 0.004271 0.960344 -0.278785
vn 0.032092 0.951869 -0.304822
vn -0.056653 0.909472 -0.411887
vn -0.226688 0.833761 -0.503443
vn -0.589791 0.547537 -0.593591
vn -0.840635 0.257158 -0.476658
vn -0.852616 0.469401 -0.229586
vn -0.688884 0.718603 -0.095128
vn -0.507117 0.844389 -0.172740
vn -0.445588 0.823314 -0.351574
vn -0.605191 0.535575 -0.588985
vn -0.626030 0.260608 -0.734963
vn -0.551298 0.218253 -0.805256
vn -0.583129 0.288256 -0.759519
vn -0.643830 0.494794 -0.583662
vn -0.752447 0.424691 -0.503449
vn -0.909539 0.087747 -0.406250
vn -0.837301 -0.395481 -0.377521
vn -0.566978 -0.711690 -0.414769
vn -0.490777 -0.723766 -0.485078
vn -0.571914 -0.592999 -0.566804
vn -0.512428 -0.618935 -0.595261
vn -0.321229 -0.733972 -0.598412
vn -0.173554 -0.787680 -0.591134
vn -0.035792 -0.827106 -0.560905
vn -0.082794 -0.871777 -0.482857
vn -0.343197 -0.868350 -0.358027
vn -0.472070 -0.822468 -0.317326
vn -0.352197 -0.885699 -0.302482
vn -0.216789 -0.920730 -0.324435
vn -0.081178 -0.873376 -0.480235
vn 0.025885 -0.776592 -0.629471
vn -0.091779 -0.765104 -0.637333
vn -0.252364 -0.790747 -0.557702
vn -0.319651 -0.810491 -0.490843
vn -0.249848 -0.852663 -0.458847
vn -0.040147 -0.896601 -0.441017
vn 0.192924 -0.892338 -0.408060
vn 0.394882 -0.847531 -0.354626
vn 0.471953 -0.845095 -0.251148
vn 0.468480 -0.862756 -0.190207
vn 0.540947 -0.794735 -0.275269
vn 0.656617 -0.502025 -0.562872
vn 0.557699 -0.331781 -0.760850
vn 0.403979 -0.497281 -0.767797
vn 0.290526 -0.713438 -0.637653
vn 0.182153 -0.913195 -0.364548
vn 0.204091 -0.960486 -0.189247
vn 0.521955 -0.778776 -0.347954
vn 0.755976 -0.261397 -0.600143
vn 0.715097 0.072005 -0.695307
vn 0.729316 0.056352 -0.681852
vn 0.699423 -0.267244 -0.662864
vn 0.573663 -0.563493 -0.594463
vn 0.532450 -0.615557 -0.581022
vn 0.518929 -0.410633 -0.749729
vn 0.647968 0.072858 -0.758175
vn 0.680533 0.415340 -0.603628
vn 0.641160 0.585254 -0.496379
vn 0.660787 0.639683 -0.392639
vn 0.715342 0.585899 -0.380800
vn 0.684997 0.484431 -0.544156
vn 0.595821 0.348767 -0.723436
vn 0.562391 0.213648 -0.798794
vn 0.647131 0.094005 -0.756561
vn 0.767417 0.094228 -0.634186
vn 0.825467 0.234946 -0.513230
vn 0.727349 0.526937 -0.439660
vn 0.414507 0.770555 -0.484179
vn 0.090764 0.852909 -0.514109
vn -0.096681 0.870323 -0.482898
vn -0.115437 0.870568 -0.478315
vn 0.012295 0.853786 -0.520479
vn 0.080032 0.815920 -0.572598
vn 0.006493 0.807327 -0.590069
vn -0.134864 0.768580 -0.625376
vn -0.269456 0.738240 -0.618382
vn -0.417255 0.767181 -0.487167
vn -0.572946 0.743490 -0.344899
vn -0.552354 0.794125 -0.253517
vn -0.508638 0.838186 -0.196804
vn -0.493017 0.792991 -0.357910
vn -0.367731 0.789900 -0.490746
vn -0.175332 0.873150 -0.454827
vn 0.007755 0.888163 -0.459463
vn 0.042314 0.877118 -0.478408
vn -0.031986 0.887700 -0.459310
vn -0.232582 0.817444 -0.526964
vn -0.626874 0.501550 -0.596219
vn -0.814036 0.122927 -0.567656
vn -0.879514 0.225705 -0.418943
vn -0.752299 0.604858 -0.261139
vn -0.461350 0.830802 -0.311326
vn -0.375920 0.825019 -0.421934
vn -0.466863 0.543594 -0.697528
vn -0.467994 0.297142 -0.832279
vn -0.479588 0.278628 -0.832083
vn -0.556141 0.204583 -0.805514
vn -0.678931 0.320338 -0.660634
vn -0.800260 0.317324 -0.508813
vn -0.825910 -0.036346 -0.562629
vn -0.658799 -0.334562 -0.673834
vn -0.481998 -0.519604 -0.705472
vn -0.432807 -0.561265 -0.705450
vn -0.478561 -0.450441 -0.753712
vn -0.448242 -0.497100 -0.742947
vn -0.332462 -0.665527 -0.668238
vn -0.203206 -0.763787 -0.612647
vn -0.055645 -0.828428 -0.557325
vn -0.028088 -0.862946 -0.504515
vn -0.217812 -0.889914 -0.400763
vn -0.425623 -0.863600 -0.270259
vn -0.356506 -0.892326 -0.276871
vn -0.229240 -0.865408 -0.445554
vn -0.168875 -0.774148 -0.610062
vn -0.091717 -0.716432 -0.691602
vn -0.081282 -0.709931 -0.699565
vn -0.168233 -0.731313 -0.660968
vn -0.258061 -0.771007 -0.582196
vn -0.202584 -0.841080 -0.501542
vn -0.007993 -0.882357 -0.470514
vn 0.208673 -0.841812 -0.497804
vn 0.375170 -0.752243 -0.541643
vn 0.458821 -0.705495 -0.540149
vn 0.458665 -0.757908 -0.463898
vn 0.451271 -0.748927 -0.485246
vn 0.417878 -0.575460 -0.703010
vn 0.374307 -0.453907 -0.808618
vn 0.362568 -0.533430 -0.764196
vn 0.349959 -0.649727 -0.674821
vn 0.328739 -0.816919 -0.473893
vn 0.289911 -0.909703 -0.297306
vn 0.440032 -0.776292 -0.451378
vn 0.614971 -0.387305 -0.686881
vn 0.640645 -0.054132 -0.765927
vn 0.649789 0.035232 -0.759298
vn 0.631184 -0.222970 -0.742894
vn 0.532716 -0.484899 -0.693604
vn 0.481619 -0.577443 -0.659244
vn 0.758642 -0.629758 -0.166934
vn 0.906709 0.157930 -0.391071
vn 0.709191 0.576306 -0.406103
vn 0.662550 0.692931 -0.284383
vn 0.680124 0.727652 -0.089185
vn 0.751903 0.656094 -0.064672
vn 0.870706 0.469633 -0.146001
vn 0.833357 0.264956 -0.485092
vn 0.680008 0.146771 -0.718365
vn 0.690993 0.171066 -0.702329
vn 0.752721 0.251118 -0.608565
vn 0.845776 0.362670 -0.391322
vn 0.757262 0.620898 -0.202582
vn 0.489976 0.852054 -0.184195
vn 0.156732 0.957680 -0.241421
vn -0.087651 0.942229 -0.323299
vn -0.115040 0.903611 -0.412618
vn 0.015523 0.907898 -0.418904
vn 0.110165 0.923410 -0.367664
vn 0.027366 0.906884 -0.420490
vn -0.116701 0.887264 -0.446255
vn -0.311177 0.910400 -0.272655
vn -0.537306 0.843355 0.007398
vn -0.652776 0.748697 0.115483
vn -0.612791 0.772660 0.165784
vn -0.542345 0.819577 0.184812
vn -0.424546 0.904931 -0.029320
vn -0.291673 0.868856 -0.400021
vn -0.168471 0.830970 -0.530195
vn 0.040277 0.940045 -0.338665
vn 0.058172 0.992138 -0.110804
vn -0.075107 0.996297 -0.041841
vn -0.298830 0.953957 0.025811
vn -0.838413 0.542329 0.054246
vn -0.992377 0.119881 -0.028590
vn -0.984236 0.058803 -0.166798
vn -0.837658 0.459206 -0.295736
vn -0.425289 0.885678 -0.186291
vn -0.363654 0.909810 -0.200003
vn -0.476799 0.714012 -0.512688
vn -0.534777 0.464364 -0.705960
vn -0.711765 0.389495 -0.584537
vn -0.903114 0.187992 -0.386063
vn -0.978913 0.179978 -0.096632
vn -0.950469 0.210845 0.228371
vn -0.992691 -0.055582 0.107125
vn -0.918239 -0.340529 -0.202181
vn -0.655542 -0.553380 -0.513843
vn -0.475535 -0.585946 -0.656150
vn -0.627553 -0.537477 -0.563289
vn -0.632781 -0.680421 -0.369615
vn -0.415995 -0.849005 -0.325789
vn -0.254028 -0.917848 -0.305000
vn -0.075713 -0.969470 -0.233230
vn -0.014119 -0.985885 -0.166827
vn -0.116065 -0.993142 -0.014063
vn -0.329991 -0.933853 0.137931
vn -0.373463 -0.925987 -0.055442
vn -0.326362 -0.857791 -0.397092
vn -0.312049 -0.854906 -0.414441
vn -0.212066 -0.916406 -0.339452
vn -0.111011 -0.898770 -0.424133
vn -0.167810 -0.910546 -0.377818
vn -0.251411 -0.952287 -0.173039
vn -0.161667 -0.986576 -0.023078
vn 0.031626 -0.998948 -0.033200
vn 0.239970 -0.965828 -0.097935
vn 0.417495 -0.895384 -0.154872
vn 0.527721 -0.805240 -0.270369
vn 0.522759 -0.758566 -0.388973
vn 0.456773 -0.778817 -0.429887
vn 0.353758 -0.830686 -0.429901
vn 0.446708 -0.761576 -0.469526
vn 0.569225 -0.739185 -0.359983
vn 0.549661 -0.811727 -0.197412
vn 0.517766 -0.836640 -0.178749
vn 0.401821 -0.912806 -0.072970
vn 0.446204 -0.894895 0.008028
vn 0.749415 -0.660690 -0.043189
vn 0.941577 -0.208538 -0.264472
vn 0.868856 0.017559 -0.494753
vn 0.850260 -0.263781 -0.455497
vn 0.709676 -0.634609 -0.305992
vn 0.618543 -0.758950 -0.203467
vn 0.711026 -0.570523 0.411028
vn 0.892761 0.022607 0.449963
vn 0.764584 0.612651 0.200172
vn 0.633104 0.704964 0.319694
vn 0.568392 0.737021 0.365691
vn 0.705479 0.636253 0.312221
vn 0.865264 0.404844 0.295667
vn 0.995475 0.094770 -0.006949
vn 0.960278 -0.029005 -0.277533
vn 0.939595 0.255093 -0.228230
vn 0.899551 0.414180 -0.138793
vn 0.845056 0.532755 0.045292
vn 0.677585 0.685541 0.266292
vn 0.470441 0.819977 0.326072
vn 0.177188 0.967316 0.181398
vn -0.053543 0.997752 -0.040299
vn -0.086710 0.971284 -0.221559
vn 0.003716 0.989880 -0.141855
vn 0.079575 0.995766 -0.046014
vn 0.059193 0.996899 -0.051856
vn -0.102683 0.994712 -0.001950
vn -0.367217 0.905608 0.212191
vn -0.583537 0.723411 0.369000
vn -0.633309 0.655366 0.411601
vn -0.562504 0.666566 0.489161
vn -0.501776 0.745749 0.438268
vn -0.289850 0.910359 0.295355
vn -0.111460 0.993581 0.019308
vn -0.085427 0.970639 -0.224860
vn -0.029064 0.998504 -0.046321
vn -0.032880 0.967646 0.250161
vn -0.095233 0.926213 0.364775
vn -0.312946 0.814226 0.488980
vn -0.700520 0.473964 0.533507
vn -0.887379 0.181288 0.423903
vn -0.958938 0.154739 0.237686
vn -0.826199 0.552265 0.111351
vn -0.428151 0.896234 0.115978
vn -0.359189 0.932525 0.037142
vn -0.460417 0.883610 -0.085142
vn -0.686088 0.716465 -0.126336
vn -0.943790 0.317233 0.092867
vn -0.960937 -0.012576 0.276482
vn -0.837718 -0.068228 0.541824
vn -0.707002 -0.014201 0.707069
vn -0.770199 0.029937 0.637101
vn -0.884318 -0.130691 0.448220
vn -0.892251 -0.448178 0.054993
vn -0.705865 -0.662882 -0.249684
vn -0.697333 -0.714714 -0.053946
vn -0.586181 -0.793224 0.164888
vn -0.431052 -0.891403 0.139980
vn -0.272099 -0.958553 0.084488
vn -0.070341 -0.994966 0.071385
vn 0.005935 -0.995583 0.093695
vn -0.048897 -0.967759 0.247088
vn -0.245063 -0.867154 0.433576
vn -0.454255 -0.848610 0.271133
vn -0.533828 -0.845588 -0.002722
vn -0.358711 -0.930231 -0.077444
vn -0.191622 -0.980081 -0.052167
vn -0.165779 -0.984495 -0.057339
vn -0.156616 -0.986957 0.037247
vn -0.148822 -0.927233 0.343644
vn -0.083662 -0.891100 0.446029
vn 0.028600 -0.939208 0.342157
vn 0.203310 -0.943574 0.261408
vn 0.392899 -0.905577 0.159878
vn 0.492424 -0.868797 0.052067
vn 0.502899 -0.862155 -0.061494
vn 0.483107 -0.867060 -0.121718
vn 0.383496 -0.923115 0.028113
vn 0.487899 -0.863986 0.124430
vn 0.673652 -0.715234 0.186100
vn 0.625081 -0.722691 0.294943
vn 0.523209 -0.796285 0.303615
vn 0.424880 -0.843867 0.327666
vn 0.425088 -0.790812 0.440359
vn 0.662988 -0.619428 0.420424
vn 0.906981 -0.395695 0.144259
vn 0.959977 -0.188497 -0.207156
vn 0.957314 -0.240669 -0.160086
vn 0.785793 -0.582243 0.208622
vn 0.630502 -0.719183 0.291964
vn 0.571747 -0.431376 0.697869
vn 0.594713 0.015625 0.803786
vn 0.568764 0.378948 0.730004
vn 0.466303 0.643960 0.606528
vn 0.520612 0.666751 0.533298
vn 0.738905 0.546934 0.393551
vn 0.914072 0.383218 0.132725
vn 0.971553 -0.078204 0.223538
vn 0.899899 -0.148250 0.410127
vn 0.862312 0.245372 0.442956
vn 0.748139 0.398285 0.530714
vn 0.654413 0.515814 0.552883
vn 0.522716 0.676343 0.518967
vn 0.386572 0.749507 0.537403
vn 0.189040 0.884577 0.426365
vn 0.003043 0.987491 0.157644
vn -0.030699 0.998684 0.041085
vn -0.045506 0.992808 0.110729
vn 0.027356 0.989509 0.141860
vn 0.061323 0.974954 0.213785
vn -0.114235 0.960027 0.255535
vn -0.448655 0.872636 0.192910
vn -0.668967 0.713322 0.208936
vn -0.672015 0.640691 0.371364
vn -0.606850 0.641123 0.469781
vn -0.459372 0.758916 0.461544
vn -0.197173 0.915671 0.350242
vn 0.006559 0.985501 0.169541
vn 0.029233 0.989287 0.143028
vn -0.096982 0.986415 0.132590
vn -0.150684 0.972648 0.176776
vn -0.130199 0.941243 0.311624
vn -0.322767 0.833078 0.449225
vn -0.642538 0.559995 0.523020
vn -0.849700 0.298429 0.434684
vn -0.914143 0.307364 0.264330
vn -0.759997 0.614005 0.213077
vn -0.448539 0.867380 0.215558
vn -0.335833 0.930771 0.144506
vn -0.423242 0.880755 0.212454
vn -0.623723 0.664203 0.412072
vn -0.759484 0.169923 0.627941
vn -0.678977 -0.134266 0.721778
vn -0.642170 -0.211871 0.736701
vn -0.671735 -0.119757 0.731048
vn -0.707503 0.089618 0.701005
vn -0.828790 0.020021 0.559201
vn -0.887271 -0.215036 0.408055
vn -0.757763 -0.536075 0.372047
vn -0.591726 -0.779701 0.204761
vn -0.479293 -0.873908 0.081009
vn -0.412939 -0.845676 0.338102
vn -0.248227 -0.854996 0.455373
vn -0.056861 -0.944406 0.323828
vn 0.017815 -0.949015 0.314727
vn 0.006086 -0.960208 0.279220
vn -0.215920 -0.934747 0.282183
vn -0.517502 -0.710124 0.477406
vn -0.553342 -0.635077 0.538971
vn -0.370153 -0.896007 0.245272
vn -0.168417 -0.984384 0.051222
vn -0.166464 -0.960718 0.222059
vn -0.110199 -0.907044 0.406359
vn 0.004765 -0.903400 0.428772
vn -0.030989 -0.928206 0.370773
vn -0.034228 -0.953916 0.298114
vn 0.158115 -0.965886 0.205096
vn 0.337644 -0.920830 0.195113
vn 0.435162 -0.877426 0.201887
vn 0.453071 -0.885374 0.104116
vn 0.460593 -0.886657 0.041154
vn 0.437056 -0.857597 0.271127
vn 0.451011 -0.740911 0.497634
vn 0.617016 -0.605319 0.502871
vn 0.605255 -0.589745 0.534666
vn 0.438700 -0.614248 0.655928
vn 0.367561 -0.694035 0.619043
vn 0.497773 -0.781966 0.375169
vn 0.676109 -0.725137 0.130585
vn 0.793545 -0.608511 -0.000486
vn 0.899153 -0.437567 0.007684
vn 0.978569 -0.204755 -0.021846
vn 0.928471 -0.355836 0.106404
vn 0.654084 -0.619362 0.434241
vn 0.569212 -0.182708 0.801633
vn 0.666146 0.006527 0.745793
vn 0.667527 0.342930 0.660913
vn 0.544523 0.727832 0.416840
vn 0.610755 0.691573 0.385623
vn 0.870172 0.396324 0.292792
vn 0.986002 0.166589 -0.007007
vn 0.988141 0.002074 0.153535
vn 0.900203 -0.035562 0.434015
vn 0.828549 0.226463 0.512075
vn 0.672415 0.448266 0.588996
vn 0.612459 0.497882 0.614009
vn 0.534662 0.662681 0.524395
vn 0.385228 0.791730 0.474092
vn 0.217503 0.908409 0.357050
vn 0.074282 0.992217 0.099934
vn 0.002200 0.999939 0.010843
vn -0.071509 0.995945 0.054597
vn 0.017767 0.987790 0.154773
vn 0.029494 0.980191 0.195846
vn -0.130611 0.962214 0.238926
vn -0.427500 0.876588 0.220992
vn -0.679642 0.702711 0.210436
vn -0.746632 0.581169 0.323702
vn -0.671528 0.624669 0.398547
vn -0.459273 0.781409 0.422456
vn -0.166451 0.938109 0.303718
vn 0.066687 0.985206 0.157864
vn 0.039771 0.983362 0.177249
vn -0.079934 0.980568 0.179157
vn -0.161999 0.972747 0.165888
vn -0.183374 0.938259 0.293331
vn -0.346057 0.829314 0.438728
vn -0.619984 0.607205 0.496912
vn -0.803756 0.409091 0.431996
vn -0.864342 0.446889 0.230659
vn -0.751583 0.652582 0.096229
vn -0.497424 0.860677 0.108652
vn -0.321828 0.929622 0.179526
vn -0.439914 0.867209 0.233290
vn -0.678230 0.651432 0.340060
vn -0.799321 0.076699 0.595989
vn -0.631863 -0.290811 0.718455
vn -0.600937 -0.219560 0.768549
vn -0.687633 -0.060039 0.723571
vn -0.802388 0.123825 0.583815
vn -0.900680 0.181785 0.394626
vn -0.952336 -0.096894 0.289253
vn -0.779304 -0.568605 0.263388
vn -0.665725 -0.740567 0.091490
vn -0.547908 -0.836133 0.026042
vn -0.322273 -0.905104 0.277358
vn -0.183163 -0.878636 0.440964
vn -0.057904 -0.898006 0.436156
vn 0.029779 -0.934432 0.354894
vn -0.023787 -0.983344 0.180189
vn -0.272025 -0.958247 0.088114
vn -0.499769 -0.831558 0.242368
vn -0.596121 -0.740653 0.309955
vn -0.526581 -0.823528 0.210985
vn -0.246507 -0.958389 0.143959
vn -0.066382 -0.973505 0.218818
vn 0.009009 -0.918709 0.394832
vn 0.021607 -0.914323 0.404409
vn -0.068923 -0.923999 0.376131
vn -0.074495 -0.926392 0.369119
vn 0.109829 -0.974151 0.197404
vn 0.326671 -0.944951 0.018799
vn 0.435244 -0.899192 0.044910
vn 0.407880 -0.902633 0.137429
vn 0.430702 -0.880867 0.196389
vn 0.540037 -0.761820 0.357758
vn 0.555805 -0.650659 0.517420
vn 0.594681 -0.624595 0.506198
vn 0.665413 -0.567745 0.484655
vn 0.645662 -0.526912 0.552707
vn 0.448849 -0.726581 0.520206
vn 0.386866 -0.894760 0.223023
vn 0.538952 -0.840876 0.049572
vn 0.705810 -0.703838 -0.080275
vn 0.883067 -0.444590 -0.150109
vn 0.973719 -0.215211 0.074537
vn 0.926332 -0.275210 0.257232
vn 0.708823 -0.371551 0.599599
vn 0.907486 -0.106002 0.406487
vn 0.946206 -0.177814 0.270326
vn 0.932095 0.326512 0.156805
vn 0.650912 0.747872 -0.130386
vn 0.619467 0.737977 -0.267677
vn 0.966265 0.255715 -0.030684
vn 0.991164 -0.082163 0.104131
vn 0.991330 0.097404 -0.088187
vn 0.982756 0.120455 -0.140292
vn 0.958994 0.278120 -0.054579
vn 0.807005 0.589396 -0.036823
vn 0.746283 0.589820 0.308502
vn 0.615941 0.659758 0.430507
vn 0.444830 0.871125 0.208007
vn 0.267340 0.962749 -0.040552
vn 0.142220 0.973011 -0.181722
vn 0.027594 0.991873 -0.124203
vn -0.087282 0.996180 -0.002718
vn -0.026233 0.985774 0.166018
vn 0.011569 0.964949 0.262181
vn -0.137957 0.912905 0.384152
vn -0.401445 0.820987 0.405984
vn -0.679388 0.687472 0.256542
vn -0.820339 0.563694 0.096395
vn -0.745323 0.666076 0.028916
vn -0.486718 0.873497 0.010436
vn -0.122200 0.991887 -0.035047
vn 0.119843 0.987744 -0.099995
vn 0.036089 0.987203 -0.155333
vn -0.067093 0.997552 0.019707
vn -0.139094 0.965466 0.220293
vn -0.260626 0.902357 0.343258
vn -0.396574 0.808113 0.435525
vn -0.617054 0.656929 0.433230
vn -0.802880 0.533385 0.266241
vn -0.785467 0.618779 -0.012385
vn -0.670244 0.712745 -0.206803
vn -0.502512 0.864560 -0.004246
vn -0.341260 0.887914 0.308466
vn -0.424676 0.826567 0.369376
vn -0.653670 0.599927 0.461307
vn -0.953350 -0.091321 0.287724
vn -0.838349 -0.545084 -0.007351
vn -0.880540 -0.352086 0.317308
vn -0.888464 0.024646 0.458285
vn -0.938960 0.272566 0.209908
vn -0.939712 0.339290 0.042695
vn -0.991525 0.000582 -0.129917
vn -0.740093 -0.583130 -0.334996
vn -0.724044 -0.686609 -0.065793
vn -0.571704 -0.767700 0.289468
vn -0.214053 -0.924181 0.316339
vn -0.120870 -0.925062 0.360071
vn -0.036741 -0.944184 0.327363
vn 0.015760 -0.992687 0.119681
vn -0.112115 -0.993371 -0.025402
vn -0.337663 -0.939842 -0.051769
vn -0.464498 -0.884192 -0.049454
vn -0.604957 -0.791821 -0.083949
vn -0.584834 -0.806517 -0.086599
vn -0.256439 -0.961131 -0.102302
vn 0.002736 -0.994664 -0.103134
vn 0.139754 -0.989681 -0.031638
vn 0.036613 -0.997509 0.060289
vn -0.114020 -0.988282 0.101476
vn -0.107150 -0.993912 0.025645
vn 0.000400 -0.988344 -0.152239
vn 0.219379 -0.910288 -0.351068
vn 0.394351 -0.828302 -0.397999
vn 0.422258 -0.881794 -0.210089
vn 0.467921 -0.883759 0.004487
vn 0.647227 -0.743945 0.166258
vn 0.726426 -0.662969 0.181047
vn 0.667332 -0.713302 0.214168
vn 0.718074 -0.633317 0.288583
vn 0.846489 -0.527738 0.070349
vn 0.590780 -0.792979 -0.148873
vn 0.258642 -0.960962 -0.098269
vn 0.398840 -0.894483 -0.202057
vn 0.623103 -0.758687 -0.190096
vn 0.884489 -0.456626 -0.095773
vn 0.991381 -0.062222 0.115295
vn 0.844718 -0.131993 0.518681
vn 0.791471 -0.110317 0.601169
vn 0.946972 -0.282521 -0.153054
vn 0.930021 -0.259462 -0.260269
vn 0.853210 0.245080 -0.460400
vn 0.594273 0.466111 -0.655424
vn 0.471946 0.447886 -0.759385
vn 0.707400 0.449076 -0.545817
vn 0.988880 0.067509 -0.132511
vn 0.928741 -0.046484 -0.367803
vn 0.869597 0.090569 -0.485385
vn 0.854354 0.280804 -0.437296
vn 0.728236 0.503949 -0.464443
vn 0.694592 0.680577 -0.233145
vn 0.657611 0.750245 -0.068411
vn 0.514769 0.818283 -0.255784
vn 0.314117 0.842329 -0.437963
vn 0.170639 0.880207 -0.442853
vn -0.000855 0.934384 -0.356268
vn -0.137246 0.966118 -0.218586
vn -0.107406 0.993489 -0.037990
vn -0.045200 0.993979 0.099811
vn -0.218358 0.965986 0.138531
vn -0.450331 0.892486 0.025916
vn -0.651066 0.753094 -0.094675
vn -0.756870 0.610765 -0.232625
vn -0.653630 0.648108 -0.390799
vn -0.402991 0.804149 -0.436970
vn -0.061901 0.934859 -0.349581
vn 0.144680 0.934761 -0.324484
vn 0.048126 0.925296 -0.376180
vn -0.197625 0.931673 -0.304844
vn -0.302144 0.947851 -0.101426
vn -0.362131 0.929357 0.071818
vn -0.469935 0.878797 0.082922
vn -0.638448 0.766956 -0.064525
vn -0.695642 0.649720 -0.306507
vn -0.540684 0.645639 -0.539270
vn -0.438813 0.637919 -0.632853
vn -0.456630 0.745501 -0.485506
vn -0.425906 0.894662 -0.134851
vn -0.446499 0.890780 0.084557
vn -0.715688 0.681474 0.152918
vn -0.980917 0.127860 -0.146473
vn -0.842911 -0.364808 -0.395494
vn -0.798143 -0.525938 -0.293865
vn -0.976583 -0.102601 -0.189099
vn -0.894248 0.410249 -0.178929
vn -0.870916 0.404457 -0.279141
vn -0.821685 0.074702 -0.565025
vn -0.609639 -0.365024 -0.703631
vn -0.566865 -0.652555 -0.502829
vn -0.454766 -0.869939 -0.190775
vn -0.194605 -0.980786 0.013678
vn -0.112715 -0.989468 0.090823
vn -0.043936 -0.995844 -0.079777
vn -0.037854 -0.971674 -0.233273
vn -0.157875 -0.929738 -0.332660
vn -0.323211 -0.853810 -0.408097
vn -0.417846 -0.823872 -0.382935
vn -0.584176 -0.749416 -0.311630
vn -0.550905 -0.782570 -0.289980
vn -0.232129 -0.923242 -0.306171
vn 0.017324 -0.969157 -0.245834
vn 0.185780 -0.955290 -0.230014
vn 0.088184 -0.949010 -0.302660
vn -0.099609 -0.932083 -0.348281
vn -0.149454 -0.885725 -0.439494
vn -0.089389 -0.841449 -0.532891
vn 0.101006 -0.795916 -0.596921
vn 0.310687 -0.705816 -0.636630
vn 0.430753 -0.721176 -0.542546
vn 0.529419 -0.762617 -0.371659
vn 0.717219 -0.666245 -0.204241
vn 0.748942 -0.647898 -0.138977
vn 0.719429 -0.668627 -0.188044
vn 0.785313 -0.586895 -0.197071
vn 0.680388 -0.580233 -0.447663
vn 0.397337 -0.711719 -0.579293
vn 0.237567 -0.848864 -0.472221
vn 0.274009 -0.788036 -0.551289
vn 0.511552 -0.675751 -0.530731
vn 0.839069 -0.404124 -0.364208
vn 0.961558 0.032771 -0.272640
vn 0.992666 0.115804 -0.034686
vn 0.998465 -0.055366 0.001471
vn 0.811665 -0.339249 -0.475511
vn 0.820120 -0.271854 -0.503487
vn 0.782155 0.041164 -0.621723
vn 0.636200 0.206984 -0.743241
vn 0.570596 0.357520 -0.739324
vn 0.443959 0.586462 -0.677468
vn 0.607263 0.300724 -0.735389
vn 0.829223 -0.175081 -0.530788
vn 0.916289 0.026131 -0.399665
vn 0.802700 0.306638 -0.511513
vn 0.670490 0.436459 -0.599955
vn 0.560987 0.646346 -0.517234
vn 0.555120 0.692026 -0.461456
vn 0.513984 0.692474 -0.506261
vn 0.361809 0.754004 -0.548244
vn 0.178971 0.838181 -0.515190
vn -0.021049 0.875125 -0.483439
vn -0.179271 0.895873 -0.406539
vn -0.189702 0.944254 -0.269069
vn -0.121623 0.969573 -0.212451
vn -0.229501 0.914731 -0.332560
vn -0.369050 0.849754 -0.376458
vn -0.550743 0.755530 -0.354764
vn -0.671059 0.640406 -0.373578
vn -0.596744 0.697470 -0.396777
vn -0.388605 0.800276 -0.456667
vn -0.090337 0.903876 -0.418147
vn 0.157257 0.965977 -0.205327
vn 0.057440 0.991297 -0.118451
vn -0.304455 0.888491 -0.343351
vn -0.443840 0.792938 -0.417439
vn -0.450098 0.838629 -0.306777
vn -0.477886 0.817064 -0.322538
vn -0.465526 0.755202 -0.461472
vn -0.409738 0.655636 -0.634237
vn -0.322815 0.623454 -0.712106
vn -0.336636 0.616174 -0.712043
vn -0.414280 0.580790 -0.700753
vn -0.423005 0.714149 -0.557726
vn -0.474682 0.825415 -0.305561
vn -0.686915 0.650576 -0.323881
vn -0.915910 0.260592 -0.305287
vn -0.931993 -0.239693 -0.271911
vn -0.697826 -0.526456 -0.485677
vn -0.694144 -0.185545 -0.695513
vn -0.693205 0.289342 -0.660113
vn -0.626515 0.326729 -0.707620
vn -0.581372 0.151005 -0.799502
vn -0.504382 -0.186702 -0.843055
vn -0.418228 -0.609377 -0.673606
vn -0.304812 -0.849793 -0.430047
vn -0.150079 -0.948469 -0.279075
vn -0.105140 -0.969507 -0.221363
vn -0.087921 -0.925053 -0.369521
vn -0.072710 -0.864827 -0.496777
vn -0.183928 -0.796524 -0.575952
vn -0.301455 -0.744216 -0.596043
vn -0.320035 -0.745002 -0.585278
vn -0.479775 -0.717024 -0.505661
vn -0.500458 -0.779466 -0.376795
vn -0.230311 -0.910223 -0.344168
vn 0.024980 -0.921117 -0.388483
vn 0.159440 -0.876367 -0.454488
vn 0.037648 -0.924350 -0.379684
vn -0.122191 -0.942116 -0.312227
vn -0.190259 -0.904951 -0.380612
vn -0.124330 -0.841257 -0.526145
vn 0.084647 -0.754512 -0.650804
vn 0.305170 -0.696950 -0.648947
vn 0.511218 -0.691766 -0.510017
vn 0.650140 -0.696755 -0.303069
vn 0.790639 -0.544195 -0.280609
vn 0.758205 -0.577277 -0.303112
vn 0.661778 -0.638499 -0.392898
vn 0.628799 -0.450438 -0.633812
vn 0.417403 -0.574557 -0.704031
vn 0.243095 -0.726006 -0.643289
vn 0.211516 -0.768342 -0.604080
vn 0.246152 -0.767848 -0.591455
vn 0.395584 -0.479810 -0.783132
vn 0.500112 -0.183346 -0.846328
vn 0.697342 0.053315 -0.714753
vn 0.793366 0.225016 -0.565630
vn 0.837698 -0.067446 -0.541952
vn 0.843317 -0.291230 -0.451665
vn 0.793950 -0.277941 -0.540733
vn 0.756294 -0.050321 -0.652294
vn 0.646687 0.045213 -0.761414
vn 0.553372 0.294888 -0.778987
vn 0.446484 0.514467 -0.732104
vn 0.594185 0.364781 -0.716854
vn 0.941926 0.101845 -0.320005
vn 0.975611 0.188787 -0.111999
vn 0.894463 0.272012 -0.354888
vn 0.754420 0.385920 -0.530958
vn 0.539765 0.674071 -0.504263
vn 0.536168 0.728477 -0.426433
vn 0.550477 0.683567 -0.479283
vn 0.424639 0.766541 -0.481764
vn 0.201215 0.879544 -0.431179
vn 0.000742 0.913839 -0.406077
vn -0.185386 0.907593 -0.376705
vn -0.249377 0.932491 -0.261288
vn -0.170341 0.973311 -0.153785
vn -0.197583 0.957861 -0.208480
vn -0.357158 0.888323 -0.288652
vn -0.539141 0.760650 -0.361576
vn -0.639639 0.647110 -0.414862
vn -0.598452 0.704567 -0.381366
vn -0.374692 0.845210 -0.381086
vn -0.082604 0.931020 -0.355497
vn 0.064911 0.980124 -0.187467
vn 0.010650 0.998629 -0.051246
vn -0.187789 0.969014 -0.160462
vn -0.415764 0.830824 -0.369961
vn -0.500999 0.724488 -0.473410
vn -0.438840 0.766860 -0.468342
vn -0.373844 0.788039 -0.489117
vn -0.318196 0.731685 -0.602817
vn -0.291564 0.716871 -0.633314
vn -0.402440 0.663609 -0.630607
vn -0.517151 0.606468 -0.603946
vn -0.532861 0.744391 -0.402420
vn -0.583765 0.788069 -0.195362
vn -0.736112 0.659582 -0.151954
vn -0.954975 0.206294 -0.213226
vn -0.874981 -0.284282 -0.391907
vn -0.721857 -0.325308 -0.610817
vn -0.702213 -0.028247 -0.711407
vn -0.629749 0.278268 -0.725247
vn -0.587802 0.357584 -0.725687
vn -0.619939 0.188328 -0.761714
vn -0.556765 -0.237008 -0.796141
vn -0.434257 -0.723454 -0.536690
vn -0.264128 -0.939970 -0.216084
vn -0.130730 -0.980974 -0.143526
vn -0.100438 -0.982653 -0.155904
vn -0.156359 -0.943963 -0.290664
vn -0.152142 -0.885592 -0.438840
vn -0.226462 -0.839044 -0.494691
vn -0.304255 -0.794874 -0.524980
vn -0.323326 -0.784533 -0.529121
vn -0.418444 -0.776121 -0.471743
vn -0.396781 -0.839110 -0.372101
vn -0.200046 -0.932449 -0.300865
vn -0.008400 -0.906569 -0.421974
vn 0.101032 -0.808732 -0.579435
vn 0.066298 -0.885247 -0.460373
vn -0.090042 -0.942768 -0.321061
vn -0.216573 -0.908560 -0.357233
vn -0.183332 -0.889174 -0.419237
vn 0.055728 -0.866985 -0.495209
vn 0.370101 -0.767447 -0.523497
vn 0.638523 -0.642775 -0.423236
vn 0.775646 -0.587790 -0.229949
vn 0.819663 -0.556210 -0.137053
vn 0.761585 -0.606429 -0.228541
vn 0.605591 -0.685926 -0.403440
vn 0.466962 -0.620555 -0.629966
vn 0.309586 -0.644499 -0.699126
vn 0.220769 -0.714231 -0.664180
vn 0.223991 -0.786035 -0.576174
vn 0.306711 -0.836617 -0.453872
vn 0.463287 -0.642767 -0.610095
vn 0.699848 -0.253567 -0.667770
vn 0.810444 0.257637 -0.526121
vn 0.808728 0.344753 -0.476554
vn 0.895994 -0.012978 -0.443876
vn 0.885958 -0.318133 -0.337446
vn 0.769764 -0.349075 -0.534425
vn 0.670934 -0.115698 -0.732435
vn 0.676042 -0.078322 -0.732688
vn 0.668672 0.310153 -0.675783
vn 0.583914 0.689810 -0.428026
vn 0.740521 0.668012 -0.073408
vn 0.864878 0.494625 0.085632
vn 0.934445 0.342555 -0.097309
vn 0.957128 0.170295 -0.234319
vn 0.891334 0.339195 -0.300783
vn 0.599031 0.701120 -0.386771
vn 0.507943 0.759291 -0.406780
vn 0.645026 0.718265 -0.260839
vn 0.516765 0.844860 -0.138439
vn 0.223725 0.942670 -0.247630
vn 0.016387 0.953055 -0.302352
vn -0.184083 0.940218 -0.286537
vn -0.281896 0.927496 -0.245530
vn -0.207608 0.968378 -0.138359
vn -0.187591 0.977202 -0.099429
vn -0.330267 0.915705 -0.228928
vn -0.494437 0.770122 -0.403043
vn -0.582132 0.632422 -0.511043
vn -0.589960 0.631878 -0.502670
vn -0.373241 0.855309 -0.359357
vn -0.069781 0.976211 -0.205285
vn -0.014869 0.993427 -0.113498
vn -0.048779 0.996973 -0.060551
vn -0.112453 0.993416 0.021901
vn -0.343566 0.938565 0.032529
vn -0.507255 0.821952 -0.259013
vn -0.420635 0.762363 -0.491801
vn -0.361194 0.802465 -0.474961
vn -0.315218 0.865810 -0.388600
vn -0.343203 0.850402 -0.398784
vn -0.538191 0.738969 -0.405308
vn -0.688875 0.686733 -0.232054
vn -0.658008 0.749143 0.076225
vn -0.655313 0.745285 0.122945
vn -0.775562 0.630818 -0.023928
vn -0.913487 0.211530 -0.347559
vn -0.768790 -0.147471 -0.622265
vn -0.743857 -0.129620 -0.655649
vn -0.823455 0.067183 -0.563389
vn -0.790795 0.419678 -0.445548
vn -0.819116 0.491474 -0.295808
vn -0.931483 0.163263 -0.325092
vn -0.845627 -0.428218 -0.318661
vn -0.437721 -0.857558 -0.270175
vn -0.191172 -0.942551 -0.273955
vn -0.117559 -0.988406 -0.096095
vn -0.107989 -0.992222 -0.061912
vn -0.233760 -0.960093 -0.153549
vn -0.257726 -0.931630 -0.256207
vn -0.271436 -0.910191 -0.312850
vn -0.364055 -0.895305 -0.256697
vn -0.382185 -0.874291 -0.299249
vn -0.399992 -0.867573 -0.295506
vn -0.339873 -0.914757 -0.218419
vn -0.168482 -0.952007 -0.255530
vn -0.046010 -0.979912 -0.194052
vn 0.078413 -0.985281 -0.151895
vn 0.157658 -0.932911 -0.323761
vn -0.037955 -0.924163 -0.380109
vn -0.253929 -0.935785 -0.244595
vn -0.217203 -0.956976 -0.192403
vn 0.048254 -0.949477 -0.310105
vn 0.407507 -0.823189 -0.395346
vn 0.713505 -0.596800 -0.367070
vn 0.863597 -0.469613 -0.183477
vn 0.845134 -0.512708 0.151257
vn 0.724885 -0.645278 0.241161
vn 0.582364 -0.812348 -0.030693
vn 0.422402 -0.840350 -0.339688
vn 0.309285 -0.806912 -0.503226
vn 0.278662 -0.860221 -0.427045
vn 0.330709 -0.904901 -0.267928
vn 0.429040 -0.885912 -0.176311
vn 0.560348 -0.826372 -0.055860
vn 0.952297 -0.304827 0.014552
vn 0.915621 0.396643 -0.065668
vn 0.916167 0.392718 -0.080061
vn 0.983664 0.046800 -0.173826
vn 0.852035 -0.438979 -0.285190
vn 0.783719 -0.508815 -0.356220
vn 0.749355 -0.307420 -0.586482
vn 0.867499 -0.053796 -0.494521
vn 0.837025 0.491099 -0.241271
vn 0.553646 0.832614 0.015148
vn 0.531507 0.791013 0.302983
vn 0.816436 0.537757 0.210356
vn 0.975470 0.192630 -0.106543
vn 0.980395 0.086150 -0.177209
vn 0.916878 0.313268 -0.247383
vn 0.659347 0.661808 -0.356752
vn 0.537312 0.759660 -0.366350
vn 0.596436 0.786983 -0.157867
vn 0.482311 0.875924 0.011535
vn 0.275724 0.961225 -0.004677
vn 0.040487 0.998907 0.023364
vn -0.197098 0.978593 0.059225
vn -0.309216 0.950982 -0.004326
vn -0.254951 0.966948 -0.003403
vn -0.206616 0.977491 0.042687
vn -0.285451 0.956655 -0.057692
vn -0.420769 0.876944 -0.232213
vn -0.531409 0.776481 -0.338646
vn -0.630075 0.679261 -0.376311
vn -0.514271 0.825997 -0.230770
vn -0.166738 0.985768 0.021444
vn -0.053543 0.978741 0.197987
vn -0.072846 0.965884 0.248519
vn -0.155377 0.969084 0.191660
vn -0.330010 0.913853 0.236573
vn -0.415918 0.903061 0.107210
vn -0.392498 0.898903 -0.194727
vn -0.404536 0.865877 -0.294292
vn -0.371537 0.906337 -0.201281
vn -0.379323 0.918805 -0.109138
vn -0.628942 0.771789 -0.093669
vn -0.830522 0.555904 0.034702
vn -0.770620 0.577580 0.269343
vn -0.642180 0.706872 0.296542
vn -0.716092 0.687127 0.122752
vn -0.883218 0.438595 -0.166012
vn -0.828836 0.113147 -0.547932
vn -0.739411 -0.093265 -0.666763
vn -0.823386 0.002477 -0.567477
vn -0.875723 0.426537 -0.226218
vn -0.883354 0.433221 0.178899
vn -0.961904 0.093927 0.256745
vn -0.843452 -0.481382 0.238454
vn -0.439285 -0.895008 0.077395
vn -0.222804 -0.971956 -0.075227
vn -0.081899 -0.996017 -0.035259
vn -0.119060 -0.992649 0.021760
vn -0.287822 -0.957271 -0.028123
vn -0.327516 -0.931890 -0.155933
vn -0.318107 -0.918215 -0.235987
vn -0.351766 -0.930772 -0.099620
vn -0.405565 -0.913359 0.035958
vn -0.393870 -0.911328 0.119779
vn -0.282683 -0.947568 0.149014
vn -0.160484 -0.986998 -0.008940
vn -0.007336 -0.999960 0.005105
vn 0.115086 -0.990710 0.072444
vn 0.095982 -0.981068 -0.168208
vn -0.075431 -0.962486 -0.260637
vn -0.210070 -0.971751 -0.107571
vn -0.202041 -0.977424 -0.061816
vn 0.002492 -0.988570 -0.150740
vn 0.403384 -0.885446 -0.230795
vn 0.770211 -0.627715 -0.112911
vn 0.912332 -0.379551 0.153596
vn 0.898029 -0.307684 0.314442
vn 0.752780 -0.594359 0.282948
vn 0.462985 -0.885834 0.030698
vn 0.321180 -0.928055 -0.188565
vn 0.289907 -0.909924 -0.296635
vn 0.340612 -0.916275 -0.210771
vn 0.409842 -0.910209 -0.059573
vn 0.483466 -0.873319 0.059789
vn 0.601415 -0.741431 0.297625
vn 0.864371 -0.278512 0.418681
vn 0.921201 0.300001 0.247768
vn 0.915335 0.386674 0.112455
vn 0.990442 0.006399 -0.137783
vn 0.810529 -0.547473 -0.208126
vn 0.765326 -0.553933 -0.327772
vn 0.712272 -0.400083 -0.576717
vn 0.917508 0.076031 -0.390383
vn 0.781690 0.614775 0.104946
vn 0.483863 0.856077 0.181682
vn 0.476972 0.865242 0.154449
vn 0.856837 0.446602 0.257636
vn 0.966973 -0.016578 0.254340
vn 0.990330 0.017243 0.137658
vn 0.959562 0.265252 -0.094244
vn 0.739543 0.622816 -0.255297
vn 0.580514 0.784345 -0.218646
vn 0.505107 0.854692 -0.119869
vn 0.406960 0.910380 0.074775
vn 0.260768 0.905878 0.333745
vn 0.018769 0.895119 0.445431
vn -0.210469 0.914096 0.346599
vn -0.295000 0.929191 0.222663
vn -0.275243 0.944941 0.176996
vn -0.228317 0.961974 0.149927
vn -0.239290 0.970664 0.023468
vn -0.338856 0.932685 -0.123593
vn -0.476008 0.879373 -0.010956
vn -0.615425 0.777638 0.128577
vn -0.609178 0.762389 0.218324
vn -0.311166 0.856981 0.410803
vn -0.137490 0.897849 0.418286
vn -0.100265 0.951361 0.291306
vn -0.111733 0.993303 0.029418
vn -0.292540 0.922792 -0.250749
vn -0.321432 0.911323 -0.257239
vn -0.292843 0.937948 -0.185734
vn -0.387762 0.905232 -0.173768
vn -0.414017 0.902790 -0.116450
vn -0.422770 0.904494 -0.056178
vn -0.649771 0.760052 -0.010902
vn -0.889252 0.455468 -0.042182
vn -0.898313 0.439344 -0.003147
vn -0.688859 0.673401 0.268336
vn -0.568071 0.691393 0.446397
vn -0.764806 0.587582 0.264234
vn -0.925024 0.373927 -0.067142
vn -0.890114 -0.044575 -0.453552
vn -0.890033 -0.100897 -0.444591
vn -0.956614 0.287379 -0.047988
vn -0.935164 0.311624 0.168397
vn -0.938296 0.045147 0.342873
vn -0.790077 -0.460703 0.404391
vn -0.448761 -0.864001 0.228290
vn -0.253337 -0.954596 0.156740
vn -0.073080 -0.996799 0.032432
vn -0.111129 -0.993095 -0.037573
vn -0.320557 -0.945765 -0.052650
vn -0.401092 -0.909508 -0.109179
vn -0.351690 -0.878218 -0.324110
vn -0.273366 -0.866461 -0.417751
vn -0.359911 -0.929172 0.084280
vn -0.305037 -0.830584 0.465922
vn -0.207390 -0.866644 0.453782
vn -0.170841 -0.906688 0.385655
vn 0.014855 -0.989164 0.146064
vn 0.135868 -0.979999 -0.145402
vn -0.018043 -0.981874 -0.188673
vn -0.126277 -0.986175 -0.107303
vn -0.150533 -0.987548 -0.045712
vn -0.189297 -0.979895 0.063027
vn -0.042424 -0.991694 0.121425
vn 0.377770 -0.919333 0.110077
vn 0.807233 -0.576815 0.125140
vn 0.958577 -0.283510 0.027439
vn 0.955980 -0.268934 -0.117371
vn 0.740507 -0.657502 -0.139072
vn 0.353750 -0.915061 -0.193713
vn 0.221348 -0.927913 -0.299970
vn 0.258069 -0.904620 -0.339209
vn 0.369397 -0.870308 -0.325746
vn 0.466123 -0.879450 -0.096421
vn 0.511299 -0.823364 0.246264
vn 0.639970 -0.627966 0.442829
vn 0.859725 -0.266254 0.435869
vn 0.948173 0.161980 0.273369
vn 0.944642 0.312637 0.099547
vn 0.981255 -0.146866 -0.124774
vn 0.736439 -0.559095 -0.380882
vn 0.687483 -0.573768 -0.445149
vn 0.707902 -0.499162 -0.499713
vn 0.929628 0.204030 -0.306861
vn 0.625630 0.774524 0.093271
vn 0.461789 0.880848 0.104202
vn 0.493950 0.867058 0.064996
vn 0.845110 0.505782 0.173132
vn 0.983163 0.019989 0.181636
vn 0.997844 -0.052218 0.039764
vn 0.964741 0.118337 -0.235097
vn 0.761325 0.510237 -0.400053
vn 0.558813 0.754818 -0.343479
vn 0.476795 0.856164 -0.199123
vn 0.355010 0.932839 0.061481
vn 0.185681 0.931676 0.312254
vn -0.025145 0.943289 0.331019
vn -0.200818 0.972454 0.118345
vn -0.269637 0.962959 0.002345
vn -0.262756 0.963311 -0.054695
vn -0.223750 0.965590 -0.132561
vn -0.180372 0.968026 -0.174333
vn -0.258471 0.939327 -0.225518
vn -0.525521 0.840664 -0.130813
vn -0.673639 0.735961 0.067609
vn -0.651407 0.722519 0.231593
vn -0.457441 0.826540 0.327993
vn -0.171975 0.960550 0.218558
vn -0.033220 0.998940 0.031877
vn -0.002780 0.991647 -0.128948
vn -0.145676 0.902352 -0.405635
vn -0.258156 0.831848 -0.491309
vn -0.312743 0.894787 -0.318667
vn -0.418654 0.881811 -0.217111
vn -0.444228 0.881068 -0.162420
vn -0.441474 0.895551 -0.055583
vn -0.682401 0.729684 -0.043472
vn -0.883622 0.462520 -0.072715
vn -0.899724 0.411344 -0.145920
vn -0.844178 0.532025 0.065671
vn -0.672793 0.641628 0.368326
vn -0.699746 0.704408 0.119022
vn -0.823886 0.539482 -0.173699
vn -0.906215 0.119897 -0.405461
vn -0.894360 -0.108227 -0.434058
vn -0.954382 0.151645 -0.257214
vn -0.964673 0.255622 -0.063741
vn -0.962250 -0.030828 0.270415
vn -0.778066 -0.519446 0.353255
vn -0.468439 -0.877703 0.101008
vn -0.256178 -0.966443 -0.019002
vn -0.086923 -0.983595 -0.158070
vn -0.108487 -0.960345 -0.256841
vn -0.319136 -0.919806 -0.228275
vn -0.426332 -0.868011 -0.254556
vn -0.461646 -0.824494 -0.327251
vn -0.336910 -0.835674 -0.433752
vn -0.183835 -0.962754 -0.198264
vn -0.187677 -0.957305 0.219874
vn -0.229327 -0.941969 0.245160
vn -0.208905 -0.957800 0.197429
vn -0.093083 -0.995652 -0.003516
vn -0.008114 -0.967367 -0.253248
vn -0.033430 -0.964316 -0.262636
vn -0.073056 -0.974862 -0.210492
vn -0.118364 -0.987454 -0.104525
vn -0.145215 -0.988885 0.031924
vn -0.023113 -0.989208 0.144682
vn 0.357102 -0.907672 0.220475
vn 0.809292 -0.586598 -0.030824
vn 0.870782 -0.315201 -0.377341
vn 0.877863 -0.323923 -0.352746
vn 0.720164 -0.642939 -0.260754
vn 0.314613 -0.903627 -0.290651
vn 0.175752 -0.930860 -0.320329
vn 0.245022 -0.905901 -0.345409
vn 0.399165 -0.868294 -0.294503
vn 0.625951 -0.763801 -0.157456
vn 0.747810 -0.660373 0.068467
vn 0.790066 -0.562610 0.243444
vn 0.888241 -0.334845 0.314496
vn 0.998901 0.025567 0.039276
vn 0.908898 0.179194 -0.376555
vn 0.840586 -0.298417 -0.452064
vn 0.641479 -0.470685 -0.605773
vn 0.730964 -0.640685 -0.234978
vn 0.810998 -0.556620 0.180157
vn 0.923837 0.356074 0.140484
vn 0.505084 0.855107 -0.116967
vn 0.444197 0.873540 -0.199040
vn 0.469637 0.862174 -0.189994
vn 0.828773 0.559192 -0.020977
vn 0.997531 0.059350 0.037539
vn 0.967626 -0.108716 -0.227775
vn 0.878264 -0.030852 -0.477179
vn 0.676637 0.327621 -0.659414
vn 0.457688 0.600966 -0.655257
vn 0.399460 0.756534 -0.517772
vn 0.295088 0.908828 -0.294880
vn 0.144941 0.988665 -0.039170
vn -0.026334 0.999557 0.013846
vn -0.136374 0.983750 -0.116779
vn -0.229007 0.948839 -0.217396
vn -0.232471 0.946851 -0.222330
vn -0.192137 0.943195 -0.271046
vn -0.157928 0.962990 -0.218423
vn -0.226709 0.970147 -0.086131
vn -0.561019 0.807078 -0.184072
vn -0.734581 0.627113 -0.259076
vn -0.717871 0.661190 -0.217919
vn -0.501797 0.846116 -0.179686
vn -0.128914 0.990105 -0.055436
vn 0.045619 0.998867 -0.013531
vn 0.036050 0.995616 -0.086305
vn -0.086127 0.976742 -0.196361
vn -0.260395 0.898052 -0.354537
vn -0.408989 0.827222 -0.385268
vn -0.486554 0.841021 -0.236536
vn -0.473853 0.879929 -0.034473
vn -0.477489 0.861919 0.170588
vn -0.676942 0.717523 0.164042
vn -0.875727 0.478111 0.067174
vn -0.894790 0.440660 0.071898
vn -0.861736 0.446076 -0.241717
vn -0.690469 0.569983 -0.445390
vn -0.562480 0.756530 -0.333584
vn -0.610603 0.573110 -0.546543
vn -0.708750 0.163042 -0.686360
vn -0.815188 -0.072466 -0.574645
vn -0.942630 0.091679 -0.321003
vn -0.988537 0.139721 0.057215
vn -0.943279 -0.263869 0.201488
vn -0.771028 -0.628707 0.101210
vn -0.536330 -0.843625 -0.025437
vn -0.281677 -0.945117 -0.165565
vn -0.118579 -0.944823 -0.305367
vn -0.119545 -0.916761 -0.381127
vn -0.260478 -0.825272 -0.501077
vn -0.382149 -0.717355 -0.582550
vn -0.493154 -0.777577 -0.390094
vn -0.393650 -0.895994 -0.205511
vn -0.102765 -0.985225 -0.137004
vn -0.065239 -0.997705 0.018111
vn -0.239863 -0.969789 0.044445
vn -0.238630 -0.969467 -0.056471
vn -0.187662 -0.966441 -0.175428
vn -0.139396 -0.950007 -0.279385
vn -0.030141 -0.938128 -0.344975
vn -0.030444 -0.949744 -0.311545
vn -0.058275 -0.973702 -0.220247
vn -0.073946 -0.993158 -0.090379
vn 0.010888 -0.999432 -0.031898
vn 0.362087 -0.921584 -0.139912
vn 0.730287 -0.656288 -0.189649
vn 0.878160 -0.450285 -0.161489
vn 0.912757 -0.307739 -0.268648
vn 0.672489 -0.553087 -0.491786
vn 0.251362 -0.873286 -0.417359
vn 0.154672 -0.951660 -0.265366
vn 0.260425 -0.930456 -0.257740
vn 0.469517 -0.861225 -0.194537
vn 0.721210 -0.638914 -0.267665
vn 0.832977 -0.445820 -0.327709
vn 0.874377 -0.434704 -0.215632
vn 0.910563 -0.374246 -0.175541
vn 0.838448 -0.204009 -0.505356
vn 0.570183 -0.093789 -0.816147
vn 0.526181 -0.287634 -0.800250
vn 0.723729 -0.305582 -0.618737
vn 0.878546 -0.414596 -0.237206
vn 0.919907 -0.310747 0.239179
vn 0.945449 0.293681 0.140987
vn 0.656895 0.753972 -0.003938
vn 0.500147 0.860301 -0.098662
vn 0.453995 0.846106 -0.279271
vn 0.700958 0.701205 -0.130268
vn 0.982267 0.169951 -0.079165
vn 0.905826 -0.218833 -0.362754
vn 0.861622 -0.120509 -0.493037
vn 0.812825 0.304884 -0.496348
vn 0.559544 0.702045 -0.440504
vn 0.389712 0.882808 -0.262250
vn 0.244126 0.967635 -0.063918
vn 0.090246 0.992990 0.076335
vn -0.033762 0.994729 0.096825
vn -0.091385 0.994459 -0.051966
vn -0.181153 0.963188 -0.198626
vn -0.231319 0.944844 -0.231866
vn -0.167266 0.965318 -0.200459
vn -0.184802 0.972587 -0.141147
vn -0.296945 0.954830 -0.011089
vn -0.527058 0.849783 0.008897
vn -0.729930 0.672494 -0.122285
vn -0.754642 0.638090 -0.152826
vn -0.548041 0.835122 -0.047145
vn -0.184193 0.981511 0.052055
vn 0.021237 0.996798 0.077087
vn 0.057848 0.997305 -0.045124
vn -0.056138 0.982217 -0.179161
vn -0.209431 0.931775 -0.296537
vn -0.312762 0.894491 -0.319479
vn -0.764294 0.607399 -0.216612
vn -0.595212 0.800206 0.073444
vn -0.567311 0.781746 0.258904
vn -0.623888 0.706433 0.334241
vn -0.793745 0.518979 0.317222
vn -0.873133 0.432516 0.224877
vn -0.773964 0.616953 -0.142650
vn -0.549879 0.618859 -0.560934
vn -0.558102 0.690211 -0.460576
vn -0.644024 0.654191 -0.396569
vn -0.878848 0.213433 -0.426700
vn -0.930020 -0.227961 -0.288263
vn -0.993936 -0.100465 0.044705
vn -0.933064 -0.062897 0.354170
vn -0.904818 -0.365629 0.218220
vn -0.797797 -0.602247 -0.028601
vn -0.574127 -0.808705 -0.127963
vn -0.323337 -0.917178 -0.232889
vn -0.171046 -0.939024 -0.298290
vn -0.142149 -0.946335 -0.290248
vn -0.307860 -0.900279 -0.307765
vn -0.439268 -0.842887 -0.310783
vn -0.403817 -0.894419 -0.192214
vn -0.308255 -0.951162 -0.016433
vn -0.074123 -0.996489 0.038927
vn -0.011648 -0.997641 0.067649
vn -0.235723 -0.967887 0.087346
vn -0.299500 -0.953990 -0.014225
vn -0.260744 -0.954602 -0.144043
vn -0.200899 -0.938849 -0.279645
vn -0.067590 -0.926245 -0.370813
vn -0.020326 -0.970384 -0.240711
vn -0.014138 -0.994934 -0.099531
vn -0.011480 -0.997131 0.074821
vn 0.050393 -0.985497 0.162035
vn 0.351754 -0.934198 -0.059520
vn 0.736699 -0.668842 -0.099619
vn 0.900132 -0.432903 -0.048558
vn 0.853691 -0.422557 -0.304396
vn 0.546459 -0.712360 -0.440370
vn 0.265163 -0.944915 -0.191897
vn 0.206629 -0.975703 -0.072852
vn 0.278113 -0.954566 -0.107035
vn 0.554376 -0.823147 -0.122864
vn 0.726706 -0.660449 -0.188960
vn 0.856714 -0.493407 -0.150304
vn 0.845381 -0.533927 -0.015920
vn 0.993258 -0.092494 -0.069885
vn 0.763367 -0.372011 -0.528089
vn 0.539006 -0.367905 -0.757706
vn 0.616252 -0.302864 -0.726985
vn 0.966073 -0.223019 -0.130251
vn 0.989761 -0.126959 -0.065230
vn 0.999220 -0.024139 0.031236
vn 0.977321 0.185986 0.101253
vn 0.715726 0.683783 0.142044
vn 0.386557 0.905448 0.175322
vn 0.547021 0.768518 0.331887
vn 0.583234 0.810325 0.056668
vn 0.930427 0.181266 -0.318511
vn 0.899713 -0.351387 -0.258930
vn 0.958222 -0.145956 -0.245985
vn 0.899676 0.422900 -0.108340
vn 0.593117 0.802383 0.066288
vn 0.320313 0.936434 0.143147
vn 0.176606 0.964085 0.198367
vn 0.038590 0.988686 0.144952
vn -0.031427 0.999469 -0.008572
vn -0.013623 0.991692 -0.127913
vn -0.098315 0.979007 -0.178551
vn -0.401680 0.912793 -0.073912
vn -0.178285 0.967203 0.180924
vn -0.214435 0.948086 0.234841
vn -0.358216 0.893318 0.271411
vn -0.516829 0.791070 0.327255
vn -0.681130 0.658989 0.319054
vn -0.613681 0.742426 0.268700
vn -0.612657 0.769016 0.182388
vn -0.230918 0.967441 0.103607
vn 0.012400 0.999677 -0.022176
vn 0.091866 0.990319 -0.104062
vn -0.004687 0.988011 -0.154316
vn -0.167087 0.980494 -0.103507
vn -0.231032 0.947893 0.219370
vn -0.835790 0.512195 0.197765
vn -0.716587 0.665896 0.207570
vn -0.667534 0.685533 0.290591
vn -0.739956 0.488017 0.462930
vn -0.700439 0.476250 0.531575
vn -0.852982 0.487311 0.186951
vn -0.702407 0.709886 0.051832
vn -0.593791 0.796696 0.112638
vn -0.669136 0.729955 0.139367
vn -0.696782 0.649402 0.304583
vn -0.898356 0.148140 0.413535
vn -0.900878 -0.302721 0.311093
vn -0.883780 -0.297020 0.361541
vn -0.854876 -0.234815 0.462653
vn -0.952514 -0.044051 0.301291
vn -0.892634 -0.443602 0.080140
vn -0.511125 -0.836811 -0.196211
vn -0.345989 -0.869110 -0.353467
vn -0.204890 -0.921535 -0.329839
vn -0.149500 -0.949368 -0.276314
vn -0.385775 -0.922005 -0.032927
vn -0.399976 -0.893659 0.203452
vn -0.314401 -0.929396 0.193327
vn -0.066565 -0.973741 0.217712
vn -0.049122 -0.983393 0.174715
vn -0.203758 -0.972892 -0.109380
vn 0.013218 -0.993109 -0.116450
vn -0.355357 -0.930903 -0.084509
vn -0.335581 -0.929806 -0.151149
vn -0.469690 -0.860010 -0.199434
vn 0.043555 -0.964321 -0.261128
vn 0.047114 -0.972781 -0.226885
vn 0.055215 -0.998391 0.012909
vn 0.054538 -0.954130 0.294383
vn 0.094113 -0.869717 0.484495
vn 0.276217 -0.811328 0.515220
vn 0.729969 -0.634981 0.252872
vn 0.902229 -0.429224 0.041836
vn 0.800509 -0.598125 0.037827
vn 0.523370 -0.845306 0.107433
vn 0.347660 -0.923940 0.159583
vn 0.070952 -0.996981 0.031533
vn 0.265126 -0.964166 -0.009582
vn 0.553930 -0.832562 0.001688
vn 0.709875 -0.693492 0.123069
vn 0.845567 -0.436127 0.307912
vn 0.815539 -0.321850 0.480946
vn 0.888150 -0.136137 0.438927
vn 0.739189 -0.673324 0.015298
vn 0.732931 -0.638106 -0.235865
vn 0.924727 -0.320550 -0.205249
vn 0.797107 -0.102697 0.595041
vn 0.782886 -0.124141 0.609654
vn 0.744539 -0.027214 0.667024
vn 0.630258 0.106131 0.769097
vn 0.539539 0.518860 0.663085
vn 0.394985 0.836494 0.379821
vn 0.540564 0.745323 0.390236
vn 0.736760 0.641954 0.212319
vn 0.986679 0.159409 0.032455
vn 0.883887 -0.280533 0.374227
vn 0.893992 -0.088396 0.439278
vn 0.730486 0.405002 0.549876
vn 0.395736 0.691911 0.603864
vn 0.237520 0.798055 0.553799
vn 0.130786 0.811528 0.569488
vn 0.060045 0.856430 0.512759
vn 0.071673 0.921235 0.382348
vn 0.068923 0.943381 0.324471
vn -0.050705 0.960012 0.275327
vn -0.441041 0.869756 0.221378
vn -0.258629 0.922950 0.285085
vn -0.233245 0.892081 0.387025
vn -0.514233 0.698402 0.497795
vn -0.323272 0.781429 0.533725
vn -0.692010 0.621173 0.367785
vn -0.663068 0.434737 0.609381
vn -0.136197 0.712153 0.688686
vn -0.192348 0.861027 0.470781
vn 0.047348 0.955824 0.290102
vn 0.133759 0.975930 0.172246
vn 0.030514 0.982858 0.181820
vn -0.173494 0.931119 0.320806
vn -0.430768 0.705136 0.563225
vn -0.486644 0.439434 0.755033
vn -0.409434 0.301309 0.861149
vn -0.405137 0.363319 0.838965
vn -0.626771 0.367650 0.687016
vn -0.696194 0.598899 0.395771
vn -0.732160 0.651164 0.199818
vn -0.757430 0.573016 0.312972
vn -0.541839 0.676641 0.498565
vn -0.566188 0.574471 0.591113
vn -0.611886 0.439821 0.657383
vn -0.702697 0.155776 0.694227
vn -0.835667 0.063432 0.545561
vn -0.858250 -0.304230 0.413341
vn -0.860133 -0.301241 0.411612
vn -0.819323 0.023644 0.572844
vn -0.617637 -0.271315 0.738182
vn -0.548053 -0.786742 0.284034
vn -0.466627 -0.879164 -0.096591
vn -0.211931 -0.966260 -0.146381
vn -0.137787 -0.983069 -0.120790
vn -0.246921 -0.962843 0.109374
vn -0.197697 -0.747497 0.634164
vn -0.218339 -0.734282 0.642774
vn -0.072760 -0.930562 0.358833
vn -0.200529 -0.968131 0.150035
vn -0.344202 -0.932163 0.112237
vn -0.048707 -0.997017 0.059874
vn -0.380359 -0.924668 -0.017754
vn -0.379507 -0.925179 0.004234
vn -0.497038 -0.851490 0.167087
vn 0.100259 -0.980632 0.168251
vn 0.280647 -0.948293 0.148246
vn 0.155311 -0.906226 0.393233
vn 0.141041 -0.834600 0.532494
vn 0.161865 -0.781718 0.602260
vn 0.265323 -0.736614 0.622096
vn 0.556849 -0.672493 0.487516
vn 0.809185 -0.521456 0.270746
vn 0.769649 -0.586769 0.251679
vn 0.516354 -0.778354 0.357133
vn 0.180876 -0.961997 0.204560
vn 0.084156 -0.969073 0.231982
vn 0.218456 -0.842832 0.491845
vn 0.399969 -0.648093 0.648075
vn 0.509259 -0.328555 0.795429
vn 0.510263 -0.105883 0.853476
vn 0.638409 -0.058135 0.767498
vn 0.728781 -0.290232 0.620196
vn 0.609772 -0.597323 0.520945
vn 0.643643 -0.636179 0.425441
vn 0.836925 -0.267585 0.477446
vn 0.784507 -0.008835 0.620056
vn 0.696760 -0.126803 0.706008
vn 0.634435 0.013524 0.772858
vn 0.516755 0.192029 0.834319
vn 0.464868 0.395318 0.792226
vn 0.430171 0.574503 0.696347
vn 0.406957 0.655450 0.636216
vn 0.612964 0.453101 0.647282
vn 0.782424 0.010960 0.622650
vn 0.757328 -0.161452 0.632762
vn 0.720717 -0.070998 0.689584
vn 0.592649 0.386958 0.706421
vn 0.354739 0.699387 0.620498
vn 0.239273 0.756385 0.608794
vn 0.100860 0.822020 0.560455
vn 0.087747 0.844159 0.528863
vn 0.143017 0.816558 0.559266
vn 0.099776 0.807353 0.581571
vn -0.021890 0.843601 0.536525
vn -0.244417 0.906767 0.343560
vn -0.330690 0.863498 0.380808
vn -0.271535 0.715845 0.643300
vn -0.555792 0.606998 0.568022
vn -0.260271 0.718147 0.645387
vn -0.568204 0.471323 0.674536
vn -0.846385 0.385437 0.367520
vn -0.402479 0.833150 0.379303
vn -0.165738 0.902329 0.397911
vn 0.087223 0.969119 0.230651
vn 0.170583 0.953285 0.249299
vn 0.051684 0.943526 0.327243
vn -0.203551 0.844677 0.495063
vn -0.412081 0.543313 0.731437
vn -0.460343 0.214936 0.861329
vn -0.423713 0.124628 0.897182
vn -0.350111 0.321648 0.879753
vn -0.387108 0.451269 0.804055
vn -0.527438 0.545536 0.651306
vn -0.609654 0.631602 0.478958
vn -0.747067 0.556806 0.363122
vn -0.645410 0.729442 0.226628
vn -0.730329 0.635378 0.250827
vn -0.811075 0.515323 0.276765
vn -0.883625 0.232881 0.406169
vn -0.778232 0.145208 0.610958
vn -0.534391 -0.163350 0.829303
vn -0.434318 -0.153950 0.887506
vn -0.434900 -0.137929 0.889852
vn -0.465921 -0.226654 0.855304
vn -0.436008 -0.343829 0.831672
vn -0.329184 -0.627624 0.705497
vn -0.163623 -0.849315 0.501887
vn -0.090244 -0.862225 0.498421
vn -0.054643 -0.852608 0.519687
vn -0.126841 -0.806399 0.577609
vn -0.237994 -0.764877 0.598601
vn -0.275369 -0.790542 0.547006
vn -0.287666 -0.819561 0.495549
vn -0.213940 -0.880661 0.422688
vn -0.276126 -0.870551 0.407303
vn -0.342352 -0.778486 0.526075
vn -0.274386 -0.731338 0.624385
vn -0.193320 -0.743383 0.640320
vn -0.031409 -0.696466 0.716902
vn 0.309843 -0.735324 0.602741
vn 0.369159 -0.748489 0.550896
vn 0.185617 -0.743666 0.642267
vn 0.193506 -0.762323 0.617592
vn 0.275264 -0.799850 0.533357
vn 0.349316 -0.903971 0.246607
vn 0.727941 -0.680229 0.085972
vn 0.890312 -0.439558 0.118881
vn 0.443347 -0.872497 0.205406
vn 0.240338 -0.901095 0.360922
vn 0.217856 -0.706884 0.672945
vn 0.235685 -0.743839 0.625425
vn 0.447652 -0.648313 0.615872
vn 0.616707 -0.348341 0.705926
vn 0.683673 -0.125342 0.718944
vn 0.657108 -0.171393 0.734053
vn 0.594802 -0.387325 0.704408
vn 0.572635 -0.595442 0.563504
vn 0.558439 -0.654525 0.509649
vn 0.778027 -0.266029 0.569124
vn 0.716125 -0.000409 0.697972
vn 0.656077 -0.007255 0.754659
vn 0.605664 0.099011 0.789537
vn 0.504068 0.326629 0.799518
vn 0.484437 0.387919 0.784117
vn 0.452961 0.508475 0.732311
vn 0.485508 0.686552 0.541229
vn 0.792318 0.458534 0.402466
vn 0.909592 -0.018892 0.415073
vn 0.871088 -0.136122 0.471885
vn 0.797109 -0.051061 0.601672
vn 0.654230 0.364716 0.662544
vn 0.403754 0.714711 0.571114
vn 0.226056 0.804292 0.549557
vn 0.104406 0.866112 0.488824
vn 0.102100 0.891492 0.441382
vn 0.138448 0.867038 0.478620
vn 0.089715 0.864424 0.494694
vn -0.000120 0.866343 0.499449
vn -0.183471 0.912770 0.364952
vn -0.364416 0.891378 0.269530
vn -0.401819 0.767371 0.499682
vn -0.422523 0.618933 0.662114
vn -0.481899 0.566117 0.668794
vn -0.563104 0.565848 0.602270
vn -0.667379 0.606708 0.431869
vn -0.544237 0.787256 0.289886
vn -0.145129 0.969442 0.197786
vn 0.144242 0.979446 0.140999
vn 0.149947 0.950874 0.270840
vn 0.041579 0.898101 0.437819
vn -0.197837 0.744654 0.637457
vn -0.494661 0.380979 0.781131
vn -0.587948 0.082719 0.804658
vn -0.548715 0.084397 0.831739
vn -0.433450 0.409195 0.802920
vn -0.389441 0.643962 0.658519
vn -0.466162 0.754178 0.462502
vn -0.581202 0.791674 0.188297
vn -0.643539 0.746371 0.169671
vn -0.633677 0.679625 0.369544
vn -0.658524 0.594448 0.461496
vn -0.663021 0.466907 0.585151
vn -0.648471 0.138695 0.748498
vn -0.597979 -0.129324 0.791010
vn -0.531673 -0.311837 0.787453
vn -0.555371 -0.352288 0.753297
vn -0.574356 -0.164989 0.801807
vn -0.579038 -0.167908 0.797823
vn -0.595223 -0.416071 0.687456
vn -0.433900 -0.713314 0.550376
vn -0.194155 -0.888309 0.416186
vn -0.074713 -0.901138 0.427045
vn -0.036481 -0.901446 0.431351
vn -0.123468 -0.863995 0.488127
vn -0.272354 -0.775836 0.569123
vn -0.332329 -0.764048 0.552981
vn -0.331158 -0.793368 0.510785
vn -0.254803 -0.898484 0.357495
vn -0.293611 -0.886924 0.356592
vn -0.291593 -0.821223 0.490475
vn -0.226039 -0.793360 0.565231
vn -0.193459 -0.763642 0.615975
vn 0.027979 -0.781998 0.622653
vn 0.413183 -0.523489 0.745143
vn 0.382202 -0.565157 0.731108
vn 0.143382 -0.846805 0.512213
vn 0.197644 -0.846411 0.494495
vn 0.044281 -0.956508 0.288327
vn 0.183644 -0.959304 0.214499
vn 0.635937 -0.703662 0.316928
vn 0.841883 -0.497837 0.208305
vn 0.485319 -0.818927 0.306307
vn 0.493308 -0.561544 0.664316
vn 0.319871 -0.584091 0.746003
vn 0.233589 -0.730988 0.641165
vn 0.471214 -0.728005 0.497963
vn 0.753339 -0.475476 0.454316
vn 0.906546 -0.247641 0.341831
vn 0.901104 -0.181450 0.393811
vn 0.712134 -0.413906 0.567051
vn 0.550285 -0.679032 0.485902
vn 0.555034 -0.673304 0.488467
vn 0.707088 -0.357876 0.609878
vn 0.743678 -0.050569 0.666622
vn 0.722215 0.338531 0.603159
vn 0.698410 0.170077 0.695196
vn 0.650446 0.484161 0.585242
vn 0.459655 0.724845 0.513144
vn 0.540875 0.530226 0.652927
vn 0.594963 0.783494 0.179320
vn 0.902111 0.412634 0.126208
vn 0.894096 -0.353861 0.274543
vn 0.953385 -0.095468 0.286256
vn 0.932520 0.048892 0.357794
vn 0.826900 0.446264 0.342177
vn 0.229026 0.897895 0.375941
vn 0.200616 0.842680 0.499643
vn 0.295128 0.928184 0.226658
vn 0.133289 0.960967 0.242439
vn -0.160381 0.911937 0.377689
vn 0.297275 0.919372 0.257650
vn 0.010128 0.960006 0.279796
vn -0.127594 0.926024 0.355246
vn -0.330487 0.860172 0.388435
vn -0.519337 0.771476 0.367578
vn -0.627071 0.717276 0.303805
vn -0.644619 0.704819 0.296135
vn -0.650795 0.709183 0.271155
vn -0.612906 0.778611 0.134578
vn -0.724518 0.682045 0.099438
vn 0.263090 0.954294 0.141796
vn 0.159340 0.986658 0.033432
vn -0.186187 0.955847 0.227358
vn -0.002301 0.847462 0.530852
vn -0.194063 0.650564 0.734238
vn -0.706037 0.534817 0.464202
vn -0.850591 0.130546 0.509365
vn -0.801018 0.140061 0.582025
vn -0.602304 0.606978 0.518466
vn -0.637722 0.634327 0.436967
vn -0.226218 0.787997 0.572613
vn -0.462904 0.876823 0.130005
vn -0.790988 0.556807 0.253583
vn -0.454964 0.777722 0.433770
vn -0.689302 0.539696 0.483313
vn -0.597941 0.346669 0.722695
vn -0.664469 0.015270 0.747159
vn -0.774669 -0.228437 0.589665
vn -0.772570 -0.468503 0.428533
vn -0.582741 -0.732786 0.351337
vn -0.740036 -0.178728 0.648385
vn -0.699952 -0.123987 0.703345
vn -0.659539 -0.683338 0.313141
vn -0.541389 -0.795124 0.273268
vn -0.225655 -0.970254 0.087673
vn -0.046587 -0.995599 0.081315
vn -0.024216 -0.975768 0.217464
vn -0.107540 -0.925136 0.364085
vn -0.281163 -0.848809 0.447740
vn -0.401045 -0.838147 0.369693
vn -0.413065 -0.868963 0.272545
vn -0.075633 -0.954054 0.289934
vn -0.261527 -0.830746 0.491391
vn -0.526255 -0.771153 0.358300
vn -0.243342 -0.930167 0.274909
vn -0.225310 -0.907888 0.353519
vn 0.286058 -0.871857 0.397537
vn 0.504511 -0.831553 0.232353
vn 0.100650 -0.965380 0.240647
vn 0.106445 -0.927746 0.357710
vn 0.226818 -0.945789 0.232457
vn -0.077315 -0.981029 0.177775
vn 0.252922 -0.832697 0.492590
vn 0.793045 -0.595351 0.128982
vn 0.681725 -0.630325 0.371405
vn 0.745563 -0.268060 0.610147
vn 0.845756 -0.210317 0.490371
vn 0.394389 -0.552855 0.734036
vn -0.080278 -0.671365 0.736767
vn 0.322654 -0.811053 0.487942
vn 0.732985 -0.606854 0.307346
vn 0.916368 -0.396156 0.057697
vn 0.995982 0.077956 0.044078
vn 0.910147 -0.388999 0.142518
vn 0.576896 -0.702751 0.416332
vn 0.655531 -0.735886 0.169560
vn 0.918669 -0.213954 0.332070
vn 0.908135 0.044844 -0.416269
vn 0.866191 0.490328 -0.096389
vn 0.823620 0.423431 0.377302
vn 0.588760 0.784165 0.196077
vn 0.693904 0.635271 -0.339012
vn 0.748107 0.336788 -0.571760
vn 0.677245 0.402199 -0.616096
vn 0.836582 0.303480 -0.456104
vn 0.975141 -0.193382 -0.108182
vn 0.936224 -0.075353 0.343229
vn 0.884204 -0.118855 0.451726
vn 0.726022 0.667145 0.166762
vn 0.216793 0.974597 -0.056219
vn 0.254204 0.935335 -0.246025
vn 0.279620 0.936953 -0.209599
vn 0.151489 0.986934 0.054879
vn -0.156963 0.982379 -0.101462
vn 0.338664 0.938225 -0.070993
vn 0.007979 0.963188 0.268709
vn -0.144206 0.934291 0.326045
vn -0.191112 0.970731 0.145457
vn -0.559885 0.824257 0.084437
vn -0.637247 0.770098 -0.029410
vn -0.691311 0.719319 -0.068337
vn -0.896725 0.442588 0.000581
vn -0.525417 0.850792 -0.009470
vn -0.580669 0.788589 -0.202362
vn 0.188517 0.966876 -0.172080
vn 0.129036 0.989435 0.066095
vn -0.107213 0.993628 -0.034776
vn 0.005137 0.980257 -0.197663
vn -0.385187 0.918353 0.090878
vn -0.731572 0.641192 0.231682
vn -0.998334 -0.054705 0.018342
vn -0.953432 -0.224643 0.201254
vn -0.635934 0.687327 0.350955
vn -0.643246 0.761913 -0.075645
vn -0.166916 0.985884 0.013103
vn -0.384086 0.895963 0.222997
vn -0.900541 0.411011 -0.141760
vn -0.524692 0.807274 -0.270200
vn -0.754965 0.516378 0.404205
vn -0.488107 0.248330 0.836710
vn -0.916947 0.085723 0.389692
vn -0.905534 -0.383818 0.180810
vn -0.914215 -0.401491 0.054916
vn -0.785525 -0.480668 -0.389754
vn -0.855051 -0.055407 -0.515576
vn -0.878439 -0.053111 -0.474895
vn -0.871547 -0.469337 -0.141875
vn -0.676537 -0.733197 0.068697
vn 0.027076 -0.996484 0.079286
vn -0.181069 -0.975956 -0.121339
vn 0.030656 -0.999481 -0.009889
vn -0.054597 -0.991973 0.114055
vn 0.111673 -0.961073 0.252721
vn -0.414482 -0.887098 0.203129
vn -0.456669 -0.885424 -0.086473
vn -0.172744 -0.944749 -0.278583
vn -0.400176 -0.843367 -0.358597
vn -0.595057 -0.781341 -0.188182
vn -0.550240 -0.831664 0.074642
vn -0.219395 -0.974808 0.040194
vn 0.172737 -0.979459 -0.104025
vn 0.310667 -0.925001 -0.218767
vn 0.207008 -0.973866 -0.093453
vn 0.225430 -0.973640 -0.034729
vn 0.185980 -0.959015 -0.213781
vn 0.179531 -0.918145 -0.353241
vn 0.179591 -0.924465 -0.336321
vn 0.754662 -0.475109 -0.452501
vn 0.616556 -0.555807 -0.557617
vn 0.877053 -0.303167 -0.372650
vn 0.887423 -0.427551 -0.172277
vn 0.271843 -0.936442 -0.221762
vn 0.168750 -0.984754 -0.042225
vn 0.570531 -0.795853 0.202763
vn 0.611883 -0.753140 0.241618
vn 0.848875 -0.499633 -0.172562
vn 0.812351 0.229265 -0.536212
vn 0.751036 -0.280937 -0.597511
vn 0.752559 -0.550215 -0.361826
vn 0.676581 -0.728289 0.108781
vn 0.983663 -0.017210 -0.179195
vn 0.963871 -0.148924 -0.220849
vn 0.696694 0.699338 -0.159823
vn 0.733360 0.445734 -0.513327
vn 0.696317 0.462976 -0.548449
vn 0.823909 0.039734 -0.565327
vn 0.776439 0.216561 -0.591815
vn 0.705452 0.386131 -0.594341
vn 0.724434 0.454737 -0.518083
vn 0.840769 0.386764 -0.378841
vn 0.949559 0.005360 -0.313542
vn 0.955135 0.290479 -0.057792
vn 0.729973 0.683407 0.009711
vn 0.662319 0.722851 -0.197030
vn 0.311296 0.905685 -0.287801
vn 0.091809 0.882977 -0.460351
vn 0.120002 0.870346 -0.477596
vn 0.178027 0.915735 -0.360189
vn 0.108065 0.931381 -0.347638
vn 0.022887 0.936072 -0.351063
vn -0.055810 0.954704 -0.292277
vn -0.245393 0.945870 -0.212399
vn -0.556661 0.828502 -0.060931
vn -0.587102 0.809453 0.009841
vn -0.671061 0.741402 -0.000301
vn -0.917100 0.383016 -0.110571
vn -0.452902 0.801474 -0.390536
vn -0.267450 0.803816 -0.531367
vn -0.025987 0.914369 -0.404046
vn 0.236140 0.951109 -0.199073
vn 0.161718 0.985056 -0.059259
vn -0.031618 0.996800 0.073411
vn -0.565219 0.824280 -0.033025
vn -0.814574 0.496872 -0.299311
vn -0.914955 0.053184 -0.400037
vn -0.913626 -0.115508 -0.389803
vn -0.594949 0.687600 -0.416222
vn -0.271532 0.940195 -0.205677
vn -0.406620 0.812394 -0.417944
vn -0.458616 0.681532 -0.570250
vn -0.614554 0.698274 -0.367066
vn -0.842527 0.459390 -0.281263
vn -0.971905 -0.006152 -0.235294
vn -0.911988 -0.409993 0.013540
vn -0.960545 0.170465 0.219763
vn -0.948554 -0.208535 -0.238240
vn -0.806000 -0.087389 -0.585430
vn -0.762944 -0.093745 -0.639631
vn -0.829013 -0.002553 -0.559224
vn -0.885402 -0.089694 -0.456090
vn -0.768524 -0.566189 -0.297994
vn -0.601245 -0.777389 -0.184855
vn -0.192884 -0.966088 -0.171668
vn -0.188366 -0.962171 -0.196839
vn 0.363233 -0.930909 -0.038354
vn -0.007386 -0.998928 -0.045699
vn -0.022508 -0.917006 -0.398237
vn -0.525802 -0.656404 -0.540986
vn -0.508790 -0.610160 -0.607320
vn -0.441551 -0.678558 -0.587019
vn -0.405609 -0.786668 -0.465441
vn -0.228057 -0.918154 -0.324011
vn -0.598473 -0.795695 -0.093269
vn -0.175721 -0.984327 0.014881
vn -0.073663 -0.994373 0.076128
vn 0.265507 -0.961957 -0.064386
vn 0.414588 -0.874686 -0.251080
vn 0.259527 -0.848442 -0.461294
vn 0.183519 -0.905298 -0.383088
vn 0.112859 -0.947391 -0.299522
vn 0.425327 -0.779905 -0.459179
vn 0.393628 -0.596661 -0.699323
vn 0.486124 -0.536702 -0.689663
vn 0.666469 -0.353612 -0.656337
vn 0.842913 -0.360622 -0.399312
vn 0.377849 -0.920770 -0.097023
vn 0.357630 -0.933838 -0.006924
vn 0.674113 -0.722817 -0.152009
vn 0.444478 -0.829582 -0.337983
vn 0.597317 -0.587849 -0.545569
vn 0.683247 -0.296864 -0.667118
vn 0.721372 -0.305985 -0.621285
vn 0.773645 -0.438203 -0.457658
vn 0.787432 -0.481839 -0.384425
vn 0.913049 -0.316798 -0.256867
vn 0.927614 0.358553 0.104747
vn 0.628045 0.565693 -0.534369
vn 0.623000 0.181970 -0.760762
vn 0.747992 0.194837 -0.634466
vn 0.892246 0.086116 -0.443261
vn 0.872926 0.193334 -0.447909
vn 0.826701 0.376164 -0.418410
vn 0.757623 0.527013 -0.385052
vn 0.856297 0.413688 -0.309222
vn 0.982707 0.138546 -0.122850
vn 0.866008 0.498695 -0.036511
vn 0.894678 0.431479 -0.115656
vn 0.591563 0.782788 -0.193122
vn 0.351150 0.863609 -0.361764
vn 0.169390 0.894411 -0.413928
vn 0.120002 0.918171 -0.377573
vn 0.154415 0.929227 -0.335699
vn 0.125297 0.943890 -0.305569
vn 0.030618 0.962164 -0.270746
vn -0.048090 0.983962 -0.171774
vn -0.424581 0.904952 0.028151
vn -0.570653 0.820728 0.027578
vn -0.612082 0.788141 0.064720
vn -0.843567 0.518679 0.139165
vn -0.761626 0.636846 -0.119805
vn -0.279130 0.879153 -0.386234
vn -0.151133 0.840554 -0.520220
vn -0.051207 0.884311 -0.464082
vn 0.269269 0.962168 0.041559
vn -0.004695 0.998909 0.046465
vn -0.076495 0.990459 0.114631
vn -0.555753 0.804459 0.209726
vn -0.708214 0.704089 -0.051874
vn -0.917063 0.138073 -0.374074
vn -0.831714 0.107524 -0.544693
vn -0.534303 0.730197 -0.425831
vn -0.301902 0.934786 -0.187163
vn -0.214150 0.936104 -0.279016
vn -0.532217 0.717746 -0.448982
vn -0.914140 0.401618 -0.055242
vn -0.957026 0.261505 0.125361
vn -0.986954 -0.069257 0.145343
vn -0.970587 -0.239114 -0.028022
vn -0.967129 0.195840 -0.162196
vn -0.940134 0.085910 -0.329800
vn -0.838292 0.072128 -0.540430
vn -0.814445 -0.101582 -0.571279
vn -0.839353 -0.071881 -0.538814
vn -0.830981 -0.438416 -0.342435
vn -0.683539 -0.676109 -0.275048
vn -0.415440 -0.882201 -0.221656
vn -0.417779 -0.898824 -0.132575
vn 0.170671 -0.983686 0.056854
vn 0.362924 -0.926080 -0.103256
vn -0.027782 -0.930347 -0.365627
vn -0.365063 -0.820912 -0.439128
vn -0.595738 -0.640442 -0.484695
vn -0.558092 -0.619662 -0.551863
vn -0.443477 -0.726287 -0.525200
vn -0.416004 -0.843860 -0.338882
vn -0.135026 -0.972839 -0.188021
vn -0.229951 -0.968961 -0.090758
vn -0.102121 -0.992766 0.063148
vn -0.036100 -0.990547 0.132341
vn 0.332161 -0.927073 0.173794
vn 0.452134 -0.874686 -0.174642
vn 0.110988 -0.906730 -0.406844
vn 0.238051 -0.922904 -0.302623
vn 0.110546 -0.977928 -0.177302
vn 0.469763 -0.789106 -0.395771
vn 0.406600 -0.752807 -0.517647
vn 0.513131 -0.736482 -0.440784
vn 0.845219 -0.356162 -0.398439
vn 0.977160 -0.087281 -0.193752
vn 0.917901 -0.380826 0.111484
vn 0.337892 -0.894345 0.293217
vn 0.526007 -0.847791 -0.067579
vn 0.365943 -0.877032 -0.311287
vn 0.543385 -0.688724 -0.479993
vn 0.719555 -0.420945 -0.552310
vn 0.801688 -0.260716 -0.537889
vn 0.847519 -0.301272 -0.436975
vn 0.888292 -0.384468 -0.251240
vn 0.969361 -0.242067 0.041747
vn 0.972950 0.189939 -0.131495
vn 0.945468 -0.077318 -0.316404
vn 0.945034 0.055137 -0.322289
vn 0.746625 0.569683 -0.343528
vn 0.885023 0.323612 -0.334678
vn 0.928144 0.194598 -0.317301
vn 0.902711 0.328211 -0.278192
vn 0.806071 0.558969 -0.194430
vn 0.845896 0.515322 -0.137487
vn 0.856813 0.446018 0.258728
vn 0.851562 0.313975 0.419836
vn 0.797687 0.401587 0.449914
vn 0.567636 0.810568 0.144112
vn 0.316023 0.925386 -0.209259
vn 0.205435 0.930317 -0.303820
vn 0.140869 0.950621 -0.276542
vn 0.126589 0.978934 -0.160199
vn 0.107515 0.983978 0.142224
vn 0.032812 0.972571 0.230280
vn -0.207351 0.949800 0.234276
vn -0.435011 0.887124 0.154195
vn -0.564340 0.822060 0.075752
vn -0.631476 0.774533 0.036568
vn -0.910353 0.402669 -0.095476
vn -0.417683 0.849487 -0.322354
vn -0.051659 0.955627 -0.290015
vn -0.087025 0.963416 -0.253489
vn -0.088042 0.969644 -0.228120
vn -0.154923 0.985937 0.062673
vn -0.093086 0.974008 0.206501
vn -0.099708 0.974040 0.203234
vn -0.464269 0.882189 0.078716
vn -0.327012 0.942314 0.071467
vn -0.986480 -0.019144 -0.162762
vn -0.804011 0.252202 -0.538481
vn -0.539464 0.726482 -0.425679
vn -0.356721 0.909367 -0.214015
vn 0.045525 0.971415 0.232982
vn -0.582432 0.812822 -0.009679
vn -0.859922 0.481342 0.169834
vn -0.978469 -0.034511 0.203489
vn -0.926645 -0.094438 0.363882
vn -0.876962 -0.063964 0.476283
vn -0.920893 0.194279 0.337953
vn -0.969978 0.236595 -0.056257
vn -0.970249 0.051003 -0.236675
vn -0.938262 0.176802 -0.297331
vn -0.970037 -0.075974 -0.230772
vn -0.859811 -0.501433 0.096386
vn -0.653548 -0.712205 0.256203
vn -0.417532 -0.871276 0.257964
vn -0.244404 -0.936158 0.252736
vn 0.121367 -0.992582 -0.007121
vn 0.004235 -0.993329 -0.115238
vn -0.064716 -0.988426 -0.137206
vn -0.350160 -0.926851 -0.135406
vn -0.644817 -0.746820 -0.162702
vn -0.674452 -0.712764 -0.192566
vn -0.484447 -0.851065 -0.202486
vn -0.245449 -0.956953 -0.154903
vn -0.333220 -0.933794 0.130356
vn -0.031149 -0.980246 0.195314
vn -0.077255 -0.959834 0.269722
vn 0.009046 -0.989727 0.142684
vn 0.172150 -0.974078 -0.146753
vn 0.124289 -0.951817 -0.280352
vn 0.009380 -0.943355 -0.331652
vn 0.175736 -0.934900 -0.308348
vn 0.209400 -0.930397 -0.300854
vn 0.216580 -0.962071 -0.165868
vn 0.510306 -0.857689 -0.062903
vn 0.633520 -0.764922 0.116390
vn 0.890847 -0.299574 0.341536
vn 0.969367 -0.168850 0.178376
vn 0.852020 -0.510685 -0.115166
vn 0.543425 -0.821003 -0.175052
vn 0.246766 -0.944606 -0.216395
vn 0.242729 -0.938648 -0.244996
vn 0.630831 -0.679585 -0.374454
vn 0.804091 -0.504881 -0.313900
vn 0.952146 -0.240978 -0.188011
vn 0.971481 -0.198446 -0.129785
vn 0.969191 -0.116322 0.217114
vn 0.945420 -0.177202 0.273460
vn 0.973939 -0.172150 0.147672
vn 0.990717 -0.132662 0.029691
vn 0.988674 0.054464 0.139845
vn 0.828039 0.558509 0.049185
vn 0.937473 0.341592 -0.066777
vn 0.977903 0.205319 -0.039377
vn 0.952649 0.303824 0.012292
vn 0.750187 0.588541 0.301395
vn 0.691210 0.614541 0.380221
vn 0.680299 0.538474 0.497232
vn 0.747853 0.383503 0.541887
vn 0.750705 0.398910 0.526604
vn 0.709302 0.554288 0.435495
vn 0.381692 0.923648 0.034436
vn 0.296153 0.936545 -0.187558
vn 0.143373 0.985507 -0.090667
vn 0.033983 0.960624 0.275764
vn 0.043865 0.920823 0.387506
vn 0.004644 0.886344 0.463005
vn -0.190921 0.893163 0.407197
vn -0.382603 0.872351 0.304333
vn -0.520898 0.823131 0.226099
vn -0.612105 0.776989 0.147021
vn -0.706353 0.707402 -0.025457
vn -0.331048 0.937971 -0.103043
vn -0.096298 0.979864 0.174907
vn -0.190481 0.938650 0.287495
vn -0.150435 0.917747 0.367572
vn -0.213411 0.884603 0.414647
vn -0.159282 0.920728 0.356215
vn -0.091493 0.944342 0.315986
vn -0.219994 0.908164 0.356148
vn -0.470948 0.840026 0.269379
vn -0.840143 0.529753 -0.116283
vn -0.702504 0.654222 -0.280145
vn -0.574802 0.807547 -0.132172
vn -0.440778 0.897566 0.009491
vn -0.289328 0.887975 0.357476
vn -0.407286 0.726913 0.552915
vn -0.665636 0.310778 0.678488
vn -0.794790 -0.114838 0.595920
vn -0.788587 -0.218261 0.574885
vn -0.790862 -0.140951 0.595542
vn -0.809734 0.258533 0.526775
vn -0.780029 0.512889 0.358468
vn -0.986071 0.110046 0.124717
vn -0.952724 0.287713 0.097667
vn -0.913127 -0.131854 0.385763
vn -0.720806 -0.397888 0.567559
vn -0.489981 -0.619277 0.613526
vn -0.345867 -0.748096 0.566329
vn -0.194554 -0.850290 0.489035
vn -0.059507 -0.925323 0.374481
vn 0.012312 -0.959749 0.280588
vn -0.042052 -0.975943 0.213933
vn -0.333340 -0.924806 0.183350
vn -0.653248 -0.732736 0.190694
vn -0.659487 -0.717205 0.225154
vn -0.482398 -0.829566 0.281270
vn -0.051589 -0.994390 0.092345
vn -0.214022 -0.976250 0.033614
vn 0.062409 -0.947223 0.314442
vn -0.039242 -0.890760 0.452777
vn -0.072276 -0.932194 0.354671
vn -0.116931 -0.974557 0.191219
vn 0.065146 -0.992960 -0.098929
vn -0.024700 -0.972542 -0.231415
vn 0.209650 -0.976774 0.044264
vn 0.286946 -0.929074 0.233415
vn 0.294927 -0.836811 0.461265
vn 0.476392 -0.661181 0.579560
vn 0.690647 -0.416037 0.591540
vn 0.822314 -0.157018 0.546942
vn 0.894362 -0.316482 0.316158
vn 0.599360 -0.784524 0.159024
vn 0.456967 -0.887352 -0.061545
vn 0.187479 -0.961753 -0.199706
vn 0.213905 -0.976477 -0.027146
vn 0.720147 -0.691805 -0.052858
vn 0.796457 -0.543527 0.265019
vn 0.859605 -0.028223 0.510179
vn 0.712162 -0.027201 0.701487
vn 0.743838 -0.082048 0.663305
vn 0.895883 -0.153208 0.417038
vn 0.839294 -0.346057 0.419321
vn 0.942068 -0.220919 0.252392
vn 0.966453 0.124233 0.224800
vn 0.903574 0.366001 0.222704
vn 0.885168 0.303749 0.352440
vn 0.745563 0.155369 0.648072
vn 0.576611 0.287630 0.764715
vn 0.505275 0.460150 0.730040
vn 0.438842 0.474068 0.763333
vn 0.472414 0.471752 0.744497
vn 0.609749 0.368116 0.701924
vn 0.745056 0.401854 0.532357
vn 0.764839 0.518475 0.382366
vn 0.613070 0.665924 0.425078
vn 0.319230 0.853843 0.411150
vn 0.048115 0.932992 0.356667
vn -0.030620 0.925315 0.377961
vn -0.001989 0.865682 0.500590
vn -0.029482 0.815338 0.578234
vn -0.165497 0.864270 0.475025
vn -0.335587 0.879870 0.336466
vn -0.473678 0.818674 0.324658
vn -0.563098 0.753746 0.338802
vn -0.517594 0.758923 0.395136
vn -0.356423 0.790759 0.497657
vn -0.282644 0.828251 0.483852
vn -0.237854 0.869574 0.432743
vn -0.196336 0.875748 0.441041
vn -0.234284 0.879177 0.414920
vn -0.133059 0.921618 0.364576
vn -0.085233 0.935590 0.342646
vn -0.221286 0.912684 0.343569
vn -0.338850 0.889421 0.306775
vn -0.476711 0.853612 0.209982
vn -0.636998 0.736813 0.226585
vn -0.595592 0.669006 0.444636
vn -0.424772 0.646084 0.634148
vn -0.366328 0.619110 0.694627
vn -0.397606 0.569607 0.719345
vn -0.608125 0.295581 0.736760
vn -0.776812 -0.029910 0.629022
vn -0.852840 -0.202601 0.481265
vn -0.900344 -0.173517 0.399089
vn -0.850701 0.277791 0.446250
vn -0.716536 0.564197 0.410193
vn -0.829829 0.444014 0.337987
vn -0.940536 -0.160546 0.299362
vn -0.933848 -0.145134 0.326900
vn -0.611993 -0.487372 0.622843
vn -0.397186 -0.619719 0.676899
vn -0.284975 -0.663016 0.692242
vn -0.165757 -0.803716 0.571459
vn -0.071750 -0.947722 0.310925
vn -0.009936 -0.994241 0.106706
vn -0.088777 -0.995560 -0.031283
vn -0.374861 -0.919737 0.116461
vn -0.638568 -0.685900 0.348957
vn -0.633072 -0.711046 0.305995
vn -0.446800 -0.850465 0.277630
vn -0.285197 -0.882685 0.373538
vn -0.020114 -0.931762 0.362513
vn 0.159438 -0.944064 0.288657
vn 0.054854 -0.949552 0.308775
vn -0.129049 -0.897896 0.420868
vn -0.192788 -0.890935 0.411177
vn -0.175083 -0.952702 0.248404
vn -0.020189 -0.985077 0.170928
vn 0.257615 -0.936732 0.236999
vn 0.356725 -0.840005 0.408827
vn 0.378972 -0.719366 0.582146
vn 0.470242 -0.595499 0.651347
vn 0.752888 -0.392325 0.528432
vn 0.949923 -0.194471 0.244596
vn 0.789296 -0.542914 0.286805
vn 0.414442 -0.835174 0.361555
vn 0.224743 -0.940983 0.253063
vn 0.144900 -0.970345 0.193480
vn 0.302778 -0.906413 0.294518
vn 0.531012 -0.671812 0.516424
vn 0.748507 -0.171309 0.640617
vn 0.718667 0.167645 0.674843
vn 0.609779 0.152111 0.777838
vn 0.586296 -0.053546 0.808325
vn 0.675845 -0.285488 0.679507
vn 0.742625 -0.592472 0.312225
vn 0.935114 -0.118748 0.333856
vn 0.970051 -0.152846 0.188785
vn 0.920593 0.387134 0.051331
vn 0.853544 0.412747 0.317966
vn 0.618632 0.415971 0.666530
vn 0.453167 0.369819 0.811094
vn 0.411660 0.389435 0.823940
vn 0.449481 0.545197 0.707621
vn 0.620426 0.512055 0.594030
vn 0.712552 0.348023 0.609220
vn 0.813533 0.278238 0.510634
vn 0.828477 0.429991 0.358795
vn 0.587273 0.702941 0.401228
vn 0.299568 0.846010 0.441051
vn 0.061338 0.921597 0.383271
vn -0.044533 0.910628 0.410821
vn -0.070633 0.861176 0.503376
vn -0.085117 0.817136 0.570127
vn -0.104519 0.838540 0.534722
vn -0.278153 0.896314 0.345331
vn -0.485522 0.846499 0.218422
vn -0.583575 0.783067 0.215052
vn -0.554980 0.765351 0.325937
vn -0.413072 0.792022 0.449526
vn -0.270667 0.876621 0.397837
vn -0.226184 0.917325 0.327653
vn -0.225039 0.920543 0.319309
vn -0.216674 0.915584 0.338761
vn -0.119055 0.924796 0.361358
vn -0.079672 0.933586 0.349384
vn -0.184964 0.922277 0.339403
vn -0.282062 0.920673 0.269820
vn -0.386871 0.886176 0.254997
vn -0.618310 0.704713 0.347954
vn -0.683173 0.535467 0.496537
vn -0.541051 0.580586 0.608428
vn -0.431063 0.599440 0.674430
vn -0.391144 0.558063 0.731828
vn -0.607206 0.433147 0.666097
vn -0.840017 0.121867 0.528696
vn -0.911619 -0.086762 0.401774
vn -0.955433 -0.116565 0.271221
vn -0.940064 0.234972 0.247120
vn -0.761422 0.564956 0.317901
vn -0.800372 0.515330 0.306333
vn -0.990567 0.021475 0.135333
vn -0.964181 -0.095797 0.247342
vn -0.440334 -0.590726 0.676128
vn -0.321372 -0.645553 0.692807
vn -0.242204 -0.690057 0.682025
vn -0.192506 -0.830834 0.522166
vn -0.146225 -0.956526 0.252341
vn -0.060806 -0.998092 0.010716
vn -0.133285 -0.990312 -0.038952
vn -0.270969 -0.953334 0.133156
vn -0.506888 -0.765044 0.397206
vn -0.629305 -0.626445 0.459936
vn -0.451810 -0.799576 0.395658
vn -0.214544 -0.912018 0.349562
vn -0.006366 -0.945450 0.325706
vn 0.135248 -0.935331 0.326901
vn 0.072147 -0.930865 0.358170
vn -0.075702 -0.927697 0.365579
vn -0.206651 -0.917730 0.339215
vn -0.237092 -0.935875 0.260627
vn -0.048166 -0.981756 0.183946
vn 0.283731 -0.932421 0.223801
vn 0.446193 -0.818654 0.361548
vn 0.527220 -0.721141 0.449439
vn 0.580845 -0.621221 0.526027
vn 0.717265 -0.538290 0.442465
vn 0.892131 -0.429350 0.140572
vn 0.841125 -0.531235 0.101479
vn 0.550311 -0.816631 0.173990
vn 0.207200 -0.964041 0.166414
vn 0.133222 -0.957814 0.254646
vn 0.309775 -0.845914 0.434129
vn 0.544592 -0.568452 0.616670
vn 0.710741 -0.134430 0.690489
vn 0.720418 0.231525 0.653754
vn 0.748506 0.271761 0.604884
vn 0.817800 -0.029510 0.574746
vn 0.747479 -0.457008 0.482098
vn 0.706871 -0.705006 0.057446
vn 0.961012 -0.276505 -0.000584
vn 0.953320 -0.288365 0.089588
vn 0.869236 0.321983 0.375176
vn 0.709377 0.529406 0.465310
vn 0.500718 0.678428 0.537603
vn 0.478146 0.579863 0.659648
vn 0.589237 0.539158 0.601755
vn 0.725109 0.590672 0.354011
vn 0.618629 0.731699 0.286209
vn 0.854084 0.369865 0.365704
vn 0.952997 -0.174951 0.247363
vn 0.933761 0.331826 0.134099
vn 0.614193 0.769661 0.174326
vn 0.281918 0.932376 0.226270
vn 0.069628 0.960305 0.270124
vn -0.074746 0.934652 0.347618
vn -0.134601 0.900941 0.412539
vn -0.143223 0.880331 0.452223
vn -0.082556 0.816477 0.571445
vn -0.178208 0.822925 0.539477
vn -0.448294 0.849044 0.279564
vn -0.588802 0.804254 0.080548
vn -0.806182 0.570924 0.155293
vn -0.165652 0.963074 0.212244
vn -0.260748 0.935564 0.238183
vn -0.182771 0.935566 0.302179
vn -0.211138 0.926978 0.310052
vn -0.234381 0.915111 0.328080
vn -0.165692 0.927306 0.335634
vn -0.073462 0.926541 0.368951
vn -0.157484 0.935862 0.315215
vn -0.239068 0.944154 0.226760
vn -0.584093 0.721319 0.372204
vn -0.556982 0.652037 0.514411
vn -0.501531 0.554189 0.664335
vn -0.659939 0.592004 0.462613
vn -0.563025 0.674381 0.477716
vn -0.533552 0.707042 0.464128
vn -0.556789 0.655650 0.510009
vn -0.841017 0.342559 0.418740
vn -0.977774 0.024794 0.208190
vn -0.989388 -0.012781 0.144732
vn -0.943718 0.258102 0.206832
vn -0.815458 0.507521 0.278301
vn -0.780313 0.524629 0.340405
vn -0.795895 0.275049 0.539351
vn -0.654300 -0.402497 0.640224
vn -0.376266 -0.734654 0.564541
vn -0.330378 -0.740287 0.585513
vn -0.287689 -0.851027 0.439305
vn -0.267359 -0.885791 0.379333
vn -0.234492 -0.915171 0.327835
vn -0.130581 -0.982558 0.132397
vn -0.147604 -0.985754 0.080635
vn -0.176857 -0.980623 0.084260
vn -0.372818 -0.905720 0.201688
vn -0.615347 -0.724304 0.311018
vn -0.512192 -0.782538 0.353968
vn -0.233890 -0.892466 0.385745
vn 0.002349 -0.943046 0.332653
vn 0.148154 -0.921014 0.360255
vn 0.081661 -0.895359 0.437794
vn -0.093861 -0.957075 0.274222
vn -0.241333 -0.954997 0.172453
vn -0.279518 -0.946352 0.162134
vn -0.079132 -0.987401 0.137031
vn 0.318138 -0.937662 0.139919
vn 0.548552 -0.815568 0.184225
vn 0.622872 -0.723120 0.298543
vn 0.705213 -0.603243 0.372522
vn 0.663100 -0.627929 0.407436
vn 0.686142 -0.659111 0.307867
vn 0.961387 -0.272160 0.040798
vn 0.609442 -0.715523 -0.341479
vn 0.185964 -0.928503 0.321402
vn 0.157524 -0.926033 0.343001
vn 0.360814 -0.853880 0.375102
vn 0.649299 -0.662084 0.374240
vn 0.864899 -0.175028 0.470442
vn 0.864856 0.289349 0.410246
vn 0.883834 0.271651 0.380845
vn 0.947917 -0.099426 0.302603
vn 0.840590 -0.527286 0.124008
vn 0.684339 -0.722351 0.099445
vn 0.830287 -0.491521 0.262737
vn 0.883111 0.062215 0.465020
vn 0.795488 0.387764 0.465659
vn 0.659707 0.575474 0.483339
vn 0.437628 0.718801 0.540191
vn 0.458697 0.646429 0.609694
vn 0.705047 0.513872 0.488717
vn 0.857230 0.431431 0.281112
vn 0.877416 0.479437 -0.016761
vn 0.857823 0.463369 -0.222324
vn 0.978996 -0.181946 -0.091991
vn 0.927531 0.347605 0.137322
vn 0.614579 0.747920 0.250816
vn 0.257220 0.912393 0.318398
vn 0.041179 0.935348 0.351325
vn -0.116481 0.926925 0.356711
vn -0.168396 0.886979 0.430012
vn -0.163495 0.853871 0.494140
vn -0.146847 0.842111 0.518926
vn -0.160614 0.880385 0.446235
vn -0.337248 0.906216 0.255021
vn -0.520886 0.843836 0.128915
vn -0.733924 0.678901 -0.021215
vn -0.350528 0.936517 -0.008166
vn -0.361938 0.892608 0.268798
vn -0.230644 0.912554 0.337711
vn -0.212186 0.919550 0.330765
vn -0.248110 0.922221 0.296564
vn -0.183772 0.938184 0.293324
vn -0.109296 0.936380 0.333537
vn -0.109903 0.961195 0.253033
vn -0.179160 0.958701 0.220895
vn -0.504839 0.857253 0.101271
vn -0.617380 0.782909 -0.076780
vn -0.770275 0.589307 0.243708
vn -0.731159 0.487537 0.477194
vn -0.587661 0.663348 0.463275
vn -0.556481 0.744107 0.369640
vn -0.616736 0.706272 0.347588
vn -0.795869 0.535360 0.282810
vn -0.959194 0.232011 0.161612
vn -0.997863 0.034588 0.055441
vn -0.954703 0.209963 0.210848
vn -0.817175 0.428697 0.385285
vn -0.740691 0.440932 0.506908
vn -0.724266 0.134432 0.676289
vn -0.613264 -0.480364 0.627023
vn -0.384968 -0.804281 0.452694
vn -0.376525 -0.838714 0.393430
vn -0.366605 -0.881619 0.297234
vn -0.291202 -0.922215 0.254403
vn -0.259695 -0.929762 0.260961
vn -0.189973 -0.966503 0.172576
vn -0.172865 -0.972264 0.157545
vn -0.180907 -0.969023 0.168129
vn -0.296205 -0.920008 0.256608
vn -0.517141 -0.755402 0.402408
vn -0.451223 -0.766942 0.456287
vn -0.202550 -0.883470 0.422439
vn -0.011345 -0.930577 0.365921
vn 0.172689 -0.945745 0.275218
vn 0.100030 -0.966915 0.234671
vn -0.183410 -0.957383 0.223112
vn -0.290111 -0.944770 0.152464
vn -0.284820 -0.947183 0.147383
vn -0.092560 -0.974142 0.206107
vn 0.306494 -0.930324 0.201392
vn 0.571415 -0.792620 0.212695
vn 0.666367 -0.659954 0.347010
vn 0.740203 -0.540511 0.399933
vn 0.698696 -0.610882 0.372353
vn 0.607886 -0.751921 0.255127
vn 0.862883 -0.480419 -0.156941
vn 0.214337 -0.903191 -0.371894
vn 0.338334 -0.940866 -0.017347
vn 0.284857 -0.907232 0.309493
vn 0.339197 -0.873666 0.348789
vn 0.607028 -0.689637 0.394865
vn 0.909862 -0.134285 0.392579
vn 0.916642 0.284209 0.281058
vn 0.932517 0.280793 0.227085
vn 0.966648 -0.176203 0.185858
vn 0.768721 -0.627126 0.125624
vn 0.625123 -0.678598 0.385649
vn 0.806802 -0.367123 0.462917
vn 0.838755 0.205202 0.504363
vn 0.752361 0.410409 0.515284
vn 0.575164 0.539754 0.614696
vn 0.359657 0.702334 0.614307
vn 0.454128 0.673965 0.582700
vn 0.727970 0.368470 0.578178
vn 0.861135 0.244069 0.445955
vn 0.953077 0.182950 0.241191
vn 0.924628 0.376286 0.058920
vn 0.986787 0.107391 0.121324
vn 0.803923 0.409407 0.431386
vn 0.521047 0.677007 0.519781
vn 0.202683 0.809062 0.551668
vn 0.014486 0.807834 0.589232
vn -0.122550 0.802338 0.584153
vn -0.189156 0.770720 0.608450
vn -0.180703 0.769372 0.612710
vn -0.156225 0.888511 0.431441
vn -0.111557 0.956735 0.268725
vn -0.239106 0.946903 0.214950
vn -0.470043 0.865603 0.172600
vn -0.540338 0.798044 0.266759
vn -0.497419 0.767665 0.404060
vn -0.422457 0.776204 0.468014
vn -0.264228 0.853653 0.448843
vn -0.205640 0.899293 0.385985
vn -0.218560 0.932030 0.289053
vn -0.180933 0.950540 0.252462
vn -0.148032 0.941584 0.302500
vn -0.086251 0.937520 0.337070
vn -0.167262 0.895033 0.413449
vn -0.290728 0.826202 0.482564
vn -0.520004 0.616477 0.591229
vn -0.725863 0.271745 0.631884
vn -0.704955 0.316929 0.634503
vn -0.525742 0.579473 0.622741
vn -0.448774 0.699921 0.555619
vn -0.556757 0.699929 0.447350
vn -0.706630 0.597598 0.378881
vn -0.880975 0.366567 0.299186
vn -0.969231 0.122876 0.213289
vn -0.883798 0.091341 0.458867
vn -0.654876 0.221054 0.722684
vn -0.534802 0.225789 0.814252
vn -0.466220 0.007404 0.884638
vn -0.458685 -0.440372 0.771804
vn -0.407435 -0.797916 0.444214
vn -0.402044 -0.823691 0.399867
vn -0.374229 -0.793405 0.480063
vn -0.287061 -0.904382 0.315737
vn -0.256457 -0.953522 0.158198
vn -0.224215 -0.957282 0.182587
vn -0.182458 -0.946285 0.266933
vn -0.174633 -0.925865 0.335078
vn -0.228938 -0.849504 0.475321
vn -0.342555 -0.649766 0.678572
vn -0.289341 -0.589019 0.754545
vn -0.151885 -0.767497 0.622799
vn -0.015280 -0.900872 0.433817
vn 0.143254 -0.955727 0.257030
vn 0.077661 -0.981110 0.177177
vn -0.187389 -0.945532 0.266186
vn -0.312346 -0.909834 0.273206
vn -0.286557 -0.897740 0.334586
vn -0.078425 -0.884952 0.459030
vn 0.247830 -0.845211 0.473496
vn 0.505202 -0.720385 0.475201
vn 0.669826 -0.537529 0.512246
vn 0.722048 -0.481079 0.497203
vn 0.673307 -0.635730 0.377499
vn 0.561602 -0.795334 0.228138
vn 0.549507 -0.832680 0.068457
vn 0.134043 -0.935752 0.326191
vn 0.410818 -0.809324 0.419790
vn 0.381748 -0.823432 0.419794
vn 0.328960 -0.838469 0.434459
vn 0.555020 -0.642938 0.527810
vn 0.805197 -0.207773 0.555417
vn 0.864583 0.186187 0.466723
vn 0.896086 0.219759 0.385663
vn 0.875003 -0.234567 0.423495
vn 0.673459 -0.604827 0.425015
vn 0.547845 -0.598013 0.585018
vn 0.622491 -0.291931 0.726141
vn 0.650788 0.190088 0.735080
vn 0.540833 0.376670 0.752076
vn 0.417468 0.562263 0.713849
vn 0.340033 0.730910 0.591734
vn 0.489977 0.614095 0.618717
vn 0.735953 0.278666 0.617024
vn 0.860255 0.099036 0.500152
vn 0.924212 -0.006049 0.381832
vn 0.886705 0.042849 0.460346
vn 0.755497 0.277654 0.593407
vn 0.605875 0.371583 0.703450
vn 0.359126 0.519992 0.775008
vn 0.122882 0.666061 0.735705
vn -0.031768 0.709507 0.703982
vn -0.135013 0.715632 0.685305
vn -0.211437 0.735072 0.644177
vn -0.170691 0.778321 0.604219
vn -0.031166 0.865628 0.499716
vn -0.021258 0.913004 0.407396
vn -0.199210 0.909626 0.364548
vn -0.413597 0.836911 0.358494
vn -0.545336 0.716973 0.434234
vn -0.529010 0.657335 0.536711
vn -0.404713 0.669569 0.622804
vn -0.210601 0.722048 0.659010
vn -0.133427 0.792647 0.594902
vn -0.149360 0.873004 0.464279
vn -0.176853 0.907928 0.379987
vn -0.181748 0.917119 0.354768
vn -0.116000 0.885808 0.449320
vn -0.189558 0.789886 0.583222
vn -0.275076 0.731266 0.624165
vn -0.460992 0.540712 0.703646
vn -0.657248 0.251241 0.710565
vn -0.637068 0.290768 0.713861
vn -0.508312 0.502796 0.699153
vn -0.414246 0.670582 0.615402
vn -0.409034 0.711975 0.570773
vn -0.563968 0.615088 0.551005
vn -0.754743 0.425294 0.499488
vn -0.812690 0.171863 0.556775
vn -0.661357 -0.113769 0.741393
vn -0.491893 -0.071102 0.867748
vn -0.433146 0.059957 0.899327
vn -0.445533 -0.076530 0.891989
vn -0.540256 -0.323644 0.776774
vn -0.516207 -0.622536 0.588200
vn -0.377240 -0.770351 0.514052
vn -0.313693 -0.781503 0.539305
vn -0.357679 -0.806533 0.470712
vn -0.343702 -0.866616 0.361726
vn -0.212807 -0.901474 0.376905
vn -0.131740 -0.881800 0.452850
vn -0.119500 -0.828080 0.547725
vn -0.132069 -0.784400 0.606032
vn -0.187304 -0.673912 0.714674
vn -0.194312 -0.598574 0.777144
vn -0.223093 -0.685875 0.692680
vn -0.130442 -0.853536 0.504441
vn 0.066362 -0.926706 0.369882
vn 0.044148 -0.932514 0.358424
vn -0.147770 -0.920686 0.361250
vn -0.293621 -0.851656 0.434130
vn -0.230559 -0.819953 0.523946
vn -0.037129 -0.819438 0.571964
vn 0.190337 -0.784904 0.589659
vn 0.451868 -0.661871 0.598115
vn 0.636205 -0.458580 0.620441
vn 0.638475 -0.407290 0.653042
vn 0.555359 -0.615424 0.559311
vn 0.459553 -0.752818 0.471250
vn 0.403527 -0.733970 0.546310
vn 0.386879 -0.701485 0.598534
vn 0.384266 -0.680452 0.623959
vn 0.329620 -0.705860 0.626987
vn 0.304433 -0.765889 0.566335
vn 0.503783 -0.637131 0.583323
vn 0.722293 -0.261057 0.640423
vn 0.788263 0.085610 0.609355
vn 0.778582 0.088571 0.621261
vn 0.735996 -0.217500 0.641096
vn 0.648844 -0.516657 0.558630
vn 0.503441 -0.465179 0.728118
vn 0.597325 -0.255161 0.760326
vn 0.673278 0.134205 0.727108
vn 0.536318 0.443760 0.717942
vn 0.398891 0.584477 0.706592
vn 0.355675 0.703997 0.614722
vn 0.521231 0.570031 0.635124
vn 0.784788 0.177639 0.593761
vn 0.908047 -0.046688 0.416259
vn 0.872467 -0.115919 0.474726
vn 0.728989 0.055680 0.682257
vn 0.573072 0.268654 0.774218
vn 0.425583 0.347192 0.835665
vn 0.248622 0.499716 0.829742
vn 0.099729 0.642450 0.759811
vn -0.045992 0.767464 0.639440
vn -0.157136 0.837521 0.523324
vn -0.223556 0.855679 0.466728
vn -0.147507 0.882928 0.445736
vn 0.063355 0.882752 0.465548
vn 0.049138 0.885001 0.462988
vn -0.135718 0.856754 0.497547
vn -0.356881 0.738283 0.572342
vn -0.515740 0.597845 0.613672
vn -0.498058 0.499637 0.708732
vn -0.376080 0.494133 0.783834
vn -0.225818 0.568685 0.790951
vn -0.090275 0.703740 0.704698
vn -0.043876 0.819848 0.570898
vn -0.123058 0.873372 0.471251
vn -0.157704 0.907545 0.389220
vn -0.162719 0.875466 0.455062
vn -0.230038 0.798401 0.556452
vn -0.267321 0.740030 0.617168
vn -0.417734 0.537830 0.732282
vn -0.555240 0.300875 0.775360
vn -0.568416 0.257078 0.781546
vn -0.510947 0.431934 0.743214
vn -0.395509 0.666191 0.632267
vn -0.377752 0.716837 0.586044
vn -0.451426 0.630832 0.631083
vn -0.578077 0.441615 0.686151
vn -0.623345 0.102143 0.775247
vn -0.577879 -0.301860 0.758245
vn -0.573494 -0.247168 0.781033
vn -0.533091 -0.012092 0.845972
vn -0.559798 -0.034417 0.827914
vn -0.615514 -0.083428 0.783698
vn -0.564645 -0.439899 0.698329
vn -0.370001 -0.766932 0.524323
vn -0.292474 -0.821928 0.488767
vn -0.370078 -0.676774 0.636412
vn -0.329970 -0.581032 0.743991
vn -0.153389 -0.774496 0.613700
vn -0.071726 -0.842105 0.534523
vn -0.058073 -0.789109 0.611502
vn -0.082759 -0.740682 0.666739
vn -0.110399 -0.704065 0.701501
vn -0.190285 -0.713346 0.674485
vn -0.354766 -0.699371 0.620501
vn -0.289900 -0.789728 0.540636
vn 0.007108 -0.917058 0.398691
vn 0.041772 -0.926562 0.373815
vn -0.149167 -0.900730 0.407964
vn -0.232118 -0.855524 0.462818
vn -0.168462 -0.797262 0.579650
vn -0.040059 -0.744694 0.666202
vn 0.137713 -0.679563 0.720576
vn 0.381271 -0.550899 0.742390
vn 0.625948 -0.377834 0.682225
vn 0.680905 -0.382910 0.624298
vn 0.479510 -0.618716 0.622303
vn 0.377511 -0.726663 0.573975
vn 0.454261 -0.747834 0.484139
vn 0.443099 -0.772816 0.454334
vn 0.455464 -0.737978 0.497937
vn 0.403181 -0.726612 0.556309
vn 0.266042 -0.729975 0.629570
vn 0.319069 -0.587535 0.743638
vn 0.538092 -0.263500 0.800640
vn 0.665579 0.023873 0.745946
vn 0.715216 0.085782 0.693619
vn 0.721035 -0.155681 0.675183
vn 0.585670 -0.458428 0.668457
vn 0.606326 -0.441856 0.661160
vn 0.625233 -0.388488 0.676876
vn 0.700244 0.011138 0.713817
vn 0.556145 0.539011 0.632590
vn 0.401705 0.705287 0.584126
vn 0.399320 0.691253 0.602256
vn 0.597683 0.523669 0.607080
vn 0.850100 0.050721 0.524172
vn 0.881617 -0.209857 0.422743
vn 0.845856 -0.031546 0.532477
vn 0.705080 0.207552 0.678074
vn 0.544279 0.329990 0.771276
vn 0.391110 0.420582 0.818623
vn 0.261611 0.577838 0.773086
vn 0.144196 0.713102 0.686071
vn 0.003025 0.830683 0.556738
vn -0.122417 0.914194 0.386347
vn -0.214089 0.920472 0.326951
vn -0.130555 0.929569 0.344757
vn 0.066828 0.913792 0.400648
vn 0.056846 0.885718 0.460730
vn -0.161973 0.824890 0.541591
vn -0.423169 0.686387 0.591440
vn -0.557360 0.540411 0.630322
vn -0.630563 0.432553 0.644429
vn -0.532085 0.480693 0.697008
vn -0.268146 0.660115 0.701673
vn -0.027089 0.823328 0.566919
vn 0.066142 0.906976 0.415956
vn -0.025068 0.947236 0.319554
vn -0.098040 0.949775 0.297180
vn -0.226885 0.874126 0.429450
vn -0.295004 0.762996 0.575160
vn -0.306064 0.712379 0.631539
vn -0.448106 0.540585 0.712018
vn -0.565329 0.306138 0.765952
vn -0.585879 0.257854 0.768282
vn -0.522676 0.491391 0.696667
vn -0.394643 0.707729 0.585984
vn -0.370778 0.741017 0.559836
vn -0.460478 0.669321 0.583068
vn -0.557495 0.479037 0.678029
vn -0.623247 0.036379 0.781179
vn -0.626627 -0.330699 0.705675
vn -0.629542 -0.278567 0.725312
vn -0.613187 -0.113719 0.781709
vn -0.646845 0.022671 0.762284
vn -0.692355 0.036605 0.720628
vn -0.675763 -0.386423 0.627712
vn -0.431419 -0.765452 0.477452
vn -0.285604 -0.821713 0.493171
vn -0.282919 -0.708188 0.646859
vn -0.233237 -0.638595 0.733346
vn -0.172857 -0.718032 0.674203
vn -0.090317 -0.809828 0.579674
vn -0.015818 -0.849108 0.527983
vn -0.054063 -0.821444 0.567721
vn -0.129714 -0.827310 0.546565
vn -0.314716 -0.796617 0.516097
vn -0.476259 -0.725131 0.497356
vn -0.387184 -0.781295 0.489557
vn -0.104900 -0.915051 0.389457
vn 0.025382 -0.953750 0.299527
vn -0.118199 -0.913152 0.390105
vn -0.180235 -0.846804 0.500438
vn -0.078019 -0.781890 0.618516
vn 0.007569 -0.705751 0.708419
vn 0.171263 -0.686296 0.706871
vn 0.425274 -0.598235 0.679159
vn 0.660433 -0.475406 0.581221
vn 0.734033 -0.535278 0.417939
vn 0.533624 -0.713348 0.454290
vn 0.359213 -0.794481 0.489659
vn 0.369548 -0.814538 0.447171
vn 0.417004 -0.751087 0.511836
vn 0.484328 -0.692335 0.534883
vn 0.469379 -0.685535 0.556530
vn 0.384095 -0.636664 0.668678
vn 0.372497 -0.559605 0.740330
vn 0.499936 -0.453630 0.737756
vn 0.710287 -0.188899 0.678093
vn 0.853051 -0.027976 0.521077
vn 0.824580 -0.210609 0.525082
vn 0.675040 -0.389486 0.626596
vn -0.104962 -0.032345 0.993950
vn -0.263733 -0.087318 0.960636
vn -0.332988 0.022859 0.942654
vn -0.254913 0.071072 0.964349
vn -0.055000 -0.061953 0.996563
vn -0.015138 -0.165524 0.986090
vn -0.140308 -0.019572 0.989915
vn -0.137706 0.170339 0.975716
vn -0.101680 -0.015702 0.994693
vn -0.162749 0.082959 0.983174
vn -0.109821 0.031826 0.993442
vn -0.088440 -0.261257 0.961209
vn -0.101633 -0.316848 0.943015
vn -0.161401 -0.248482 0.955095
vn -0.109879 -0.188064 0.975991
vn -0.063995 -0.162100 0.984697
vn -0.134129 -0.043735 0.989998
vn -0.073233 0.024456 0.997015
vn 0.040669 0.007993 0.999141
vn 0.078527 -0.048570 0.995728
vn 0.066658 -0.094344 0.993306
vn 0.044256 -0.101014 0.993900
vn 0.108611 -0.053828 0.992626
vn 0.179044 -0.027712 0.983451
vn 0.062746 -0.099167 0.993091
vn 0.116074 -0.071414 0.990670
vn 0.072369 -0.030438 0.996913
vn -0.099832 -0.038763 0.994249
vn -0.065658 0.056286 0.996253
vn -0.056730 0.092670 0.994080
vn -0.023131 0.080310 0.996502
vn 0.155523 0.093627 0.983385
vn 0.245902 0.014874 0.969181
vn 0.126543 -0.122220 0.984403
vn 0.125798 -0.152061 0.980333
vn 0.210603 -0.109777 0.971388
vn 0.248090 -0.078337 0.965564
vn 0.109177 -0.122583 0.986435
vn 0.017641 -0.122413 0.992322
vn 0.064152 -0.088582 0.994001
vn -0.010954 -0.122562 0.992400
vn 0.162570 -0.027915 0.986302
vn 0.283805 0.008760 0.958842
vn 0.233265 0.061899 0.970441
vn 0.205017 0.198758 0.958365
vn 0.261847 0.134391 0.955707
vn 0.260511 -0.093629 0.960920
vn 0.182830 -0.180556 0.966423
vn 0.162959 -0.092953 0.982244
vn 0.071069 -0.013452 0.997381
vn -0.045867 0.093795 0.994534
vn -0.027300 0.154280 0.987650
vn 0.025949 0.141087 0.989657
vn -0.005615 0.211926 0.977270
vn 0.027663 0.200677 0.979267
vn 0.062836 0.074229 0.995260
vn 0.057222 0.038047 0.997636
vn 0.072630 0.020177 0.997155
vn 0.035909 0.027039 0.998989
vn 0.060080 -0.016109 0.998064
vn 0.007680 0.002317 0.999968
vn 0.018603 0.015690 0.999704
vn 0.082153 -0.045033 0.995602
vn -0.096965 0.054589 0.993790
vn -0.129583 0.162648 0.978138
vn -0.016603 0.186026 0.982404
vn -0.037344 0.200175 0.979048
vn 0.065483 0.199948 0.977616
vn 0.096695 0.104866 0.989774
vn -0.027025 0.052561 0.998252
vn 0.045989 0.064308 0.996870
vn -0.070641 -0.005578 0.997486
vn -0.066501 -0.011722 0.997717
vn -0.062339 0.024071 0.997765
vn -0.151752 0.056923 0.986778
vn -0.128236 0.104193 0.986255
vn -0.154300 0.122741 0.980370
vn -0.207798 0.133268 0.969051
vn -0.157808 0.174494 0.971930
vn 0.019265 0.239213 0.970776
vn 0.031624 0.185380 0.982158
vn 0.076640 0.270371 0.959701
vn 0.043748 -0.003312 0.999037
vn -0.059407 -0.155831 0.985996
vn 0.000000 0.000000 -1.000000
vn -0.175241 0.984313 -0.020470
vn -0.915888 0.374782 -0.143832
vn -0.833053 0.437599 0.338422
vn -0.190594 0.906896 0.375784
vn 0.729790 -0.683041 0.029334
vn 0.950335 0.303840 0.067408
vn 0.910489 0.039042 0.411687
vn 0.803538 -0.335204 0.491899
vn 0.958674 -0.234716 0.160786
vn 0.985252 -0.085355 0.148298
vn 0.738538 -0.138443 0.659845
vn 0.759064 -0.113926 0.640970
vn 0.986482 0.057735 0.153363
vn 0.728243 -0.006253 0.685290
vn 0.962406 0.144086 0.230247
vn 0.626143 0.027472 0.779224
vn 0.685826 0.719098 0.111985
vn 0.538754 0.472013 0.697816
vn 0.119068 0.991677 -0.048988
vn 0.316029 0.909205 0.271057
vn 0.937656 -0.173887 -0.300939
vn 0.906806 -0.391184 -0.157092
vn 0.895777 -0.330179 0.297599
vn 0.993281 -0.072627 0.090106
vn 0.984264 -0.151096 -0.091620
vn 0.908634 -0.133804 0.395577
vn 0.906826 0.421460 -0.006215
vn 0.763611 0.348327 0.543660
vn 0.605188 0.787491 0.116645
vn 0.480168 0.655846 0.582499
vn 0.338607 0.933463 0.118287
vn 0.296279 0.751756 0.589136
vn 0.174183 0.976018 0.130571
vn 0.137826 0.763242 0.631241
vn -0.000912 0.999858 0.016828
vn -0.002558 0.849223 0.528028
vn -0.046977 0.986827 -0.154808
vn -0.005376 0.937317 0.348436
vn 0.002262 0.983602 -0.180341
vn -0.002112 0.948527 0.316690
vn -0.092415 0.979239 -0.180419
vn -0.101480 0.957519 0.269924
vn -0.601128 0.783541 -0.157189
vn -0.498744 0.849520 0.171962
vn -0.374380 0.901322 0.217850
vn -0.625217 0.774127 0.099155
vn 0.144396 0.746020 0.650080
vn -0.616362 0.439873 0.653154
vn -0.204489 0.978641 0.021107
vn -0.143031 0.884925 0.443227
vn 0.056667 0.993800 -0.095657
vn 0.114114 0.934427 0.337378
vn 0.131232 0.977061 -0.167719
vn 0.207284 0.951573 0.227029
vn 0.003288 0.991425 -0.130635
vn -0.000278 0.979848 0.199742
vn -0.153503 0.987969 -0.018792
vn -0.172532 0.919900 0.352159
vn -0.391110 0.694636 0.603750
vn -0.564081 0.365751 0.740297
vn -0.656102 0.673780 0.339927
vn -0.427408 0.318990 0.845913
vn -0.626894 0.704186 0.333354
vn -0.342362 0.485640 0.804327
vn -0.915906 0.150768 0.372002
vn -0.648451 0.410686 0.640974
vn -0.949566 0.287938 0.124158
vn -0.909909 -0.402138 0.101743
vn -0.595609 -0.312913 0.739822
vn -0.781941 0.171307 0.599351
vn -0.490418 -0.871474 0.004831
vn -0.496733 -0.745845 0.443815
vn -0.459998 -0.879708 -0.120480
vn -0.435158 -0.886802 0.155624
vn -0.256659 -0.724988 0.639155
vn -0.265499 -0.954919 0.132818
vn -0.378117 -0.881388 0.283165
vn -0.255249 -0.676813 0.690487
vn 0.136124 -0.982573 0.126576
vn -0.077274 -0.937585 0.339061
vn -0.501549 -0.833005 -0.233562
vn 0.375215 -0.898719 -0.226975
vn -0.023892 -0.996887 0.075131
vn -0.452446 -0.883129 0.123997
vn -0.752257 -0.647757 -0.120499
vn 0.161006 -0.967110 -0.196913
vn 0.109467 -0.962426 0.248500
vn -0.542465 -0.795528 0.269939
vn -0.191246 -0.978904 -0.071910
vn 0.278644 -0.959973 -0.028437
vn 0.242604 -0.834781 0.494251
vn 0.009018 -0.965971 0.258492
vn 0.522992 -0.852284 0.009582
vn 0.360009 -0.685336 0.633015
vn 0.662375 -0.715977 0.220535
vn 0.477052 -0.364281 0.799825
vn 0.807015 -0.417213 0.417925
vn 0.430141 -0.126791 0.893814
vn 0.543759 -0.096001 0.833732
vn 0.756613 -0.210190 0.619158
vn 0.697005 -0.703101 0.140831
vn 0.657040 -0.539282 0.526758
vn 0.729806 -0.682465 0.040315
vn 0.628691 -0.635384 0.448370
vn 0.957143 -0.286208 0.044293
vn 0.830102 -0.249865 0.498495
vn 0.682860 -0.144244 0.716167
vn 0.779583 0.017464 0.626055
vn 0.641745 -0.012298 0.766819
vn 0.488221 0.085357 0.868536
vn 0.391578 0.315541 0.864350
vn 0.392662 0.587332 0.707713
vn 0.531405 0.833008 0.153970
vn 0.414300 0.697895 0.584207
vn 0.822241 0.545253 0.163153
vn 0.650890 0.481271 0.587129
vn 0.818788 -0.102272 0.564913
vn 0.813621 -0.273280 0.513165
vn 0.766353 -0.104945 0.633790
vn 0.635994 0.361361 0.681858
vn 0.443954 0.655775 0.610626
vn 0.263562 0.717118 0.645196
vn 0.089529 0.782146 0.616630
vn 0.031800 0.842502 0.537755
vn 0.062245 0.830966 0.552831
vn -0.005834 0.827462 0.561492
vn -0.086601 0.868417 0.488212
vn -0.257298 0.906207 0.335540
vn -0.283209 0.942942 0.175079
vn -0.303848 0.874691 0.377614
vn -0.236094 0.926766 0.292174
vn -0.253697 0.695976 0.671755
vn -0.750216 0.621491 0.225664
vn -0.589088 0.603418 0.537459
vn -0.064750 0.964014 0.257846
vn -0.686995 0.691564 0.223106
vn -0.506300 0.497103 0.704662
vn -0.150718 0.777786 0.610191
vn -0.878974 0.334142 0.340227
vn -0.060864 0.916983 0.394256
vn -0.256677 0.911205 0.322215
vn 0.130331 0.945454 0.298547
vn 0.244190 0.924833 0.291641
vn 0.043031 0.930623 0.363441
vn -0.221551 0.817973 0.530882
vn -0.413286 0.573972 0.706930
vn -0.557598 0.241531 0.794196
vn -0.526945 0.119782 0.841417
vn -0.339853 0.378083 0.861135
vn -0.318097 0.442545 0.838432
vn -0.691601 0.691610 0.208239
vn -0.496427 0.511880 0.701099
vn -0.707990 0.691611 0.142910
vn -0.624941 0.620722 0.473448
vn -0.918122 0.186032 0.349919
vn -0.831242 0.475466 0.288044
vn -0.829205 0.450842 0.330394
vn -0.893692 -0.276149 0.353634
vn -0.513878 -0.111115 0.850637
vn -0.818667 0.192344 0.541098
vn -0.886447 -0.248918 0.390195
vn -0.395509 -0.084865 0.914533
vn -0.318101 0.013395 0.947962
vn -0.334751 -0.220975 0.916031
vn -0.393439 -0.373113 0.840233
vn -0.485669 -0.871461 0.068417
vn -0.279039 -0.678500 0.679540
vn -0.169112 -0.984710 -0.041801
vn -0.089280 -0.892753 0.441613
vn -0.115668 -0.992647 -0.035682
vn -0.069015 -0.889803 0.451095
vn -0.040169 -0.882515 0.468565
vn -0.143809 -0.787312 0.599548
vn -0.242603 -0.751272 0.613787
vn -0.334197 -0.768680 0.545384
vn -0.304700 -0.948134 0.090549
vn -0.340176 -0.785358 0.517197
vn -0.256520 -0.878064 0.403981
vn -0.377774 -0.845621 0.377111
vn -0.435392 -0.895141 0.095691
vn -0.368009 -0.737975 0.565652
vn -0.356509 -0.920857 0.157874
vn -0.218734 -0.744572 0.630688
vn -0.233814 -0.760006 0.606401
vn -0.039870 -0.684722 0.727713
vn 0.563534 -0.807613 0.173758
vn 0.442415 -0.691522 0.571023
vn -0.113306 -0.991149 0.069184
vn 0.204106 -0.696497 0.687919
vn 0.213914 -0.888443 0.406091
vn 0.234865 -0.767427 0.596569
vn 0.422457 -0.684196 0.594479
vn 0.573863 -0.343240 0.743551
vn 0.609967 -0.058402 0.790272
vn 0.533461 -0.175863 0.827340
vn 0.557346 -0.389389 0.733309
vn 0.609576 -0.542175 0.578328
vn 0.566478 -0.622389 0.540124
vn 0.791668 -0.254098 0.555604
vn 0.685982 -0.007833 0.727577
vn 0.736993 0.070650 0.672198
vn 0.584060 0.022200 0.811407
vn 0.435164 0.278594 0.856164
vn 0.452968 0.382964 0.805083
vn 0.478018 0.483562 0.733258
vn 0.523912 0.675000 0.519510
vn 0.812056 0.474524 0.339694
vn 0.925080 -0.092959 0.368219
vn 0.882975 -0.247008 0.399178
vn 0.809803 -0.038744 0.585422
vn 0.649972 0.301446 0.697616
vn 0.456318 0.621557 0.636743
vn 0.227015 0.794622 0.563064
vn 0.079562 0.863370 0.498259
vn 0.067782 0.909918 0.409211
vn 0.066692 0.878484 0.473094
vn -0.010071 0.882260 0.470655
vn -0.046513 0.907326 0.417847
vn -0.209708 0.923261 0.321887
vn -0.352138 0.898441 0.262304
vn -0.411131 0.750066 0.518047
vn -0.331644 0.591549 0.734903
vn -0.344394 0.537025 0.770063
vn -0.471317 0.505278 0.722879
vn -0.666020 0.527583 0.527328
vn -0.546098 0.783454 0.296610
vn -0.042019 0.981204 0.188342
vn 0.161344 0.975433 0.149995
vn 0.226536 0.942443 0.245931
vn 0.055128 0.876934 0.477438
vn -0.216511 0.712744 0.667172
vn -0.476442 0.474413 0.740226
vn -0.618675 0.167388 0.767608
vn -0.601858 0.016933 0.798423
vn -0.449321 0.337566 0.827139
vn -0.329884 0.573883 0.749557
vn -0.433738 0.720676 0.540831
vn -0.578005 0.798415 0.168654
vn -0.668211 0.728243 0.152173
vn -0.667742 0.744197 0.017094
vn -0.653020 0.665620 0.361269
vn -0.777291 0.627150 0.050007
vn -0.691190 0.556297 0.461291
vn -0.826156 0.552262 0.111680
vn -0.664022 0.464646 0.585814
vn -0.954244 0.208171 0.214670
vn -0.673621 0.219342 0.705779
vn -0.625201 -0.110730 0.772569
vn -0.497876 -0.324386 0.804297
vn -0.555544 -0.328394 0.763890
vn -0.469876 -0.124553 0.873901
vn -0.457734 -0.159295 0.874703
vn -0.596060 -0.389862 0.701940
vn -0.406460 -0.745352 0.528432
vn -0.128261 -0.928560 0.348318
vn -0.059511 -0.894653 0.442780
vn -0.020612 -0.912431 0.408711
vn -0.099732 -0.883392 0.457899
vn -0.270198 -0.762624 0.587706
vn -0.413936 -0.715770 0.562432
vn -0.373080 -0.771760 0.514974
vn -0.326028 -0.830124 0.452327
vn -0.411942 -0.787443 0.458516
vn -0.273382 -0.829873 0.486388
vn -0.194280 -0.829130 0.524213
vn -0.252054 -0.731793 0.633205
vn 0.041022 -0.724976 0.687551
vn 0.572865 -0.281427 0.769821
vn 0.666580 -0.672690 0.321185
vn 0.616793 0.394002 0.681416
vn 0.245671 -0.966677 -0.071983
vn 0.693051 -0.720888 0.001346
vn 0.614011 -0.724051 0.314230
vn 0.193872 -0.970459 0.143606
vn 0.964372 -0.257548 0.060463
vn 0.825357 -0.511479 0.239114
vn 0.135287 -0.985211 0.105151
vn 0.554914 -0.485421 0.675602
vn 0.413528 -0.838383 0.355118
vn 0.301297 -0.546274 0.781540
vn 0.192249 -0.755806 0.625937
vn 0.466182 -0.753199 0.464075
vn 0.727421 -0.449672 0.518318
vn 0.903875 -0.173595 0.390993
vn 0.888563 -0.151126 0.433147
vn 0.594299 -0.436666 0.675375
vn 0.522020 -0.651103 0.550963
vn 0.583662 -0.653620 0.481789
vn 0.709365 -0.366722 0.601927
vn 0.460417 0.279215 0.842648
vn -0.191101 -0.104049 0.976040
vn 0.622065 0.159588 0.766529
vn 0.604581 0.513379 0.609035
vn 0.250505 0.716308 0.651268
vn -0.137446 -0.049664 0.989263
vn -0.161933 0.128840 0.978355
vn -0.071462 0.316022 0.946057
vn 0.724062 -0.550539 0.415501
vn 0.931163 -0.198349 0.305930
vn 0.911749 0.045207 0.408253
vn 0.822019 0.404041 0.401291
vn 0.183690 0.638433 0.747436
vn 0.013828 -0.021158 0.999680
vn 0.320195 0.868901 0.377474
vn 0.115960 0.964134 0.238743
vn -0.311060 0.784828 0.535992
vn 0.283772 0.876891 0.387988
vn -0.009117 0.972623 0.232211
vn -0.179747 0.933579 0.310035
vn -0.331777 0.851990 0.405015
vn -0.517671 0.761841 0.389378
vn -0.594892 0.721679 0.353954
vn -0.596037 0.720072 0.355297
vn -0.618692 0.697736 0.361088
vn -0.591955 0.774158 0.224208
vn -0.815643 0.527645 0.237312
vn 0.559070 0.776857 0.289714
vn 0.173291 0.984128 0.038240
vn -0.169814 0.897392 0.407247
vn 0.034036 -0.044738 0.998419
vn -0.235037 0.288612 0.928149
vn -0.655485 0.623699 0.425839
vn -0.847107 0.194356 0.494606
vn -0.834102 0.041665 0.550034
vn -0.654097 0.543502 0.526082
vn -0.620049 0.429927 0.656279
vn -0.016099 0.545836 0.837737
vn -0.450015 0.885508 0.115592
vn -0.742435 0.510806 0.433437
vn -0.253059 0.753796 0.606426
vn -0.744482 0.506615 0.434842
vn -0.677122 0.356095 0.643974
vn -0.580669 0.196873 0.789978
vn -0.661889 -0.110171 0.741461
vn -0.737120 -0.506971 0.446805
vn -0.363869 -0.769298 0.525147
vn 0.234993 -0.079836 0.968713
vn 0.238413 -0.050566 0.969846
vn -0.488584 -0.706902 0.511444
vn -0.531226 -0.798096 0.284327
vn -0.175073 -0.981669 0.075333
vn -0.030586 -0.995369 0.091137
vn -0.039762 -0.970348 0.238420
vn -0.075995 -0.937541 0.339472
vn -0.255996 -0.863801 0.433952
vn -0.484475 -0.787176 0.381625
vn -0.441208 -0.853068 0.278587
vn 0.020394 -0.790707 0.611855
vn -0.047649 0.129106 0.990485
vn -0.532628 -0.653338 0.538012
vn -0.224567 -0.942372 0.248000
vn -0.254536 -0.878378 0.404554
vn 0.327519 -0.676699 0.659401
vn 0.870917 0.113009 0.478260
vn -0.175201 -0.984519 0.005251
vn 0.169267 -0.538451 0.825481
vn -0.724080 -0.320439 0.610760
vn 0.726688 -0.594939 0.343470
vn -0.084964 -0.089294 0.992375
vn 0.547946 -0.009191 0.836463
vn 0.732562 0.062652 0.677811
vn -0.102680 0.236436 0.966207
vn -0.284424 -0.398666 0.871876
vn 0.315059 -0.826500 0.466514
vn 0.746434 -0.571649 0.340667
vn 0.925915 -0.372422 0.063115
vn 0.955043 0.045770 0.292913
vn -0.143004 -0.227240 0.963282
vn 0.181247 -0.564227 0.805480
vn 0.648654 -0.747584 0.142714
vn 0.705964 -0.281277 0.649999
vn 0.772764 0.458480 0.438899
vn 0.837458 0.540109 0.083344
vn 0.371462 0.799748 0.471613
vn -0.300068 0.834955 0.461312
vn -0.004854 -0.458827 0.888513
vn -0.055412 -0.906535 0.418478
vn 0.529325 -0.254494 0.809351
vn 0.678733 0.664007 0.313714
vn -0.769473 0.488158 0.411841
vn 0.053872 0.156072 0.986275
vn 0.745876 0.643388 0.172397
vn -0.838814 0.178558 0.514304
vn -0.018364 0.127914 0.991615
vn 0.777816 0.510188 0.367028
vn -0.113314 0.094069 0.989096
vn -0.158142 0.940528 0.300664
vn -0.558186 0.823450 0.101774
vn -0.640711 0.766937 -0.036003
vn -0.676208 0.732917 -0.074669
vn -0.962908 0.242371 0.118598
vn -0.026904 0.172184 0.984697
vn -0.844959 -0.198229 0.496739
vn 0.125320 0.218122 0.967842
vn 0.819805 -0.323248 0.472685
vn -0.252335 0.927589 0.275510
vn 0.110173 0.312706 0.943439
vn -0.420424 0.714649 0.559036
vn -0.973653 -0.140088 0.179931
vn -0.814008 -0.407779 0.413650
vn -0.012854 0.045445 0.998884
vn -0.764731 -0.397196 0.507368
vn 0.189925 0.203213 0.960538
vn 0.652163 -0.300519 0.695968
vn -0.532014 -0.616486 0.580436
vn 0.143211 0.375165 0.915829
vn 0.672080 0.519683 0.527483
vn -0.237812 0.279894 0.930110
vn -0.858996 0.204560 0.469340
vn -0.735767 -0.459798 0.497225
vn -0.077567 -0.328531 0.941303
vn 0.104509 -0.803021 0.586716
vn -0.705718 -0.675296 0.214331
vn -0.525809 -0.566903 0.634150
vn 0.184548 -0.961352 0.204312
vn -0.185884 -0.976562 -0.108507
vn 0.015323 -0.999799 -0.012957
vn -0.036378 -0.992651 0.115416
vn 0.351981 -0.816283 0.458029
vn 0.115690 -0.183680 0.976154
vn 0.134620 -0.328208 0.934964
vn 0.712808 -0.562396 0.419064
vn -0.666753 -0.717887 0.200196
vn -0.881472 0.236623 0.408676
vn -0.227278 -0.973255 0.033449
vn 0.177376 -0.980268 -0.087249
vn 0.856298 0.349025 0.380704
vn -0.490324 0.549696 0.676326
vn 0.561158 0.519680 0.644232
vn -0.047728 0.611828 0.789549
vn 0.568067 -0.705947 0.423011
vn 0.079394 -0.996731 -0.014942
vn 0.232307 0.151314 0.960800
vn 0.335892 0.057869 0.940121
vn 0.231884 0.835903 0.497490
vn -0.204057 -0.447524 0.870680
vn -0.629703 0.295560 0.718414
vn 0.477005 0.805975 0.350530
vn 0.944351 0.086389 -0.317394
vn 0.648688 0.728540 0.220074
vn 0.980026 -0.095658 -0.174352
vn 0.096063 0.111718 0.989086
vn -0.243297 0.861279 0.446100
vn -0.404095 0.622155 0.670545
vn 0.903086 0.188583 0.385840
vn -0.564421 0.822689 -0.067913
vn -0.242959 0.945917 -0.214971
vn -0.586579 0.809820 -0.010768
vn -0.652293 0.757710 -0.019741
vn -0.999958 0.006061 0.006936
vn 0.018223 0.984379 -0.175115
vn -0.025406 0.995987 0.085818
vn 0.238640 0.971104 -0.002757
vn -0.565208 0.824903 0.008674
vn -0.334268 -0.848197 0.410886
vn -0.968763 -0.244284 0.042699
vn -0.204547 0.092738 0.974454
vn -0.602641 -0.725069 0.333314
vn -0.358884 -0.908751 0.213014
vn -0.106230 -0.985356 -0.133371
vn -0.935970 -0.351949 -0.009559
vn 0.459154 -0.885115 0.075815
vn -0.194869 -0.961308 -0.194713
vn 0.045441 -0.268232 0.962282
vn 0.910303 -0.160820 0.381426
vn -0.185894 -0.982431 0.016512
vn -0.862580 -0.505657 0.016315
vn -0.050163 -0.996045 0.073334
vn 0.460889 -0.856730 -0.231507
vn 0.310887 -0.950274 -0.018129
vn -0.135016 -0.977183 -0.163961
vn 0.329587 -0.944114 -0.004535
vn 0.341866 -0.935193 -0.092421
vn 0.811842 -0.575801 -0.096774
vn -0.377927 0.855577 0.353779
vn 0.834532 0.408341 0.369885
vn 0.911605 -0.330823 -0.243994
vn 0.865466 0.500937 0.005444
vn 0.997238 0.021238 -0.071173
vn -0.037128 0.954858 -0.294733
vn -0.426422 0.904105 0.027541
vn -0.077564 0.986753 -0.142486
vn -0.577045 0.816259 0.027208
vn -0.605286 0.794750 0.044741
vn -0.840453 0.471298 0.267428
vn -0.787929 -0.427449 0.443233
vn 0.523337 0.849156 -0.071081
vn 0.056827 0.997175 0.049113
vn 0.590666 0.324448 0.738815
vn -0.062824 0.990616 0.121378
vn -0.611399 0.702482 0.364295
vn -0.842109 0.509983 -0.175414
vn -0.707362 0.667397 0.232853
vn -0.847540 0.501831 0.172747
vn -0.880660 0.469474 -0.063499
vn -0.950087 0.273447 0.150207
vn -0.575992 -0.437779 0.690349
vn -0.993175 -0.054207 -0.103273
vn -0.987074 -0.032465 0.156942
vn -0.968285 -0.249060 0.019803
vn 0.231066 -0.964920 0.124652
vn -0.397190 -0.909408 -0.123355
vn 0.923849 -0.074174 0.375501
vn -0.113035 -0.991206 0.068804
vn -0.286012 -0.955697 -0.069571
vn -0.013012 -0.991184 0.131854
vn 0.465379 -0.815377 0.344358
vn 0.554253 -0.825838 -0.103898
vn 0.861743 0.029065 0.506511
vn 0.385313 -0.921263 -0.052989
vn 0.129597 -0.961498 -0.242334
vn -0.234077 -0.262092 0.936224
vn 0.143645 0.683570 0.715610
vn 0.546002 -0.791158 -0.275592
vn 0.966599 -0.248382 0.063196
vn 0.950373 -0.197095 -0.240717
vn 0.973896 -0.096846 0.205301
vn 0.997423 -0.041797 -0.058307
vn -0.056948 -0.256630 0.964831
vn 0.973873 -0.171943 0.148349
vn 0.998201 0.018072 0.057174
vn 0.940203 -0.205371 0.271738
vn 0.940977 0.234943 -0.243649
vn 0.884508 0.298940 0.358163
vn 0.894051 0.436291 -0.101606
vn 0.814185 0.260101 0.519087
vn 0.892858 0.442564 -0.083317
vn 0.786569 0.435937 0.437342
vn 0.519816 0.852111 -0.060811
vn 0.600700 0.762693 0.239706
vn 0.181204 0.929992 -0.319813
vn 0.111976 0.965910 -0.233409
vn 0.036598 0.989374 0.140709
vn 0.125529 0.985552 -0.113710
vn 0.007291 0.979148 -0.203017
vn -0.016488 0.982421 0.185948
vn -0.226178 0.950740 0.211983
vn -0.430789 0.887577 0.163180
vn -0.565951 0.819637 0.088851
vn -0.615122 0.787613 0.035931
vn -0.987974 0.153232 0.020685
vn -0.004562 0.978950 0.204051
vn -0.144064 0.965723 0.215926
vn -0.081672 0.973417 0.213982
vn -0.487396 0.858476 0.159574
vn -0.920866 0.337417 -0.195337
vn -0.997586 -0.065571 0.022870
vn -0.255535 0.961068 0.105117
vn 0.152008 0.982322 -0.109254
vn -0.606098 0.744773 -0.279210
vn -0.608979 0.790728 0.062399
vn 0.587932 0.464430 0.662299
vn -0.974047 -0.003928 0.226312
vn -0.866654 0.330608 0.373643
vn -0.925597 -0.041673 0.376209
vn -0.881085 -0.004219 0.472939
vn -0.968990 0.207501 -0.134171
vn -0.933676 0.156597 0.322066
vn -0.979143 -0.128412 -0.157448
vn -0.982756 0.181807 0.033706
vn -0.480146 -0.866566 -0.136098
vn -0.660739 -0.700188 -0.270481
vn -0.645190 -0.714693 0.270081
vn -0.696131 -0.639981 0.325309
vn -0.399502 -0.889789 -0.220621
vn -0.376243 -0.888543 0.262552
vn -0.170695 -0.958180 0.229681
vn 0.150766 -0.988376 0.019550
vn -0.482399 -0.840628 -0.246245
vn -0.108003 -0.978402 -0.176251
vn -0.453230 -0.854114 0.255091
vn -0.339210 -0.939286 -0.051751
vn -0.019957 -0.979895 0.198516
vn -0.091505 -0.958904 0.268571
vn 0.027699 -0.989227 0.143746
vn 0.228126 -0.968428 -0.100528
vn 0.403567 -0.888699 -0.217594
vn 0.912131 -0.353646 -0.207250
vn 0.916965 -0.251146 0.310001
vn 0.634354 -0.750124 0.186841
vn 0.976580 -0.129588 0.171751
vn 0.912880 -0.396575 -0.096842
vn 0.743994 -0.475446 0.469494
vn 0.935555 -0.212532 0.282078
vn 0.886094 -0.125551 0.446177
vn 0.979595 0.194541 -0.050476
vn 0.962145 -0.155901 -0.223544
vn 0.990384 -0.135557 0.027630
vn 0.979105 -0.134602 0.152435
vn 0.987197 0.008012 -0.159304
vn 0.990412 0.031044 0.134615
vn 0.735856 0.663149 -0.136931
vn 0.843984 0.504400 0.182404
vn 0.906384 0.306297 -0.290947
vn 0.790589 0.577495 -0.203638
vn 0.737239 0.601890 0.306932
vn 0.954092 0.279920 0.106551
vn 0.707038 0.593802 0.384053
vn 0.690076 0.406960 0.598480
vn 0.702264 0.332272 0.629619
vn 0.765979 0.392631 0.509035
vn 0.761466 0.509318 0.400954
vn 0.300588 0.952961 -0.038878
vn 0.441749 0.892482 0.091287
vn 0.165913 0.949198 -0.267389
vn -0.027886 0.960129 0.278164
vn 0.140419 0.990076 -0.005745
vn -0.038006 0.924658 0.378898
vn -0.033084 0.908212 0.417200
vn -0.228284 0.895943 0.381014
vn -0.394216 0.865575 0.308827
vn -0.521390 0.819128 0.239126
vn -0.585258 0.796941 0.149525
vn -0.709514 0.703651 0.038287
vn 0.207387 0.974609 -0.084431
vn -0.088193 0.980422 -0.176053
vn -0.199209 0.924658 0.324536
vn -0.050127 0.910042 0.411474
vn -0.077269 0.990646 -0.112469
vn -0.110044 0.936091 0.334100
vn -0.184943 0.892004 0.412463
vn -0.070244 0.932060 0.355428
vn -0.074327 0.957086 0.280110
vn -0.238039 0.908956 0.342252
vn -0.406398 0.875972 0.259833
vn -0.802823 0.593720 -0.054505
vn -0.453723 0.684454 0.570665
vn -0.235600 0.825346 0.513125
vn -0.694108 0.281773 0.662434
vn -0.809998 -0.095070 0.578675
vn -0.815157 -0.174379 0.552369
vn -0.812493 -0.078533 0.577657
vn -0.823789 0.219079 0.522854
vn -0.800758 0.466561 0.375644
vn -0.997127 0.014657 -0.074317
vn -0.964466 0.154087 0.214623
vn -0.806171 0.591507 -0.014423
vn -0.997165 0.011019 0.074436
vn -0.861045 -0.088682 0.500736
vn -0.890483 0.409494 0.198380
vn -0.673822 -0.433123 0.598639
vn -0.494005 -0.567324 0.658865
vn -0.278410 -0.737643 0.615118
vn -0.118223 -0.890523 0.439308
vn -0.039493 -0.905203 0.423141
vn -0.012623 -0.998094 -0.060410
vn 0.012296 -0.947328 0.320028
vn -0.048734 -0.998422 -0.027918
vn -0.017147 -0.980545 0.195542
vn -0.298064 -0.950734 -0.085221
vn -0.336032 -0.930476 0.145937
vn -0.658259 -0.739532 -0.140669
vn -0.712686 -0.681228 0.167355
vn -0.717882 -0.690637 -0.087562
vn -0.687448 -0.692378 0.219154
vn -0.505415 -0.858058 -0.091058
vn -0.505205 -0.828350 0.242082
vn -0.124056 -0.983837 0.129129
vn 0.078110 -0.949164 0.304936
vn -0.273285 -0.958367 0.082750
vn -0.054276 -0.895671 0.441392
vn -0.045481 -0.935690 0.349879
vn -0.063516 -0.980940 0.183639
vn 0.300361 -0.930230 -0.210843
vn 0.117692 -0.991984 -0.046010
vn 0.349825 -0.935912 0.041115
vn 0.210494 -0.960587 -0.181562
vn 0.278537 -0.921569 0.270423
vn 0.251623 -0.947119 0.199129
vn 0.244508 -0.967664 -0.061984
vn 0.267990 -0.808276 0.524282
vn 0.533680 -0.845141 0.030371
vn 0.453068 -0.639888 0.620704
vn 0.712526 -0.385722 0.586110
vn 0.860418 -0.101202 0.499439
vn 0.914091 -0.274898 0.298110
vn 0.568743 -0.794623 0.212380
vn 0.738698 -0.653592 -0.164751
vn 0.461745 -0.885860 0.045199
vn 0.131210 -0.987483 -0.087533
vn 0.682341 -0.674870 -0.281001
vn 0.721036 -0.692601 -0.020271
vn 0.211412 -0.975634 0.058678
vn 0.942598 -0.332125 0.034671
vn 0.981928 -0.168214 -0.086728
vn 0.894269 0.008461 0.447451
vn 0.779648 -0.511564 0.361180
vn 0.982277 -0.173029 0.072066
vn 0.767786 0.049053 0.638826
vn 0.736539 -0.102490 0.668585
vn 0.873399 -0.183279 0.451203
vn 0.926510 -0.227141 0.299977
vn 0.831371 -0.314602 0.458091
vn 0.959741 0.084071 0.268011
vn 0.900371 0.351863 0.255976
vn 0.957401 0.233580 0.169778
vn 0.858040 0.273320 0.434815
vn 0.962912 0.194862 0.186624
vn 0.721278 0.125592 0.681164
vn 0.600490 0.184678 0.778014
vn 0.484865 0.473724 0.735181
vn 0.474999 0.461149 0.749478
vn 0.532631 0.402062 0.744749
vn 0.648907 0.366345 0.666867
vn 0.801027 0.342374 0.491055
vn 0.797665 0.439040 0.413490
vn 0.633795 0.612739 0.472075
vn 0.354923 0.932348 -0.068972
vn 0.307525 0.834795 0.456667
vn 0.030964 0.916365 0.399145
vn -0.112813 0.925786 0.360824
vn -0.088598 0.872027 0.481372
vn -0.045895 0.821500 0.568359
vn -0.217190 0.857294 0.466771
vn -0.367531 0.870444 0.327487
vn -0.482936 0.814010 0.322738
vn -0.514228 0.783596 0.348636
vn -0.479152 0.776486 0.409247
vn -0.287192 0.957834 0.008643
vn -0.299256 0.730134 0.614288
vn -0.237023 0.727671 0.643673
vn -0.238737 0.850917 0.467915
vn -0.118922 0.897111 0.425499
vn -0.229571 0.876027 0.424116
vn -0.047385 0.914264 0.402338
vn -0.011240 0.938067 0.346273
vn -0.253298 0.914879 0.314382
vn -0.297259 0.911954 0.282802
vn -0.451156 0.872796 0.186237
vn -0.652123 0.746375 -0.132895
vn -0.678615 0.699031 0.225472
vn -0.556769 0.830633 0.007555
vn -0.570657 0.703791 0.423118
vn -0.433504 0.894741 0.107299
vn -0.333640 0.634041 0.697622
vn -0.324752 0.547425 0.771273
vn -0.441070 0.505395 0.741642
vn -0.637365 0.248160 0.729508
vn -0.808540 -0.014801 0.588255
vn -0.884736 -0.170930 0.433618
vn -0.914958 -0.139383 0.378713
vn -0.868586 0.227286 0.440341
vn -0.739031 0.512897 0.436773
vn -0.824751 0.444308 0.349823
vn -0.836285 -0.127842 0.533183
vn -0.817262 -0.190143 0.543993
vn -0.629931 -0.477365 0.612625
vn -0.395790 -0.545613 0.738686
vn -0.184331 -0.681863 0.707873
vn -0.111249 -0.844267 0.524248
vn -0.046663 -0.931577 0.360537
vn -0.010069 -0.988839 0.148649
vn -0.076188 -0.996665 -0.029231
vn -0.416585 -0.895002 0.159464
vn -0.709560 -0.595310 0.377002
vn -0.653780 -0.685140 0.321178
vn -0.486452 -0.832799 0.264215
vn -0.370197 -0.844625 0.386734
vn -0.030846 -0.912607 0.407672
vn 0.183528 -0.950288 0.251535
vn 0.047303 -0.961200 0.271765
vn -0.089704 -0.907001 0.411463
vn -0.125242 -0.906420 0.403382
vn -0.125878 -0.962353 0.240897
vn -0.035744 -0.988660 -0.145858
vn 0.004856 -0.986160 0.165724
vn 0.262873 -0.936901 0.230464
vn 0.357895 -0.813700 0.458043
vn 0.365837 -0.665188 0.650913
vn 0.454357 -0.584105 0.672593
vn 0.749879 -0.400430 0.526628
vn 0.955525 -0.170668 0.240508
vn 0.822108 -0.503592 0.265580
vn 0.429008 -0.814854 0.389827
vn 0.201358 -0.932855 0.298724
vn 0.157848 -0.975802 -0.151312
vn 0.120661 -0.972635 0.198548
vn 0.285294 -0.900220 0.328954
vn 0.523273 -0.688531 0.502107
vn 0.732848 -0.253685 0.631331
vn 0.731497 0.193787 0.653727
vn 0.679462 0.247725 0.690626
vn 0.596761 0.019093 0.802192
vn 0.621434 -0.249823 0.742569
vn 0.802059 -0.096054 0.589470
vn 0.728996 -0.593008 0.341914
vn 0.883329 -0.209731 0.419217
vn 0.927881 0.357463 0.106101
vn 0.824683 0.438418 0.357333
vn 0.637765 0.412482 0.650472
vn 0.500760 0.253696 0.827573
vn 0.441220 0.422671 0.791627
vn 0.534501 0.556215 0.636344
vn 0.687427 0.456855 0.564560
vn 0.766509 0.326155 0.553252
vn 0.858402 0.221892 0.462504
vn 0.838694 0.379326 0.390774
vn 0.611270 0.657761 0.440113
vn 0.291159 0.852270 0.434582
vn 0.044123 0.924721 0.378080
vn -0.110467 0.913215 0.392218
vn -0.156213 0.863337 0.479841
vn -0.091511 0.767658 0.634293
vn -0.167176 0.779252 0.604002
vn -0.330019 0.881645 0.337328
vn -0.493383 0.842515 0.216199
vn -0.549330 0.808046 0.212835
vn -0.537906 0.778009 0.324589
vn -0.424074 0.707382 0.565484
vn -0.263778 0.810876 0.522400
vn -0.169398 0.928697 0.329888
vn -0.139915 0.936567 0.321349
vn -0.213697 0.915446 0.341017
vn -0.055941 0.910586 0.409517
vn 0.034264 0.915585 0.400662
vn -0.178518 0.926683 0.330740
vn -0.276395 0.930809 0.239167
vn -0.361342 0.898989 0.247491
vn -0.662272 0.657882 0.358590
vn -0.620361 0.551946 0.557232
vn -0.436287 0.493400 0.752469
vn -0.348270 0.458897 0.817387
vn -0.362990 0.487231 0.794257
vn -0.655277 0.394778 0.644020
vn -0.867927 0.162732 0.469277
vn -0.929537 -0.041221 0.366418
vn -0.959670 -0.106820 0.260045
vn -0.954945 0.181545 0.234781
vn -0.796009 0.512120 0.322650
vn -0.796341 0.513407 0.319772
vn -0.950384 0.085049 0.299228
vn -0.491855 -0.550129 0.674861
vn -0.927664 -0.155577 0.339464
vn -0.290125 -0.612885 0.734983
vn -0.124861 -0.709661 0.693391
vn -0.137933 -0.805816 0.575877
vn -0.110023 -0.964131 0.241551
vn -0.063837 -0.997938 0.006689
vn -0.118450 -0.992101 -0.041297
vn -0.276561 -0.947288 0.161742
vn -0.587256 -0.658969 0.469990
vn -0.644659 -0.565859 0.514022
vn -0.515317 -0.721086 0.463123
vn -0.302209 -0.835861 0.458265
vn 0.010989 -0.939327 0.342847
vn 0.114602 -0.954111 0.276655
vn 0.051215 -0.957634 0.283398
vn -0.026715 -0.951181 0.307476
vn -0.147306 -0.931080 0.333754
vn -0.190118 -0.947907 0.255591
vn -0.021001 -0.983660 0.178809
vn 0.290280 -0.932239 0.216029
vn 0.479001 -0.792750 0.376969
vn 0.549912 -0.697701 0.459140
vn 0.561356 -0.660475 0.498650
vn 0.708852 -0.568801 0.417125
vn 0.904705 -0.405541 0.130556
vn 0.868434 -0.489411 0.079370
vn 0.601031 -0.783752 0.156506
vn 0.216602 -0.967055 0.133743
vn 0.097844 -0.969108 0.226396
vn 0.300377 -0.847740 0.437162
vn 0.506422 -0.606736 0.612705
vn 0.663312 -0.180771 0.726181
vn 0.638495 0.239085 0.731548
vn 0.698185 0.291613 0.653835
vn 0.818901 0.102454 0.564716
vn 0.754894 -0.371033 0.540805
vn 0.952781 -0.298860 0.053771
vn 0.702310 -0.709554 0.057390
vn 0.842112 0.241953 0.481981
vn 0.908216 -0.372097 0.191541
vn 0.659872 0.550669 0.511206
vn 0.520858 0.680647 0.515196
vn 0.523311 0.511359 0.681658
vn 0.633402 0.519013 0.573957
vn 0.784841 0.554950 0.275781
vn 0.502157 0.750842 0.429039
vn 0.127726 -0.090587 0.987664
vn 0.820469 -0.402640 0.405848
vn 0.930899 0.342424 0.127174
vn 0.642385 0.748287 0.165553
vn 0.292976 0.930897 0.218167
vn 0.054650 0.963668 0.261453
vn -0.135236 0.924986 0.355124
vn -0.212740 0.884148 0.415961
vn -0.179511 0.835252 0.519740
vn -0.157519 0.758124 0.632800
vn -0.209428 0.820802 0.531435
vn -0.447475 0.849307 0.280079
vn -0.570707 0.818102 0.070726
vn -0.805265 0.519075 0.286547
vn -0.029188 0.932957 0.358804
vn -0.278230 0.927946 0.248002
vn -0.083801 0.950408 0.299504
vn -0.135533 0.943924 0.301062
vn -0.220784 0.917683 0.330322
vn -0.149349 0.935901 0.319035
vn 0.006836 0.942873 0.333084
vn -0.087966 0.946119 0.311643
vn -0.220715 0.949415 0.223375
vn -0.524772 0.598786 0.605037
vn -0.009231 -0.051647 0.998623
vn -0.116501 0.330944 0.936431
vn -0.644944 0.542361 0.538416
vn -0.555216 0.622550 0.551513
vn -0.485688 0.700982 0.522236
vn -0.586461 0.659271 0.470559
vn -0.848099 0.381566 0.367608
vn -0.978047 0.057174 0.200387
vn -0.989850 -0.016654 0.141138
vn -0.955257 0.214029 0.204148
vn -0.846004 0.448211 0.288762
vn -0.775449 0.510502 0.371573
vn -0.758444 0.291252 0.583040
vn -0.683223 -0.430057 0.590134
vn -0.430852 -0.720537 0.543316
vn -0.279904 -0.760534 0.585869
vn -0.185231 -0.869834 0.457250
vn -0.229013 -0.842122 0.488245
vn -0.208508 -0.909234 0.360301
vn -0.140734 -0.981245 0.131725
vn -0.142742 -0.986396 0.081529
vn -0.149704 -0.985906 0.074686
vn -0.419547 -0.874545 0.243211
vn -0.637239 -0.681755 0.359355
vn -0.574851 -0.708806 0.408827
vn -0.316972 -0.853928 0.412718
vn -0.025757 -0.965813 0.257957
vn 0.087036 -0.938801 0.333283
vn 0.046190 -0.915334 0.400038
vn -0.052504 -0.973699 0.221705
vn -0.181299 -0.969123 0.167129
vn -0.238113 -0.958025 0.159657
vn -0.054794 -0.989412 0.134393
vn 0.321927 -0.936886 0.136414
vn 0.585555 -0.791058 0.177067
vn 0.644812 -0.716190 0.267001
vn 0.673782 -0.656616 0.338929
vn 0.653298 -0.636344 0.410204
vn 0.721734 -0.613232 0.321010
vn 0.944673 -0.109525 0.309189
vn 0.421045 0.056799 0.905260
vn 0.025363 -0.738161 0.674147
vn 0.125812 -0.934101 0.334106
vn 0.370113 -0.845224 0.385503
vn 0.629630 -0.691707 0.353705
vn 0.803573 -0.203121 0.559475
vn 0.765744 0.309985 0.563512
vn 0.852512 0.228459 0.470138
vn 0.948186 -0.077958 0.308002
vn 0.881012 -0.453526 0.134658
vn 0.827042 -0.489543 0.276312
vn 0.679113 -0.726294 0.106312
vn 0.866290 0.002105 0.499537
vn 0.786836 0.359483 0.501659
vn 0.666144 0.604217 0.437235
vn 0.510104 0.693988 0.508109
vn 0.492057 0.594823 0.635662
vn 0.735743 0.451331 0.504958
vn 0.896817 0.355555 0.263247
vn 0.871061 0.488802 0.048233
vn 0.927252 0.351744 0.128371
vn 0.842903 -0.537678 0.020413
vn 0.645769 0.715733 0.265910
vn 0.272479 0.904560 0.327912
vn 0.023836 0.936953 0.348643
vn -0.183897 0.910045 0.371484
vn -0.241673 0.866162 0.437445
vn -0.226197 0.849805 0.476094
vn -0.220577 0.838343 0.498525
vn -0.151295 0.886539 0.437217
vn -0.334162 0.917615 0.215217
vn -0.486014 0.869143 0.091545
vn -0.717241 0.696299 0.027063
vn -0.387420 0.885003 0.258217
vn -0.314955 0.948763 0.025544
vn -0.131223 0.932370 0.336849
vn -0.122470 0.939851 0.318875
vn -0.238886 0.931346 0.274824
vn -0.156531 0.956893 0.244652
vn -0.035003 0.955731 0.292152
vn -0.060189 0.965014 0.255198
vn -0.144356 0.961034 0.235743
vn -0.472058 0.856814 0.207440
vn -0.766527 0.457507 0.450693
vn -0.733650 0.540035 0.412457
vn -0.626151 0.644607 0.438653
vn -0.534103 0.770372 0.348227
vn -0.587355 0.745776 0.314376
vn -0.794067 0.550718 0.257229
vn -0.960808 0.232873 0.150392
vn -0.995764 0.030501 0.086742
vn -0.953927 0.153723 0.257666
vn -0.838944 0.345125 0.420787
vn -0.736122 0.417114 0.533048
vn -0.706873 0.151613 0.690901
vn -0.637702 -0.411631 0.651073
vn -0.410012 -0.768753 0.490825
vn -0.308706 -0.878994 0.363414
vn -0.271778 -0.928256 0.253925
vn -0.254513 -0.923238 0.287844
vn -0.253188 -0.918865 0.302625
vn -0.210988 -0.961662 0.175186
vn -0.162641 -0.974444 0.154941
vn -0.151964 -0.974691 0.163967
vn -0.326710 -0.921445 0.210237
vn -0.556684 -0.751978 0.353032
vn -0.521309 -0.719639 0.458647
vn -0.299808 -0.867669 0.396567
vn -0.092721 -0.940105 0.328031
vn 0.133958 -0.953726 0.269186
vn 0.070952 -0.968388 0.239147
vn -0.145949 -0.965250 0.216773
vn -0.212634 -0.965857 0.148009
vn -0.242722 -0.958040 0.152464
vn -0.064835 -0.976756 0.204313
vn 0.304356 -0.925074 0.227168
vn 0.602399 -0.761935 0.237846
vn 0.668232 -0.673164 0.316727
vn 0.708410 -0.600868 0.370287
vn 0.716595 -0.603393 0.349869
vn 0.651853 -0.717321 0.246045
vn 0.972672 -0.224794 0.058119
vn 0.285372 -0.895806 0.340726
vn 0.287806 -0.944032 0.161154
vn 0.348195 -0.837547 0.421040
vn 0.556569 -0.682136 0.474259
vn 0.849648 -0.096444 0.518456
vn 0.867169 0.352295 0.352004
vn 0.942919 0.231309 0.239584
vn 0.963374 -0.181196 0.197683
vn 0.812886 -0.565032 0.141266
vn 0.844939 -0.386133 0.370108
vn 0.629130 -0.694992 0.348112
vn 0.870354 0.177789 0.459212
vn 0.759540 0.388359 0.521800
vn 0.618984 0.528958 0.580571
vn 0.439120 0.680304 0.586822
vn 0.475032 0.671306 0.568941
vn 0.754465 0.315671 0.575442
vn 0.889122 0.143874 0.434468
vn 0.953976 0.185605 0.235542
vn 0.810249 0.563105 -0.162507
vn 0.923603 0.370820 0.097207
vn 0.821694 0.401207 0.404786
vn 0.988079 -0.004338 0.153889
vn 0.557012 0.664653 0.497970
vn 0.224630 0.767432 0.600491
vn -0.005612 0.730605 0.682777
vn -0.214031 0.763690 0.609072
vn -0.271505 0.770167 0.577172
vn -0.236829 0.768592 0.594288
vn -0.228536 0.881821 0.412508
vn -0.100432 0.959539 0.263055
vn -0.205349 0.962965 0.174728
vn -0.431183 0.891285 0.140326
vn -0.545281 0.789549 0.281568
vn -0.559965 0.725454 0.400195
vn -0.464321 0.753698 0.465130
vn -0.168863 0.847340 0.503489
vn -0.070812 0.884956 0.460259
vn -0.183586 0.932337 0.311519
vn -0.136674 0.961039 0.240260
vn -0.082590 0.946931 0.310646
vn -0.052533 0.940993 0.334323
vn -0.105802 0.892901 0.437646
vn -0.258442 0.805655 0.533036
vn -0.611091 0.790371 0.043373
vn -0.567537 0.574481 0.589808
vn -0.730000 0.248190 0.636791
vn -0.700839 0.336010 0.629223
vn -0.567705 0.583306 0.580918
vn -0.460775 0.720043 0.518869
vn -0.517501 0.753859 0.404832
vn -0.703228 0.612529 0.360941
vn -0.885421 0.355258 0.299701
vn -0.959781 0.090277 0.265838
vn -0.879601 0.031810 0.474647
vn -0.683719 0.139913 0.716207
vn -0.513035 0.196675 0.835532
vn -0.464235 0.023824 0.885392
vn -0.502435 -0.370513 0.781204
vn -0.432293 -0.754364 0.494022
vn -0.325509 -0.859943 0.393118
vn -0.248510 -0.861033 0.443696
vn -0.213738 -0.932642 0.290680
vn -0.250397 -0.954398 0.162558
vn -0.264146 -0.944597 0.194844
vn -0.173177 -0.949427 0.261914
vn -0.144939 -0.934126 0.326191
vn -0.324365 -0.833344 0.447577
vn -0.434487 -0.693234 0.575020
vn -0.373958 -0.616936 0.692492
vn -0.292885 -0.720284 0.628815
vn -0.116597 -0.888592 0.443633
vn 0.119775 -0.958376 0.259169
vn 0.059233 -0.982309 0.177653
vn -0.137235 -0.955251 0.262035
vn -0.220077 -0.940644 0.258370
vn -0.231578 -0.917982 0.321996
vn -0.050707 -0.878538 0.474974
vn 0.263654 -0.809940 0.523911
vn 0.542595 -0.678567 0.495113
vn 0.587754 -0.577601 0.566501
vn 0.630510 -0.542992 0.554632
vn 0.700318 -0.630123 0.335411
vn 0.608684 -0.766489 0.204936
vn 0.640849 -0.759300 0.113029
vn -0.239713 -0.970084 -0.038393
vn 0.330851 -0.810748 0.482934
vn 0.000522 -0.864407 0.502792
vn 0.416606 -0.789956 0.449900
vn 0.364449 -0.805069 0.468018
vn 0.518700 -0.632519 0.575213
vn 0.775862 -0.144428 0.614148
vn 0.844491 0.253700 0.471669
vn 0.894843 0.133857 0.425839
vn 0.864558 -0.212111 0.455575
vn 0.728211 -0.503953 0.464479
vn 0.679241 -0.369803 0.633938
vn 0.541852 -0.656554 0.524722
vn 0.687264 0.212986 0.694481
vn 0.535663 0.393692 0.747042
vn 0.461816 0.497411 0.734376
vn 0.409365 0.695186 0.590878
vn 0.512410 0.651514 0.559433
vn 0.765724 0.260614 0.588002
vn 0.883528 0.001399 0.468377
vn 0.926378 -0.014237 0.376325
vn 0.881917 0.002144 0.471400
vn 0.784064 0.161428 0.599320
vn 0.625232 0.330462 0.707022
vn 0.389573 0.506099 0.769478
vn 0.110265 0.636384 0.763450
vn -0.083454 0.636256 0.766951
vn -0.215127 0.705470 0.675302
vn -0.284615 0.782084 0.554382
vn -0.226853 0.824386 0.518580
vn -0.104937 0.895799 0.431894
vn -0.014221 0.931081 0.364536
vn -0.134049 0.932171 0.336286
vn -0.372817 0.851775 0.368085
vn -0.586337 0.677364 0.444282
vn -0.585296 0.620814 0.521555
vn -0.456975 0.644270 0.613262
vn -0.170967 0.673116 0.719503
vn 0.000563 0.754425 0.656386
vn -0.041899 0.873904 0.484289
vn -0.107435 0.919328 0.378541
vn -0.131142 0.918060 0.374123
vn -0.068093 0.889391 0.452048
vn -0.143135 0.781329 0.607485
vn -0.230643 0.685521 0.690554
vn -0.463689 0.504934 0.728035
vn -0.665573 0.173143 0.725971
vn -0.561320 0.302520 0.770326
vn -0.446066 0.562443 0.696192
vn -0.432579 0.683437 0.588039
vn -0.371070 0.732038 0.571339
vn -0.544910 0.611762 0.573429
vn -0.756696 0.410592 0.508749
vn -0.833217 0.106009 0.542689
vn -0.718246 -0.123267 0.684783
vn -0.573758 -0.113073 0.811182
vn -0.511845 -0.004577 0.859066
vn -0.507807 -0.017214 0.861299
vn -0.587135 -0.241080 0.772757
vn -0.483660 -0.553060 0.678378
vn -0.272254 -0.786685 0.554080
vn -0.192484 -0.866685 0.460224
vn -0.290553 -0.854135 0.431315
vn -0.341302 -0.857045 0.385988
vn -0.279624 -0.800579 0.529985
vn -0.141694 -0.817008 0.558946
vn -0.093911 -0.845890 0.525025
vn -0.272492 -0.719268 0.639063
vn -0.337320 -0.655608 0.675569
vn -0.266045 -0.684920 0.678310
vn -0.339664 -0.693376 0.635499
vn -0.247902 -0.829853 0.499889
vn 0.039643 -0.926629 0.373882
vn 0.025426 -0.932536 0.360180
vn -0.090195 -0.927324 0.363228
vn -0.197858 -0.884530 0.422445
vn -0.166913 -0.862267 0.478159
vn 0.028347 -0.826742 0.561866
vn 0.250231 -0.753193 0.608346
vn 0.484200 -0.646087 0.590019
vn 0.565270 -0.481331 0.669918
vn 0.534178 -0.499196 0.682244
vn 0.518011 -0.678981 0.520239
vn 0.525814 -0.708916 0.470061
vn 0.478852 -0.667986 0.569645
vn 0.376018 -0.642132 0.668039
vn 0.291673 -0.652773 0.699153
vn 0.303282 -0.644587 0.701803
vn 0.344974 -0.733331 0.585849
vn 0.553775 -0.633073 0.540881
vn 0.793152 -0.175742 0.583117
vn 0.831047 0.143733 0.537310
vn 0.776134 -0.015740 0.630372
vn 0.711807 -0.217031 0.668004
vn 0.686583 -0.411462 0.599419
vn 0.510076 -0.322069 0.797555
vn 0.461758 -0.567426 0.681767
vn 0.609626 0.220510 0.761401
vn 0.519916 0.518544 0.678822
vn 0.474583 0.546422 0.690069
vn 0.465775 0.644563 0.606294
vn 0.569471 0.607198 0.554088
vn 0.826428 0.217500 0.519336
vn 0.921249 -0.118975 0.370332
vn 0.892685 -0.111286 0.436725
vn 0.746208 0.031375 0.664974
vn 0.593857 0.120174 0.795545
vn 0.419017 0.250293 0.872799
vn 0.236504 0.371055 0.897989
vn 0.044207 0.586006 0.809100
vn -0.124540 0.773751 0.621127
vn -0.193366 0.850528 0.489092
vn -0.250619 0.890201 0.380437
vn -0.180201 0.916319 0.357614
vn -0.028240 0.915846 0.400536
vn 0.039190 0.907118 0.419049
vn -0.073750 0.878945 0.471187
vn -0.333481 0.740170 0.583900
vn -0.593342 0.565937 0.572416
vn -0.564259 0.510928 0.648509
vn -0.452683 0.506175 0.734074
vn -0.312369 0.547953 0.775998
vn -0.000281 0.716972 0.697102
vn 0.102845 0.817004 0.567386
vn -0.025620 0.868197 0.495558
vn -0.107820 0.906876 0.407371
vn -0.104340 0.873415 0.475668
vn -0.214816 0.790471 0.573593
vn -0.260081 0.693948 0.671412
vn -0.338914 0.524539 0.781022
vn -0.555828 0.200305 0.806804
vn -0.573463 0.162510 0.802951
vn -0.409346 0.518176 0.750952
vn -0.330778 0.706780 0.625338
vn -0.356876 0.687830 0.632084
vn -0.428777 0.619177 0.657852
vn -0.562232 0.442905 0.698378
vn -0.618631 0.067219 0.782801
vn -0.593472 -0.280927 0.754235
vn -0.607222 -0.259385 0.751000
vn -0.600850 -0.056198 0.797384
vn -0.568186 -0.021780 0.822612
vn -0.555788 -0.056868 0.829377
vn -0.443852 -0.414514 0.794465
vn -0.287825 -0.760814 0.581652
vn -0.226282 -0.865573 0.446743
vn -0.295677 -0.730817 0.615209
vn -0.306676 -0.599835 0.739018
vn -0.178041 -0.686564 0.704934
vn -0.088418 -0.785530 0.612474
vn -0.075674 -0.853281 0.515931
vn -0.235752 -0.693560 0.680732
vn -0.292950 -0.577150 0.762284
vn -0.239444 -0.668774 0.703853
vn -0.347439 -0.649555 0.676287
vn -0.328377 -0.747747 0.577098
vn -0.021786 -0.917019 0.398248
vn 0.016250 -0.928041 0.372125
vn -0.092966 -0.908711 0.406943
vn -0.141976 -0.875867 0.461195
vn -0.125410 -0.818754 0.560280
vn 0.080340 -0.793222 0.603609
vn 0.257342 -0.717035 0.647793
vn 0.416920 -0.569575 0.708351
vn 0.682541 -0.416144 0.600801
vn 0.661904 -0.534100 0.525946
vn 0.410358 -0.717244 0.563176
vn 0.466211 -0.701163 0.539460
vn 0.545617 -0.667570 0.506609
vn 0.507680 -0.699386 0.503111
vn 0.437156 -0.729672 0.525807
vn 0.377712 -0.723822 0.577421
vn 0.241765 -0.744285 0.622567
vn 0.283768 -0.561892 0.777016
vn 0.597329 -0.178092 0.781973
vn 0.728744 0.100516 0.677369
vn 0.740287 0.105042 0.664034
vn 0.753389 -0.140863 0.642310
vn 0.649564 -0.433438 0.624658
vn 0.585095 -0.414429 0.697074
vn 0.615976 -0.509974 0.600416
vn 0.656742 0.058283 0.751860
vn 0.575133 0.557606 0.598580
vn 0.503506 0.642506 0.577639
vn 0.487474 0.543842 0.683085
vn 0.577046 0.426858 0.696283
vn 0.831121 0.057666 0.553093
vn 0.886265 -0.225075 0.404816
vn 0.879372 -0.040558 0.474404
vn 0.786369 0.252691 0.563712
vn 0.661949 0.315333 0.679992
vn 0.438494 0.387421 0.810943
vn 0.249744 0.504482 0.826514
vn 0.118748 0.692594 0.711486
vn -0.047952 0.859179 0.509423
vn -0.136430 0.918739 0.370548
vn -0.214164 0.926003 0.310890
vn -0.154213 0.929430 0.335229
vn -0.049836 0.918894 0.391345
vn 0.037166 0.890506 0.453450
vn -0.085270 0.811981 0.577421
vn -0.417923 0.657545 0.626877
vn -0.577695 0.505185 0.641138
vn -0.628003 0.423263 0.653039
vn -0.565627 0.464569 0.681353
vn -0.370390 0.651239 0.662343
vn 0.003479 0.839842 0.542820
vn 0.171652 0.875157 0.452367
vn 0.060787 0.935020 0.349347
vn -0.042165 0.951831 0.303710
vn -0.130838 0.843673 0.520669
vn -0.212116 0.722936 0.657549
vn -0.343008 0.688118 0.639406
vn -0.420522 0.553506 0.718883
vn -0.533054 0.280969 0.798067
vn -0.600663 0.162242 0.782868
vn -0.465371 0.521796 0.714954
vn -0.311058 0.756710 0.575007
vn -0.350426 0.696439 0.626238
vn -0.414269 0.629123 0.657713
vn -0.511076 0.464057 0.723500
vn -0.580449 0.012177 0.814205
vn -0.547463 -0.276097 0.789972
vn -0.553649 -0.235434 0.798777
vn -0.570574 -0.123250 0.811945
vn -0.577182 -0.083401 0.812345
vn -0.607283 -0.057526 0.792400
vn -0.619483 -0.482666 0.619091
vn -0.422875 -0.770293 0.477310
vn -0.263704 -0.832132 0.487869
vn -0.204652 -0.812123 0.546420
vn -0.222032 -0.693133 0.685761
vn -0.167739 -0.754159 0.634908
vn -0.111397 -0.829130 0.547845
vn -0.114910 -0.877080 0.466398
vn -0.160115 -0.807618 0.567553
vn -0.267928 -0.710340 0.650870
vn -0.343824 -0.687204 0.639950
vn -0.400404 -0.677843 0.616608
vn -0.424074 -0.746860 0.512212
vn -0.167068 -0.874624 0.455105
vn -0.015032 -0.862553 0.505743
vn -0.082336 -0.876040 0.475158
vn -0.096080 -0.866341 0.490125
vn -0.049268 -0.744194 0.666144
vn 0.087748 -0.682540 0.725561
vn 0.293153 -0.681988 0.670040
vn 0.496404 -0.600782 0.626613
vn 0.672607 -0.557604 0.486495
vn 0.690445 -0.645802 0.325923
vn 0.520555 -0.742420 0.421705
vn 0.418774 -0.743610 0.521222
vn 0.498572 -0.701536 0.509189
vn 0.523094 -0.676884 0.517881
vn 0.520435 -0.713309 0.469402
vn 0.457829 -0.780272 0.426107
vn 0.384259 -0.715040 0.584007
vn 0.382089 -0.526688 0.759347
vn 0.392086 -0.445024 0.805123
vn 0.654544 -0.132971 0.744239
vn 0.862470 0.058110 0.502761
vn 0.855925 -0.195137 0.478868
vn 0.729234 -0.398177 0.556483
vn -0.225539 -0.088220 0.970232
vn -0.043821 -0.032867 0.998499
vn -0.319370 0.017615 0.947466
vn -0.192320 0.022469 0.981075
vn 0.069903 -0.188610 0.979561
vn 0.012240 -0.326834 0.945003
vn -0.213196 -0.206185 0.955005
vn -0.206177 0.108781 0.972449
vn -0.087124 0.013475 0.996106
vn -0.144052 0.028347 0.989164
vn -0.039730 0.115671 0.992493
vn 0.065903 -0.223193 0.972544
vn -0.027281 -0.319477 0.947201
vn -0.165898 -0.230928 0.958723
vn -0.115716 -0.138401 0.983593
vn -0.105747 -0.101547 0.989195
vn -0.157765 -0.015128 0.987361
vn -0.061340 0.027601 0.997735
vn -0.001627 0.011142 0.999937
vn -0.075426 -0.043255 0.996213
vn 0.044396 -0.094700 0.994515
vn 0.145792 -0.136171 0.979899
vn 0.108007 -0.097582 0.989349
vn 0.226424 -0.079525 0.970777
vn 0.128789 -0.156263 0.979283
vn 0.126348 -0.133682 0.982937
vn 0.023124 -0.061057 0.997866
vn -0.139797 -0.048776 0.988978
vn 0.034756 0.007313 0.999369
vn 0.057713 0.091305 0.994149
vn 0.080908 0.081745 0.993364
vn 0.272561 -0.020598 0.961918
vn 0.336253 -0.070703 0.939114
vn 0.077028 -0.151404 0.985466
vn 0.093755 -0.147197 0.984654
vn 0.256864 -0.088161 0.962418
vn 0.288828 -0.105011 0.951604
vn 0.175590 -0.126311 0.976327
vn 0.084077 -0.085970 0.992744
vn 0.106031 -0.148300 0.983242
vn 0.067061 -0.184581 0.980527
vn 0.203153 -0.074971 0.976273
vn 0.269601 -0.032815 0.962413
vn 0.309586 0.142317 0.940161
vn 0.291252 0.243846 0.925047
vn 0.291508 0.108288 0.950419
vn 0.290106 -0.207080 0.934322
vn 0.206164 -0.299310 0.931617
vn 0.203299 -0.226718 0.952506
vn 0.044773 -0.017160 0.998850
vn -0.022847 0.079659 0.996560
vn 0.055142 0.018899 0.998300
vn 0.009503 0.113752 0.993464
vn -0.004123 0.194641 0.980866
vn 0.007423 0.176299 0.984309
vn -0.103326 0.109839 0.988564
vn -0.005740 0.053874 0.998531
vn -0.026454 0.160747 0.986641
vn 0.010649 0.113098 0.993527
vn 0.162513 -0.072350 0.984050
vn -0.139125 0.048381 0.989092
vn -0.085601 0.143842 0.985891
vn 0.001556 0.183776 0.982967
vn -0.059125 0.139991 0.988386
vn -0.042745 0.153643 0.987201
vn 0.018997 0.237323 0.971245
vn -0.006352 0.277674 0.960654
vn 0.141463 0.293462 0.945446
vn 0.207512 0.143552 0.967642
vn -0.122028 -0.059157 0.990762
vn -0.052369 -0.044714 0.997626
vn -0.023926 0.013323 0.999625
vn -0.030940 0.095031 0.994993
vn 0.075136 0.206252 0.975610
vn 0.001774 0.162387 0.986726
vn -0.081739 0.063367 0.994637
vn -0.245590 -0.044756 0.968340
vn -0.203000 0.097701 0.974292
vn -0.026787 0.253319 0.967012
vn -0.128585 0.178770 0.975452
vn -0.125956 0.203854 0.970865
vn 0.091361 0.375533 0.922295
vn 0.053272 -0.012436 0.998503
vn -0.049609 -0.165555 0.984952

usemtl rock_cold
f 1//1 2//2 86//86 85//85
f 2//2 3//3 87//87 86//86
f 3//3 4//4 88//88 87//87
f 4//4 5//5 89//89 88//88
usemtl rock_shadow
f 5//5 6//6 90//90 89//89
usemtl rock_cold
f 6//6 7//7 91//91 90//90
usemtl rock_warm
f 7//7 8//8 92//92 91//91
usemtl rock_cold
f 8//8 9//9 93//93 92//92
f 9//9 10//10 94//94 93//93
usemtl rock_warm
f 10//10 11//11 95//95 94//94
usemtl rock_cold
f 11//11 12//12 96//96 95//95
usemtl rock_shadow
f 12//12 13//13 97//97 96//96
usemtl rock_warm
f 13//13 14//14 98//98 97//97
usemtl rock_cold
f 14//14 15//15 99//99 98//98
f 15//15 16//16 100//100 99//99
f 16//16 17//17 101//101 100//100
usemtl rock_warm
f 17//17 18//18 102//102 101//101
usemtl rock_cold
f 18//18 19//19 103//103 102//102
usemtl rock_shadow
f 19//19 20//20 104//104 103//103
usemtl rock_warm
f 20//20 21//21 105//105 104//104
f 21//21 22//22 106//106 105//105
usemtl rock_shadow
f 22//22 23//23 107//107 106//106
usemtl rock_cold
f 23//23 24//24 108//108 107//107
f 24//24 25//25 109//109 108//108
f 25//25 26//26 110//110 109//109
f 26//26 27//27 111//111 110//110
usemtl rock_shadow
f 27//27 28//28 112//112 111//111
usemtl rock_warm
f 28//28 29//29 113//113 112//112
usemtl rock_cold
f 29//29 30//30 114//114 113//113
f 30//30 31//31 115//115 114//114
f 31//31 32//32 116//116 115//115
usemtl rock_warm
f 32//32 33//33 117//117 116//116
usemtl rock_shadow
f 33//33 34//34 118//118 117//117
usemtl rock_cold
f 34//34 35//35 119//119 118//118
f 35//35 36//36 120//120 119//119
f 36//36 37//37 121//121 120//120
f 37//37 38//38 122//122 121//121
f 38//38 39//39 123//123 122//122
f 39//39 40//40 124//124 123//123
f 40//40 41//41 125//125 124//124
f 41//41 42//42 126//126 125//125
usemtl rock_shadow
f 42//42 43//43 127//127 126//126
usemtl rock_cold
f 43//43 44//44 128//128 127//127
usemtl rock_shadow
f 44//44 45//45 129//129 128//128
usemtl rock_cold
f 45//45 46//46 130//130 129//129
f 46//46 47//47 131//131 130//130
f 47//47 48//48 132//132 131//131
f 48//48 49//49 133//133 132//132
usemtl rock_shadow
f 49//49 50//50 134//134 133//133
usemtl rock_cold
f 50//50 51//51 135//135 134//134
f 51//51 52//52 136//136 135//135
f 52//52 53//53 137//137 136//136
usemtl rock_shadow
f 53//53 54//54 138//138 137//137
f 54//54 55//55 139//139 138//138
usemtl rock_cold
f 55//55 56//56 140//140 139//139
f 56//56 57//57 141//141 140//140
f 57//57 58//58 142//142 141//141
f 58//58 59//59 143//143 142//142
f 59//59 60//60 144//144 143//143
f 60//60 61//61 145//145 144//144
usemtl rock_shadow
f 61//61 62//62 146//146 145//145
f 62//62 63//63 147//147 146//146
usemtl rock_cold
f 63//63 64//64 148//148 147//147
f 64//64 65//65 149//149 148//148
f 65//65 66//66 150//150 149//149
usemtl rock_shadow
f 66//66 67//67 151//151 150//150
usemtl rock_cold
f 67//67 68//68 152//152 151//151
usemtl rock_shadow
f 68//68 69//69 153//153 152//152
f 69//69 70//70 154//154 153//153
usemtl rock_cold
f 70//70 71//71 155//155 154//154
f 71//71 72//72 156//156 155//155
f 72//72 73//73 157//157 156//156
f 73//73 74//74 158//158 157//157
f 74//74 75//75 159//159 158//158
f 75//75 76//76 160//160 159//159
f 76//76 77//77 161//161 160//160
f 77//77 78//78 162//162 161//161
f 78//78 79//79 163//163 162//162
f 79//79 80//80 164//164 163//163
usemtl rock_warm
f 80//80 81//81 165//165 164//164
usemtl rock_cold
f 81//81 82//82 166//166 165//165
f 82//82 83//83 167//167 166//166
f 83//83 84//84 168//168 167//167
usemtl rock_warm
f 84//84 1//1 85//85 168//168
usemtl rock_cold
f 85//85 86//86 170//170 169//169
f 86//86 87//87 171//171 170//170
f 87//87 88//88 172//172 171//171
usemtl rock_shadow
f 88//88 89//89 173//173 172//172
f 89//89 90//90 174//174 173//173
usemtl rock_cold
f 90//90 91//91 175//175 174//174
f 91//91 92//92 176//176 175//175
usemtl rock_warm
f 92//92 93//93 177//177 176//176
usemtl rock_shadow
f 93//93 94//94 178//178 177//177
usemtl rock_cold
f 94//94 95//95 179//179 178//178
f 95//95 96//96 180//180 179//179
usemtl rock_shadow
f 96//96 97//97 181//181 180//180
usemtl rock_cold
f 97//97 98//98 182//182 181//181
usemtl rock_shadow
f 98//98 99//99 183//183 182//182
usemtl rock_cold
f 99//99 100//100 184//184 183//183
usemtl rock_warm
f 100//100 101//101 185//185 184//184
usemtl rock_cold
f 101//101 102//102 186//186 185//185
usemtl rock_shadow
f 102//102 103//103 187//187 186//186
f 103//103 104//104 188//188 187//187
usemtl rock_cold
f 104//104 105//105 189//189 188//188
f 105//105 106//106 190//190 189//189
usemtl rock_shadow
f 106//106 107//107 191//191 190//190
f 107//107 108//108 192//192 191//191
usemtl rock_cold
f 108//108 109//109 193//193 192//192
f 109//109 110//110 194//194 193//193
f 110//110 111//111 195//195 194//194
f 111//111 112//112 196//196 195//195
f 112//112 113//113 197//197 196//196
f 113//113 114//114 198//198 197//197
f 114//114 115//115 199//199 198//198
f 115//115 116//116 200//200 199//199
f 116//116 117//117 201//201 200//200
usemtl rock_shadow
f 117//117 118//118 202//202 201//201
usemtl rock_cold
f 118//118 119//119 203//203 202//202
f 119//119 120//120 204//204 203//203
f 120//120 121//121 205//205 204//204
f 121//121 122//122 206//206 205//205
f 122//122 123//123 207//207 206//206
f 123//123 124//124 208//208 207//207
f 124//124 125//125 209//209 208//208
f 125//125 126//126 210//210 209//209
f 126//126 127//127 211//211 210//210
f 127//127 128//128 212//212 211//211
usemtl rock_shadow
f 128//128 129//129 213//213 212//212
f 129//129 130//130 214//214 213//213
f 130//130 131//131 215//215 214//214
usemtl rock_cold
f 131//131 132//132 216//216 215//215
f 132//132 133//133 217//217 216//216
f 133//133 134//134 218//218 217//217
usemtl rock_shadow
f 134//134 135//135 219//219 218//218
f 135//135 136//136 220//220 219//219
usemtl rock_cold
f 136//136 137//137 221//221 220//220
f 137//137 138//138 222//222 221//221
f 138//138 139//139 223//223 222//222
f 139//139 140//140 224//224 223//223
f 140//140 141//141 225//225 224//224
usemtl rock_shadow
f 141//141 142//142 226//226 225//225
usemtl rock_warm
f 142//142 143//143 227//227 226//226
usemtl rock_shadow
f 143//143 144//144 228//228 227//227
usemtl rock_cold
f 144//144 145//145 229//229 228//228
f 145//145 146//146 230//230 229//229
usemtl rock_shadow
f 146//146 147//147 231//231 230//230
usemtl rock_cold
f 147//147 148//148 232//232 231//231
usemtl rock_shadow
f 148//148 149//149 233//233 232//232
usemtl rock_cold
f 149//149 150//150 234//234 233//233
f 150//150 151//151 235//235 234//234
f 151//151 152//152 236//236 235//235
f 152//152 153//153 237//237 236//236
usemtl rock_shadow
f 153//153 154//154 238//238 237//237
usemtl rock_cold
f 154//154 155//155 239//239 238//238
usemtl rock_shadow
f 155//155 156//156 240//240 239//239
usemtl rock_cold
f 156//156 157//157 241//241 240//240
f 157//157 158//158 242//242 241//241
f 158//158 159//159 243//243 242//242
usemtl rock_shadow
f 159//159 160//160 244//244 243//243
usemtl rock_cold
f 160//160 161//161 245//245 244//244
f 161//161 162//162 246//246 245//245
usemtl rock_warm
f 162//162 163//163 247//247 246//246
usemtl rock_cold
f 163//163 164//164 248//248 247//247
f 164//164 165//165 249//249 248//248
f 165//165 166//166 250//250 249//249
f 166//166 167//167 251//251 250//250
usemtl rock_shadow
f 167//167 168//168 252//252 251//251
f 168//168 85//85 169//169 252//252
f 169//169 170//170 254//254 253//253
usemtl rock_cold
f 170//170 171//171 255//255 254//254
f 171//171 172//172 256//256 255//255
f 172//172 173//173 257//257 256//256
f 173//173 174//174 258//258 257//257
usemtl rock_warm
f 174//174 175//175 259//259 258//258
usemtl rock_cold
f 175//175 176//176 260//260 259//259
f 176//176 177//177 261//261 260//260
f 177//177 178//178 262//262 261//261
f 178//178 179//179 263//263 262//262
usemtl rock_shadow
f 179//179 180//180 264//264 263//263
usemtl rock_cold
f 180//180 181//181 265//265 264//264
f 181//181 182//182 266//266 265//265
usemtl rock_shadow
f 182//182 183//183 267//267 266//266
usemtl rock_cold
f 183//183 184//184 268//268 267//267
f 184//184 185//185 269//269 268//268
f 185//185 186//186 270//270 269//269
usemtl rock_shadow
f 186//186 187//187 271//271 270//270
usemtl rock_cold
f 187//187 188//188 272//272 271//271
usemtl rock_shadow
f 188//188 189//189 273//273 272//272
f 189//189 190//190 274//274 273//273
usemtl rock_cold
f 190//190 191//191 275//275 274//274
usemtl rock_shadow
f 191//191 192//192 276//276 275//275
usemtl rock_cold
f 192//192 193//193 277//277 276//276
f 193//193 194//194 278//278 277//277
f 194//194 195//195 279//279 278//278
f 195//195 196//196 280//280 279//279
f 196//196 197//197 281//281 280//280
f 197//197 198//198 282//282 281//281
usemtl rock_shadow
f 198//198 199//199 283//283 282//282
f 199//199 200//200 284//284 283//283
usemtl rock_cold
f 200//200 201//201 285//285 284//284
f 201//201 202//202 286//286 285//285
f 202//202 203//203 287//287 286//286
f 203//203 204//204 288//288 287//287
usemtl rock_warm
f 204//204 205//205 289//289 288//288
usemtl rock_shadow
f 205//205 206//206 290//290 289//289
usemtl rock_cold
f 206//206 207//207 291//291 290//290
usemtl rock_shadow
f 207//207 208//208 292//292 291//291
usemtl rock_cold
f 208//208 209//209 293//293 292//292
f 209//209 210//210 294//294 293//293
usemtl rock_shadow
f 210//210 211//211 295//295 294//294
usemtl rock_cold
f 211//211 212//212 296//296 295//295
usemtl rock_shadow
f 212//212 213//213 297//297 296//296
usemtl rock_cold
f 213//213 214//214 298//298 297//297
f 214//214 215//215 299//299 298//298
f 215//215 216//216 300//300 299//299
f 216//216 217//217 301//301 300//300
usemtl rock_warm
f 217//217 218//218 302//302 301//301
usemtl rock_cold
f 218//218 219//219 303//303 302//302
f 219//219 220//220 304//304 303//303
f 220//220 221//221 305//305 304//304
f 221//221 222//222 306//306 305//305
f 222//222 223//223 307//307 306//306
f 223//223 224//224 308//308 307//307
f 224//224 225//225 309//309 308//308
f 225//225 226//226 310//310 309//309
f 226//226 227//227 311//311 310//310
f 227//227 228//228 312//312 311//311
f 228//228 229//229 313//313 312//312
usemtl rock_shadow
f 229//229 230//230 314//314 313//313
usemtl rock_warm
f 230//230 231//231 315//315 314//314
usemtl rock_cold
f 231//231 232//232 316//316 315//315
f 232//232 233//233 317//317 316//316
f 233//233 234//234 318//318 317//317
f 234//234 235//235 319//319 318//318
f 235//235 236//236 320//320 319//319
f 236//236 237//237 321//321 320//320
f 237//237 238//238 322//322 321//321
f 238//238 239//239 323//323 322//322
usemtl rock_warm
f 239//239 240//240 324//324 323//323
usemtl rock_cold
f 240//240 241//241 325//325 324//324
f 241//241 242//242 326//326 325//325
f 242//242 243//243 327//327 326//326
f 243//243 244//244 328//328 327//327
usemtl rock_warm
f 244//244 245//245 329//329 328//328
usemtl rock_cold
f 245//245 246//246 330//330 329//329
usemtl rock_shadow
f 246//246 247//247 331//331 330//330
usemtl rock_cold
f 247//247 248//248 332//332 331//331
f 248//248 249//249 333//333 332//332
usemtl rock_shadow
f 249//249 250//250 334//334 333//333
usemtl rock_cold
f 250//250 251//251 335//335 334//334
f 251//251 252//252 336//336 335//335
f 252//252 169//169 253//253 336//336
f 253//253 254//254 338//338 337//337
f 254//254 255//255 339//339 338//338
f 255//255 256//256 340//340 339//339
f 256//256 257//257 341//341 340//340
f 257//257 258//258 342//342 341//341
f 258//258 259//259 343//343 342//342
f 259//259 260//260 344//344 343//343
f 260//260 261//261 345//345 344//344
usemtl rock_shadow
f 261//261 262//262 346//346 345//345
f 262//262 263//263 347//347 346//346
usemtl rock_cold
f 263//263 264//264 348//348 347//347
f 264//264 265//265 349//349 348//348
usemtl rock_shadow
f 265//265 266//266 350//350 349//349
usemtl rock_cold
f 266//266 267//267 351//351 350//350
f 267//267 268//268 352//352 351//351
f 268//268 269//269 353//353 352//352
usemtl rock_warm
f 269//269 270//270 354//354 353//353
usemtl rock_shadow
f 270//270 271//271 355//355 354//354
f 271//271 272//272 356//356 355//355
f 272//272 273//273 357//357 356//356
usemtl rock_cold
f 273//273 274//274 358//358 357//357
usemtl rock_shadow
f 274//274 275//275 359//359 358//358
usemtl rock_cold
f 275//275 276//276 360//360 359//359
usemtl rock_shadow
f 276//276 277//277 361//361 360//360
usemtl rock_cold
f 277//277 278//278 362//362 361//361
f 278//278 279//279 363//363 362//362
f 279//279 280//280 364//364 363//363
usemtl rock_warm
f 280//280 281//281 365//365 364//364
usemtl rock_cold
f 281//281 282//282 366//366 365//365
usemtl rock_shadow
f 282//282 283//283 367//367 366//366
usemtl rock_warm
f 283//283 284//284 368//368 367//367
usemtl rock_shadow
f 284//284 285//285 369//369 368//368
usemtl rock_cold
f 285//285 286//286 370//370 369//369
usemtl rock_shadow
f 286//286 287//287 371//371 370//370
usemtl rock_warm
f 287//287 288//288 372//372 371//371
usemtl rock_cold
f 288//288 289//289 373//373 372//372
f 289//289 290//290 374//374 373//373
f 290//290 291//291 375//375 374//374
f 291//291 292//292 376//376 375//375
usemtl rock_shadow
f 292//292 293//293 377//377 376//376
usemtl rock_cold
f 293//293 294//294 378//378 377//377
f 294//294 295//295 379//379 378//378
f 295//295 296//296 380//380 379//379
f 296//296 297//297 381//381 380//380
f 297//297 298//298 382//382 381//381
f 298//298 299//299 383//383 382//382
usemtl rock_shadow
f 299//299 300//300 384//384 383//383
f 300//300 301//301 385//385 384//384
usemtl rock_cold
f 301//301 302//302 386//386 385//385
usemtl rock_shadow
f 302//302 303//303 387//387 386//386
f 303//303 304//304 388//388 387//387
f 304//304 305//305 389//389 388//388
usemtl rock_cold
f 305//305 306//306 390//390 389//389
usemtl rock_shadow
f 306//306 307//307 391//391 390//390
usemtl rock_cold
f 307//307 308//308 392//392 391//391
usemtl rock_shadow
f 308//308 309//309 393//393 392//392
usemtl rock_cold
f 309//309 310//310 394//394 393//393
usemtl rock_shadow
f 310//310 311//311 395//395 394//394
usemtl rock_cold
f 311//311 312//312 396//396 395//395
f 312//312 313//313 397//397 396//396
f 313//313 314//314 398//398 397//397
f 314//314 315//315 399//399 398//398
usemtl rock_shadow
f 315//315 316//316 400//400 399//399
usemtl rock_cold
f 316//316 317//317 401//401 400//400
f 317//317 318//318 402//402 401//401
f 318//318 319//319 403//403 402//402
usemtl rock_shadow
f 319//319 320//320 404//404 403//403
usemtl rock_cold
f 320//320 321//321 405//405 404//404
f 321//321 322//322 406//406 405//405
usemtl rock_warm
f 322//322 323//323 407//407 406//406
usemtl rock_cold
f 323//323 324//324 408//408 407//407
f 324//324 325//325 409//409 408//408
f 325//325 326//326 410//410 409//409
f 326//326 327//327 411//411 410//410
usemtl rock_shadow
f 327//327 328//328 412//412 411//411
usemtl rock_cold
f 328//328 329//329 413//413 412//412
f 329//329 330//330 414//414 413//413
usemtl rock_shadow
f 330//330 331//331 415//415 414//414
usemtl rock_cold
f 331//331 332//332 416//416 415//415
f 332//332 333//333 417//417 416//416
f 333//333 334//334 418//418 417//417
f 334//334 335//335 419//419 418//418
f 335//335 336//336 420//420 419//419
usemtl rock_shadow
f 336//336 253//253 337//337 420//420
usemtl rock_cold
f 337//337 338//338 422//422 421//421
f 338//338 339//339 423//423 422//422
f 339//339 340//340 424//424 423//423
f 340//340 341//341 425//425 424//424
f 341//341 342//342 426//426 425//425
f 342//342 343//343 427//427 426//426
f 343//343 344//344 428//428 427//427
f 344//344 345//345 429//429 428//428
f 345//345 346//346 430//430 429//429
usemtl rock_shadow
f 346//346 347//347 431//431 430//430
usemtl rock_cold
f 347//347 348//348 432//432 431//431
usemtl rock_warm
f 348//348 349//349 433//433 432//432
usemtl rock_cold
f 349//349 350//350 434//434 433//433
f 350//350 351//351 435//435 434//434
f 351//351 352//352 436//436 435//435
usemtl rock_shadow
f 352//352 353//353 437//437 436//436
usemtl rock_cold
f 353//353 354//354 438//438 437//437
f 354//354 355//355 439//439 438//438
f 355//355 356//356 440//440 439//439
f 356//356 357//357 441//441 440//440
usemtl rock_shadow
f 357//357 358//358 442//442 441//441
usemtl rock_cold
f 358//358 359//359 443//443 442//442
f 359//359 360//360 444//444 443//443
f 360//360 361//361 445//445 444//444
f 361//361 362//362 446//446 445//445
f 362//362 363//363 447//447 446//446
usemtl rock_shadow
f 363//363 364//364 448//448 447//447
usemtl rock_warm
f 364//364 365//365 449//449 448//448
usemtl rock_cold
f 365//365 366//366 450//450 449//449
usemtl rock_shadow
f 366//366 367//367 451//451 450//450
f 367//367 368//368 452//452 451//451
usemtl rock_cold
f 368//368 369//369 453//453 452//452
f 369//369 370//370 454//454 453//453
f 370//370 371//371 455//455 454//454
f 371//371 372//372 456//456 455//455
f 372//372 373//373 457//457 456//456
f 373//373 374//374 458//458 457//457
f 374//374 375//375 459//459 458//458
f 375//375 376//376 460//460 459//459
usemtl rock_warm
f 376//376 377//377 461//461 460//460
f 377//377 378//378 462//462 461//461
f 378//378 379//379 463//463 462//462
usemtl rock_shadow
f 379//379 380//380 464//464 463//463
usemtl rock_cold
f 380//380 381//381 465//465 464//464
usemtl rock_shadow
f 381//381 382//382 466//466 465//465
usemtl rock_cold
f 382//382 383//383 467//467 466//466
f 383//383 384//384 468//468 467//467
usemtl rock_shadow
f 384//384 385//385 469//469 468//468
usemtl rock_cold
f 385//385 386//386 470//470 469//469
usemtl rock_shadow
f 386//386 387//387 471//471 470//470
usemtl rock_cold
f 387//387 388//388 472//472 471//471
f 388//388 389//389 473//473 472//472
f 389//389 390//390 474//474 473//473
f 390//390 391//391 475//475 474//474
f 391//391 392//392 476//476 475//475
usemtl rock_shadow
f 392//392 393//393 477//477 476//476
usemtl rock_cold
f 393//393 394//394 478//478 477//477
usemtl rock_shadow
f 394//394 395//395 479//479 478//478
usemtl rock_cold
f 395//395 396//396 480//480 479//479
f 396//396 397//397 481//481 480//480
f 397//397 398//398 482//482 481//481
usemtl rock_shadow
f 398//398 399//399 483//483 482//482
usemtl rock_warm
f 399//399 400//400 484//484 483//483
usemtl rock_cold
f 400//400 401//401 485//485 484//484
f 401//401 402//402 486//486 485//485
f 402//402 403//403 487//487 486//486
f 403//403 404//404 488//488 487//487
f 404//404 405//405 489//489 488//488
usemtl rock_shadow
f 405//405 406//406 490//490 489//489
usemtl rock_cold
f 406//406 407//407 491//491 490//490
usemtl rock_shadow
f 407//407 408//408 492//492 491//491
usemtl rock_cold
f 408//408 409//409 493//493 492//492
f 409//409 410//410 494//494 493//493
f 410//410 411//411 495//495 494//494
usemtl rock_shadow
f 411//411 412//412 496//496 495//495
usemtl rock_warm
f 412//412 413//413 497//497 496//496
usemtl rock_cold
f 413//413 414//414 498//498 497//497
f 414//414 415//415 499//499 498//498
f 415//415 416//416 500//500 499//499
f 416//416 417//417 501//501 500//500
usemtl rock_shadow
f 417//417 418//418 502//502 501//501
usemtl rock_cold
f 418//418 419//419 503//503 502//502
usemtl rock_shadow
f 419//419 420//420 504//504 503//503
usemtl rock_cold
f 420//420 337//337 421//421 504//504
f 421//421 422//422 506//506 505//505
usemtl rock_shadow
f 422//422 423//423 507//507 506//506
usemtl rock_cold
f 423//423 424//424 508//508 507//507
usemtl rock_warm
f 424//424 425//425 509//509 508//508
usemtl rock_shadow
f 425//425 426//426 510//510 509//509
f 426//426 427//427 511//511 510//510
usemtl rock_cold
f 427//427 428//428 512//512 511//511
usemtl rock_warm
f 428//428 429//429 513//513 512//512
usemtl rock_cold
f 429//429 430//430 514//514 513//513
f 430//430 431//431 515//515 514//514
usemtl rock_shadow
f 431//431 432//432 516//516 515//515
usemtl rock_cold
f 432//432 433//433 517//517 516//516
f 433//433 434//434 518//518 517//517
f 434//434 435//435 519//519 518//518
f 435//435 436//436 520//520 519//519
f 436//436 437//437 521//521 520//520
usemtl rock_shadow
f 437//437 438//438 522//522 521//521
usemtl rock_cold
f 438//438 439//439 523//523 522//522
f 439//439 440//440 524//524 523//523
f 440//440 441//441 525//525 524//524
f 441//441 442//442 526//526 525//525
f 442//442 443//443 527//527 526//526
f 443//443 444//444 528//528 527//527
f 444//444 445//445 529//529 528//528
f 445//445 446//446 530//530 529//529
f 446//446 447//447 531//531 530//530
usemtl rock_shadow
f 447//447 448//448 532//532 531//531
f 448//448 449//449 533//533 532//532
usemtl rock_cold
f 449//449 450//450 534//534 533//533
f 450//450 451//451 535//535 534//534
usemtl rock_shadow
f 451//451 452//452 536//536 535//535
usemtl rock_cold
f 452//452 453//453 537//537 536//536
f 453//453 454//454 538//538 537//537
f 454//454 455//455 539//539 538//538
usemtl rock_shadow
f 455//455 456//456 540//540 539//539
usemtl rock_cold
f 456//456 457//457 541//541 540//540
f 457//457 458//458 542//542 541//541
f 458//458 459//459 543//543 542//542
f 459//459 460//460 544//544 543//543
f 460//460 461//461 545//545 544//544
usemtl rock_shadow
f 461//461 462//462 546//546 545//545
usemtl rock_cold
f 462//462 463//463 547//547 546//546
usemtl rock_shadow
f 463//463 464//464 548//548 547//547
usemtl rock_cold
f 464//464 465//465 549//549 548//548
f 465//465 466//466 550//550 549//549
f 466//466 467//467 551//551 550//550
f 467//467 468//468 552//552 551//551
f 468//468 469//469 553//553 552//552
f 469//469 470//470 554//554 553//553
f 470//470 471//471 555//555 554//554
f 471//471 472//472 556//556 555//555
f 472//472 473//473 557//557 556//556
f 473//473 474//474 558//558 557//557
usemtl rock_shadow
f 474//474 475//475 559//559 558//558
usemtl rock_cold
f 475//475 476//476 560//560 559//559
usemtl rock_shadow
f 476//476 477//477 561//561 560//560
usemtl rock_cold
f 477//477 478//478 562//562 561//561
f 478//478 479//479 563//563 562//562
f 479//479 480//480 564//564 563//563
f 480//480 481//481 565//565 564//564
usemtl rock_shadow
f 481//481 482//482 566//566 565//565
usemtl rock_cold
f 482//482 483//483 567//567 566//566
usemtl rock_shadow
f 483//483 484//484 568//568 567//567
usemtl rock_cold
f 484//484 485//485 569//569 568//568
f 485//485 486//486 570//570 569//569
usemtl rock_warm
f 486//486 487//487 571//571 570//570
usemtl rock_shadow
f 487//487 488//488 572//572 571//571
usemtl rock_cold
f 488//488 489//489 573//573 572//572
f 489//489 490//490 574//574 573//573
f 490//490 491//491 575//575 574//574
f 491//491 492//492 576//576 575//575
f 492//492 493//493 577//577 576//576
f 493//493 494//494 578//578 577//577
f 494//494 495//495 579//579 578//578
f 495//495 496//496 580//580 579//579
f 496//496 497//497 581//581 580//580
f 497//497 498//498 582//582 581//581
usemtl rock_shadow
f 498//498 499//499 583//583 582//582
usemtl rock_cold
f 499//499 500//500 584//584 583//583
f 500//500 501//501 585//585 584//584
f 501//501 502//502 586//586 585//585
f 502//502 503//503 587//587 586//586
f 503//503 504//504 588//588 587//587
f 504//504 421//421 505//505 588//588
usemtl rock_shadow
f 505//505 506//506 590//590 589//589
usemtl rock_cold
f 506//506 507//507 591//591 590//590
f 507//507 508//508 592//592 591//591
f 508//508 509//509 593//593 592//592
f 509//509 510//510 594//594 593//593
f 510//510 511//511 595//595 594//594
usemtl rock_warm
f 511//511 512//512 596//596 595//595
usemtl rock_cold
f 512//512 513//513 597//597 596//596
f 513//513 514//514 598//598 597//597
f 514//514 515//515 599//599 598//598
f 515//515 516//516 600//600 599//599
f 516//516 517//517 601//601 600//600
f 517//517 518//518 602//602 601//601
f 518//518 519//519 603//603 602//602
f 519//519 520//520 604//604 603//603
usemtl rock_shadow
f 520//520 521//521 605//605 604//604
usemtl rock_cold
f 521//521 522//522 606//606 605//605
f 522//522 523//523 607//607 606//606
usemtl rock_shadow
f 523//523 524//524 608//608 607//607
usemtl rock_cold
f 524//524 525//525 609//609 608//608
usemtl rock_shadow
f 525//525 526//526 610//610 609//609
f 526//526 527//527 611//611 610//610
f 527//527 528//528 612//612 611//611
usemtl rock_cold
f 528//528 529//529 613//613 612//612
f 529//529 530//530 614//614 613//613
f 530//530 531//531 615//615 614//614
f 531//531 532//532 616//616 615//615
usemtl rock_warm
f 532//532 533//533 617//617 616//616
f 533//533 534//534 618//618 617//617
usemtl rock_cold
f 534//534 535//535 619//619 618//618
f 535//535 536//536 620//620 619//619
f 536//536 537//537 621//621 620//620
usemtl rock_shadow
f 537//537 538//538 622//622 621//621
f 538//538 539//539 623//623 622//622
usemtl rock_warm
f 539//539 540//540 624//624 623//623
usemtl rock_cold
f 540//540 541//541 625//625 624//624
f 541//541 542//542 626//626 625//625
f 542//542 543//543 627//627 626//626
usemtl rock_shadow
f 543//543 544//544 628//628 627//627
usemtl rock_cold
f 544//544 545//545 629//629 628//628
usemtl rock_shadow
f 545//545 546//546 630//630 629//629
usemtl rock_cold
f 546//546 547//547 631//631 630//630
f 547//547 548//548 632//632 631//631
f 548//548 549//549 633//633 632//632
f 549//549 550//550 634//634 633//633
usemtl rock_warm
f 550//550 551//551 635//635 634//634
f 551//551 552//552 636//636 635//635
usemtl rock_shadow
f 552//552 553//553 637//637 636//636
usemtl rock_cold
f 553//553 554//554 638//638 637//637
f 554//554 555//555 639//639 638//638
f 555//555 556//556 640//640 639//639
f 556//556 557//557 641//641 640//640
f 557//557 558//558 642//642 641//641
usemtl rock_shadow
f 558//558 559//559 643//643 642//642
usemtl rock_cold
f 559//559 560//560 644//644 643//643
f 560//560 561//561 645//645 644//644
f 561//561 562//562 646//646 645//645
usemtl rock_shadow
f 562//562 563//563 647//647 646//646
usemtl rock_cold
f 563//563 564//564 648//648 647//647
f 564//564 565//565 649//649 648//648
f 565//565 566//566 650//650 649//649
f 566//566 567//567 651//651 650//650
usemtl rock_warm
f 567//567 568//568 652//652 651//651
usemtl rock_cold
f 568//568 569//569 653//653 652//652
f 569//569 570//570 654//654 653//653
usemtl rock_shadow
f 570//570 571//571 655//655 654//654
usemtl rock_cold
f 571//571 572//572 656//656 655//655
f 572//572 573//573 657//657 656//656
f 573//573 574//574 658//658 657//657
f 574//574 575//575 659//659 658//658
f 575//575 576//576 660//660 659//659
f 576//576 577//577 661//661 660//660
usemtl rock_warm
f 577//577 578//578 662//662 661//661
usemtl rock_shadow
f 578//578 579//579 663//663 662//662
usemtl rock_cold
f 579//579 580//580 664//664 663//663
usemtl rock_shadow
f 580//580 581//581 665//665 664//664
usemtl rock_cold
f 581//581 582//582 666//666 665//665
f 582//582 583//583 667//667 666//666
f 583//583 584//584 668//668 667//667
f 584//584 585//585 669//669 668//668
usemtl rock_warm
f 585//585 586//586 670//670 669//669
usemtl rock_shadow
f 586//586 587//587 671//671 670//670
f 587//587 588//588 672//672 671//671
usemtl rock_cold
f 588//588 505//505 589//589 672//672
f 589//589 590//590 674//674 673//673
f 590//590 591//591 675//675 674//674
f 591//591 592//592 676//676 675//675
usemtl rock_warm
f 592//592 593//593 677//677 676//676
usemtl rock_cold
f 593//593 594//594 678//678 677//677
f 594//594 595//595 679//679 678//678
f 595//595 596//596 680//680 679//679
f 596//596 597//597 681//681 680//680
usemtl rock_warm
f 597//597 598//598 682//682 681//681
usemtl rock_cold
f 598//598 599//599 683//683 682//682
f 599//599 600//600 684//684 683//683
f 600//600 601//601 685//685 684//684
f 601//601 602//602 686//686 685//685
usemtl rock_shadow
f 602//602 603//603 687//687 686//686
usemtl rock_warm
f 603//603 604//604 688//688 687//687
usemtl rock_cold
f 604//604 605//605 689//689 688//688
f 605//605 606//606 690//690 689//689
usemtl rock_shadow
f 606//606 607//607 691//691 690//690
usemtl rock_cold
f 607//607 608//608 692//692 691//691
f 608//608 609//609 693//693 692//692
usemtl rock_shadow
f 609//609 610//610 694//694 693//693
usemtl rock_cold
f 610//610 611//611 695//695 694//694
f 611//611 612//612 696//696 695//695
f 612//612 613//613 697//697 696//696
f 613//613 614//614 698//698 697//697
f 614//614 615//615 699//699 698//698
f 615//615 616//616 700//700 699//699
f 616//616 617//617 701//701 700//700
f 617//617 618//618 702//702 701//701
f 618//618 619//619 703//703 702//702
usemtl rock_warm
f 619//619 620//620 704//704 703//703
usemtl rock_cold
f 620//620 621//621 705//705 704//704
usemtl rock_shadow
f 621//621 622//622 706//706 705//705
usemtl rock_cold
f 622//622 623//623 707//707 706//706
f 623//623 624//624 708//708 707//707
usemtl rock_shadow
f 624//624 625//625 709//709 708//708
usemtl rock_cold
f 625//625 626//626 710//710 709//709
usemtl rock_warm
f 626//626 627//627 711//711 710//710
f 627//627 628//628 712//712 711//711
usemtl rock_shadow
f 628//628 629//629 713//713 712//712
usemtl rock_cold
f 629//629 630//630 714//714 713//713
usemtl rock_shadow
f 630//630 631//631 715//715 714//714
usemtl rock_cold
f 631//631 632//632 716//716 715//715
f 632//632 633//633 717//717 716//716
f 633//633 634//634 718//718 717//717
f 634//634 635//635 719//719 718//718
usemtl rock_shadow
f 635//635 636//636 720//720 719//719
usemtl rock_cold
f 636//636 637//637 721//721 720//720
usemtl rock_shadow
f 637//637 638//638 722//722 721//721
usemtl rock_cold
f 638//638 639//639 723//723 722//722
f 639//639 640//640 724//724 723//723
usemtl rock_shadow
f 640//640 641//641 725//725 724//724
usemtl rock_warm
f 641//641 642//642 726//726 725//725
usemtl rock_cold
f 642//642 643//643 727//727 726//726
f 643//643 644//644 728//728 727//727
f 644//644 645//645 729//729 728//728
f 645//645 646//646 730//730 729//729
f 646//646 647//647 731//731 730//730
f 647//647 648//648 732//732 731//731
f 648//648 649//649 733//733 732//732
f 649//649 650//650 734//734 733//733
f 650//650 651//651 735//735 734//734
f 651//651 652//652 736//736 735//735
f 652//652 653//653 737//737 736//736
f 653//653 654//654 738//738 737//737
f 654//654 655//655 739//739 738//738
f 655//655 656//656 740//740 739//739
f 656//656 657//657 741//741 740//740
f 657//657 658//658 742//742 741//741
f 658//658 659//659 743//743 742//742
f 659//659 660//660 744//744 743//743
f 660//660 661//661 745//745 744//744
f 661//661 662//662 746//746 745//745
f 662//662 663//663 747//747 746//746
f 663//663 664//664 748//748 747//747
f 664//664 665//665 749//749 748//748
f 665//665 666//666 750//750 749//749
usemtl rock_shadow
f 666//666 667//667 751//751 750//750
f 667//667 668//668 752//752 751//751
usemtl rock_cold
f 668//668 669//669 753//753 752//752
f 669//669 670//670 754//754 753//753
f 670//670 671//671 755//755 754//754
f 671//671 672//672 756//756 755//755
usemtl rock_shadow
f 672//672 589//589 673//673 756//756
usemtl rock_cold
f 673//673 674//674 758//758 757//757
f 674//674 675//675 759//759 758//758
usemtl rock_warm
f 675//675 676//676 760//760 759//759
usemtl rock_cold
f 676//676 677//677 761//761 760//760
f 677//677 678//678 762//762 761//761
f 678//678 679//679 763//763 762//762
f 679//679 680//680 764//764 763//763
f 680//680 681//681 765//765 764//764
f 681//681 682//682 766//766 765//765
f 682//682 683//683 767//767 766//766
f 683//683 684//684 768//768 767//767
f 684//684 685//685 769//769 768//768
f 685//685 686//686 770//770 769//769
f 686//686 687//687 771//771 770//770
usemtl rock_warm
f 687//687 688//688 772//772 771//771
usemtl rock_cold
f 688//688 689//689 773//773 772//772
f 689//689 690//690 774//774 773//773
usemtl rock_shadow
f 690//690 691//691 775//775 774//774
usemtl rock_cold
f 691//691 692//692 776//776 775//775
usemtl rock_shadow
f 692//692 693//693 777//777 776//776
f 693//693 694//694 778//778 777//777
usemtl rock_cold
f 694//694 695//695 779//779 778//778
usemtl rock_warm
f 695//695 696//696 780//780 779//779
usemtl rock_cold
f 696//696 697//697 781//781 780//780
f 697//697 698//698 782//782 781//781
usemtl rock_shadow
f 698//698 699//699 783//783 782//782
usemtl rock_cold
f 699//699 700//700 784//784 783//783
f 700//700 701//701 785//785 784//784
f 701//701 702//702 786//786 785//785
f 702//702 703//703 787//787 786//786
f 703//703 704//704 788//788 787//787
f 704//704 705//705 789//789 788//788
f 705//705 706//706 790//790 789//789
f 706//706 707//707 791//791 790//790
f 707//707 708//708 792//792 791//791
usemtl rock_shadow
f 708//708 709//709 793//793 792//792
usemtl rock_cold
f 709//709 710//710 794//794 793//793
f 710//710 711//711 795//795 794//794
f 711//711 712//712 796//796 795//795
usemtl rock_shadow
f 712//712 713//713 797//797 796//796
usemtl rock_cold
f 713//713 714//714 798//798 797//797
f 714//714 715//715 799//799 798//798
f 715//715 716//716 800//800 799//799
usemtl rock_shadow
f 716//716 717//717 801//801 800//800
usemtl rock_cold
f 717//717 718//718 802//802 801//801
f 718//718 719//719 803//803 802//802
usemtl rock_shadow
f 719//719 720//720 804//804 803//803
usemtl rock_cold
f 720//720 721//721 805//805 804//804
f 721//721 722//722 806//806 805//805
f 722//722 723//723 807//807 806//806
f 723//723 724//724 808//808 807//807
f 724//724 725//725 809//809 808//808
f 725//725 726//726 810//810 809//809
f 726//726 727//727 811//811 810//810
f 727//727 728//728 812//812 811//811
f 728//728 729//729 813//813 812//812
usemtl rock_shadow
f 729//729 730//730 814//814 813//813
f 730//730 731//731 815//815 814//814
f 731//731 732//732 816//816 815//815
usemtl rock_cold
f 732//732 733//733 817//817 816//816
usemtl rock_shadow
f 733//733 734//734 818//818 817//817
usemtl rock_cold
f 734//734 735//735 819//819 818//818
usemtl rock_shadow
f 735//735 736//736 820//820 819//819
usemtl rock_cold
f 736//736 737//737 821//821 820//820
f 737//737 738//738 822//822 821//821
f 738//738 739//739 823//823 822//822
f 739//739 740//740 824//824 823//823
f 740//740 741//741 825//825 824//824
f 741//741 742//742 826//826 825//825
f 742//742 743//743 827//827 826//826
f 743//743 744//744 828//828 827//827
f 744//744 745//745 829//829 828//828
f 745//745 746//746 830//830 829//829
usemtl rock_warm
f 746//746 747//747 831//831 830//830
usemtl rock_shadow
f 747//747 748//748 832//832 831//831
usemtl rock_warm
f 748//748 749//749 833//833 832//832
usemtl rock_shadow
f 749//749 750//750 834//834 833//833
usemtl rock_cold
f 750//750 751//751 835//835 834//834
f 751//751 752//752 836//836 835//835
usemtl rock_shadow
f 752//752 753//753 837//837 836//836
usemtl rock_cold
f 753//753 754//754 838//838 837//837
f 754//754 755//755 839//839 838//838
f 755//755 756//756 840//840 839//839
f 756//756 673//673 757//757 840//840
f 757//757 758//758 842//842 841//841
f 758//758 759//759 843//843 842//842
f 759//759 760//760 844//844 843//843
f 760//760 761//761 845//845 844//844
f 761//761 762//762 846//846 845//845
f 762//762 763//763 847//847 846//846
usemtl rock_warm
f 763//763 764//764 848//848 847//847
usemtl rock_cold
f 764//764 765//765 849//849 848//848
f 765//765 766//766 850//850 849//849
f 766//766 767//767 851//851 850//850
f 767//767 768//768 852//852 851//851
f 768//768 769//769 853//853 852//852
f 769//769 770//770 854//854 853//853
f 770//770 771//771 855//855 854//854
f 771//771 772//772 856//856 855//855
usemtl rock_shadow
f 772//772 773//773 857//857 856//856
usemtl rock_cold
f 773//773 774//774 858//858 857//857
f 774//774 775//775 859//859 858//858
f 775//775 776//776 860//860 859//859
f 776//776 777//777 861//861 860//860
f 777//777 778//778 862//862 861//861
f 778//778 779//779 863//863 862//862
usemtl rock_warm
f 779//779 780//780 864//864 863//863
usemtl rock_cold
f 780//780 781//781 865//865 864//864
f 781//781 782//782 866//866 865//865
f 782//782 783//783 867//867 866//866
f 783//783 784//784 868//868 867//867
f 784//784 785//785 869//869 868//868
usemtl rock_shadow
f 785//785 786//786 870//870 869//869
usemtl rock_warm
f 786//786 787//787 871//871 870//870
usemtl rock_cold
f 787//787 788//788 872//872 871//871
f 788//788 789//789 873//873 872//872
f 789//789 790//790 874//874 873//873
f 790//790 791//791 875//875 874//874
f 791//791 792//792 876//876 875//875
f 792//792 793//793 877//877 876//876
f 793//793 794//794 878//878 877//877
usemtl rock_shadow
f 794//794 795//795 879//879 878//878
usemtl rock_cold
f 795//795 796//796 880//880 879//879
usemtl rock_shadow
f 796//796 797//797 881//881 880//880
f 797//797 798//798 882//882 881//881
usemtl rock_cold
f 798//798 799//799 883//883 882//882
f 799//799 800//800 884//884 883//883
f 800//800 801//801 885//885 884//884
f 801//801 802//802 886//886 885//885
f 802//802 803//803 887//887 886//886
usemtl rock_shadow
f 803//803 804//804 888//888 887//887
usemtl rock_cold
f 804//804 805//805 889//889 888//888
usemtl rock_shadow
f 805//805 806//806 890//890 889//889
usemtl rock_cold
f 806//806 807//807 891//891 890//890
f 807//807 808//808 892//892 891//891
f 808//808 809//809 893//893 892//892
usemtl rock_shadow
f 809//809 810//810 894//894 893//893
usemtl rock_cold
f 810//810 811//811 895//895 894//894
usemtl rock_warm
f 811//811 812//812 896//896 895//895
usemtl rock_shadow
f 812//812 813//813 897//897 896//896
usemtl rock_cold
f 813//813 814//814 898//898 897//897
f 814//814 815//815 899//899 898//898
f 815//815 816//816 900//900 899//899
usemtl rock_warm
f 816//816 817//817 901//901 900//900
f 817//817 818//818 902//902 901//901
usemtl rock_shadow
f 818//818 819//819 903//903 902//902
f 819//819 820//820 904//904 903//903
usemtl rock_cold
f 820//820 821//821 905//905 904//904
f 821//821 822//822 906//906 905//905
f 822//822 823//823 907//907 906//906
f 823//823 824//824 908//908 907//907
usemtl rock_shadow
f 824//824 825//825 909//909 908//908
usemtl rock_cold
f 825//825 826//826 910//910 909//909
f 826//826 827//827 911//911 910//910
f 827//827 828//828 912//912 911//911
f 828//828 829//829 913//913 912//912
f 829//829 830//830 914//914 913//913
f 830//830 831//831 915//915 914//914
f 831//831 832//832 916//916 915//915
f 832//832 833//833 917//917 916//916
f 833//833 834//834 918//918 917//917
f 834//834 835//835 919//919 918//918
usemtl rock_shadow
f 835//835 836//836 920//920 919//919
usemtl rock_cold
f 836//836 837//837 921//921 920//920
f 837//837 838//838 922//922 921//921
f 838//838 839//839 923//923 922//922
f 839//839 840//840 924//924 923//923
f 840//840 757//757 841//841 924//924
f 841//841 842//842 926//926 925//925
f 842//842 843//843 927//927 926//926
f 843//843 844//844 928//928 927//927
f 844//844 845//845 929//929 928//928
usemtl rock_shadow
f 845//845 846//846 930//930 929//929
usemtl rock_cold
f 846//846 847//847 931//931 930//930
f 847//847 848//848 932//932 931//931
usemtl rock_shadow
f 848//848 849//849 933//933 932//932
usemtl rock_cold
f 849//849 850//850 934//934 933//933
f 850//850 851//851 935//935 934//934
f 851//851 852//852 936//936 935//935
f 852//852 853//853 937//937 936//936
f 853//853 854//854 938//938 937//937
f 854//854 855//855 939//939 938//938
usemtl rock_shadow
f 855//855 856//856 940//940 939//939
f 856//856 857//857 941//941 940//940
usemtl rock_cold
f 857//857 858//858 942//942 941//941
f 858//858 859//859 943//943 942//942
f 859//859 860//860 944//944 943//943
f 860//860 861//861 945//945 944//944
f 861//861 862//862 946//946 945//945
f 862//862 863//863 947//947 946//946
f 863//863 864//864 948//948 947//947
f 864//864 865//865 949//949 948//948
f 865//865 866//866 950//950 949//949
usemtl rock_warm
f 866//866 867//867 951//951 950//950
usemtl rock_cold
f 867//867 868//868 952//952 951//951
f 868//868 869//869 953//953 952//952
f 869//869 870//870 954//954 953//953
f 870//870 871//871 955//955 954//954
f 871//871 872//872 956//956 955//955
f 872//872 873//873 957//957 956//956
f 873//873 874//874 958//958 957//957
f 874//874 875//875 959//959 958//958
f 875//875 876//876 960//960 959//959
usemtl rock_shadow
f 876//876 877//877 961//961 960//960
usemtl rock_cold
f 877//877 878//878 962//962 961//961
f 878//878 879//879 963//963 962//962
usemtl rock_shadow
f 879//879 880//880 964//964 963//963
usemtl rock_cold
f 880//880 881//881 965//965 964//964
f 881//881 882//882 966//966 965//965
f 882//882 883//883 967//967 966//966
f 883//883 884//884 968//968 967//967
f 884//884 885//885 969//969 968//968
f 885//885 886//886 970//970 969//969
f 886//886 887//887 971//971 970//970
f 887//887 888//888 972//972 971//971
f 888//888 889//889 973//973 972//972
f 889//889 890//890 974//974 973//973
f 890//890 891//891 975//975 974//974
usemtl rock_warm
f 891//891 892//892 976//976 975//975
usemtl rock_shadow
f 892//892 893//893 977//977 976//976
f 893//893 894//894 978//978 977//977
usemtl rock_cold
f 894//894 895//895 979//979 978//978
f 895//895 896//896 980//980 979//979
f 896//896 897//897 981//981 980//980
f 897//897 898//898 982//982 981//981
f 898//898 899//899 983//983 982//982
usemtl rock_warm
f 899//899 900//900 984//984 983//983
usemtl rock_cold
f 900//900 901//901 985//985 984//984
usemtl rock_shadow
f 901//901 902//902 986//986 985//985
usemtl rock_cold
f 902//902 903//903 987//987 986//986
f 903//903 904//904 988//988 987//987
f 904//904 905//905 989//989 988//988
usemtl rock_shadow
f 905//905 906//906 990//990 989//989
usemtl rock_cold
f 906//906 907//907 991//991 990//990
f 907//907 908//908 992//992 991//991
f 908//908 909//909 993//993 992//992
f 909//909 910//910 994//994 993//993
f 910//910 911//911 995//995 994//994
f 911//911 912//912 996//996 995//995
f 912//912 913//913 997//997 996//996
f 913//913 914//914 998//998 997//997
f 914//914 915//915 999//999 998//998
usemtl rock_shadow
f 915//915 916//916 1000//1000 999//999
usemtl rock_warm
f 916//916 917//917 1001//1001 1000//1000
usemtl rock_cold
f 917//917 918//918 1002//1002 1001//1001
f 918//918 919//919 1003//1003 1002//1002
f 919//919 920//920 1004//1004 1003//1003
f 920//920 921//921 1005//1005 1004//1004
usemtl rock_shadow
f 921//921 922//922 1006//1006 1005//1005
usemtl rock_cold
f 922//922 923//923 1007//1007 1006//1006
f 923//923 924//924 1008//1008 1007//1007
f 924//924 841//841 925//925 1008//1008
f 925//925 926//926 1010//1010 1009//1009
usemtl rock_warm
f 926//926 927//927 1011//1011 1010//1010
usemtl rock_cold
f 927//927 928//928 1012//1012 1011//1011
usemtl rock_shadow
f 928//928 929//929 1013//1013 1012//1012
usemtl rock_cold
f 929//929 930//930 1014//1014 1013//1013
f 930//930 931//931 1015//1015 1014//1014
f 931//931 932//932 1016//1016 1015//1015
usemtl rock_warm
f 932//932 933//933 1017//1017 1016//1016
usemtl rock_cold
f 933//933 934//934 1018//1018 1017//1017
f 934//934 935//935 1019//1019 1018//1018
f 935//935 936//936 1020//1020 1019//1019
f 936//936 937//937 1021//1021 1020//1020
f 937//937 938//938 1022//1022 1021//1021
usemtl rock_shadow
f 938//938 939//939 1023//1023 1022//1022
usemtl rock_cold
f 939//939 940//940 1024//1024 1023//1023
usemtl rock_shadow
f 940//940 941//941 1025//1025 1024//1024
usemtl rock_cold
f 941//941 942//942 1026//1026 1025//1025
f 942//942 943//943 1027//1027 1026//1026
f 943//943 944//944 1028//1028 1027//1027
usemtl rock_shadow
f 944//944 945//945 1029//1029 1028//1028
usemtl rock_cold
f 945//945 946//946 1030//1030 1029//1029
f 946//946 947//947 1031//1031 1030//1030
usemtl rock_shadow
f 947//947 948//948 1032//1032 1031//1031
usemtl rock_cold
f 948//948 949//949 1033//1033 1032//1032
f 949//949 950//950 1034//1034 1033//1033
usemtl rock_shadow
f 950//950 951//951 1035//1035 1034//1034
f 951//951 952//952 1036//1036 1035//1035
usemtl rock_cold
f 952//952 953//953 1037//1037 1036//1036
f 953//953 954//954 1038//1038 1037//1037
f 954//954 955//955 1039//1039 1038//1038
usemtl rock_shadow
f 955//955 956//956 1040//1040 1039//1039
usemtl rock_cold
f 956//956 957//957 1041//1041 1040//1040
f 957//957 958//958 1042//1042 1041//1041
f 958//958 959//959 1043//1043 1042//1042
f 959//959 960//960 1044//1044 1043//1043
usemtl rock_shadow
f 960//960 961//961 1045//1045 1044//1044
f 961//961 962//962 1046//1046 1045//1045
usemtl rock_cold
f 962//962 963//963 1047//1047 1046//1046
f 963//963 964//964 1048//1048 1047//1047
usemtl rock_warm
f 964//964 965//965 1049//1049 1048//1048
usemtl rock_cold
f 965//965 966//966 1050//1050 1049//1049
f 966//966 967//967 1051//1051 1050//1050
f 967//967 968//968 1052//1052 1051//1051
f 968//968 969//969 1053//1053 1052//1052
f 969//969 970//970 1054//1054 1053//1053
f 970//970 971//971 1055//1055 1054//1054
f 971//971 972//972 1056//1056 1055//1055
f 972//972 973//973 1057//1057 1056//1056
usemtl rock_shadow
f 973//973 974//974 1058//1058 1057//1057
usemtl rock_cold
f 974//974 975//975 1059//1059 1058//1058
f 975//975 976//976 1060//1060 1059//1059
f 976//976 977//977 1061//1061 1060//1060
usemtl rock_shadow
f 977//977 978//978 1062//1062 1061//1061
usemtl rock_cold
f 978//978 979//979 1063//1063 1062//1062
f 979//979 980//980 1064//1064 1063//1063
f 980//980 981//981 1065//1065 1064//1064
usemtl rock_shadow
f 981//981 982//982 1066//1066 1065//1065
usemtl rock_cold
f 982//982 983//983 1067//1067 1066//1066
f 983//983 984//984 1068//1068 1067//1067
f 984//984 985//985 1069//1069 1068//1068
f 985//985 986//986 1070//1070 1069//1069
f 986//986 987//987 1071//1071 1070//1070
f 987//987 988//988 1072//1072 1071//1071
usemtl rock_shadow
f 988//988 989//989 1073//1073 1072//1072
usemtl rock_cold
f 989//989 990//990 1074//1074 1073//1073
f 990//990 991//991 1075//1075 1074//1074
f 991//991 992//992 1076//1076 1075//1075
usemtl rock_shadow
f 992//992 993//993 1077//1077 1076//1076
usemtl rock_cold
f 993//993 994//994 1078//1078 1077//1077
f 994//994 995//995 1079//1079 1078//1078
f 995//995 996//996 1080//1080 1079//1079
f 996//996 997//997 1081//1081 1080//1080
usemtl rock_shadow
f 997//997 998//998 1082//1082 1081//1081
usemtl rock_cold
f 998//998 999//999 1083//1083 1082//1082
f 999//999 1000//1000 1084//1084 1083//1083
usemtl rock_shadow
f 1000//1000 1001//1001 1085//1085 1084//1084
usemtl rock_cold
f 1001//1001 1002//1002 1086//1086 1085//1085
usemtl rock_shadow
f 1002//1002 1003//1003 1087//1087 1086//1086
usemtl rock_cold
f 1003//1003 1004//1004 1088//1088 1087//1087
f 1004//1004 1005//1005 1089//1089 1088//1088
f 1005//1005 1006//1006 1090//1090 1089//1089
f 1006//1006 1007//1007 1091//1091 1090//1090
f 1007//1007 1008//1008 1092//1092 1091//1091
usemtl rock_warm
f 1008//1008 925//925 1009//1009 1092//1092
usemtl rock_cold
f 1009//1009 1010//1010 1094//1094 1093//1093
f 1010//1010 1011//1011 1095//1095 1094//1094
f 1011//1011 1012//1012 1096//1096 1095//1095
usemtl rock_warm
f 1012//1012 1013//1013 1097//1097 1096//1096
usemtl rock_cold
f 1013//1013 1014//1014 1098//1098 1097//1097
f 1014//1014 1015//1015 1099//1099 1098//1098
usemtl rock_shadow
f 1015//1015 1016//1016 1100//1100 1099//1099
usemtl rock_cold
f 1016//1016 1017//1017 1101//1101 1100//1100
f 1017//1017 1018//1018 1102//1102 1101//1101
f 1018//1018 1019//1019 1103//1103 1102//1102
f 1019//1019 1020//1020 1104//1104 1103//1103
f 1020//1020 1021//1021 1105//1105 1104//1104
f 1021//1021 1022//1022 1106//1106 1105//1105
f 1022//1022 1023//1023 1107//1107 1106//1106
usemtl rock_shadow
f 1023//1023 1024//1024 1108//1108 1107//1107
usemtl rock_cold
f 1024//1024 1025//1025 1109//1109 1108//1108
f 1025//1025 1026//1026 1110//1110 1109//1109
f 1026//1026 1027//1027 1111//1111 1110//1110
f 1027//1027 1028//1028 1112//1112 1111//1111
f 1028//1028 1029//1029 1113//1113 1112//1112
f 1029//1029 1030//1030 1114//1114 1113//1113
f 1030//1030 1031//1031 1115//1115 1114//1114
f 1031//1031 1032//1032 1116//1116 1115//1115
f 1032//1032 1033//1033 1117//1117 1116//1116
f 1033//1033 1034//1034 1118//1118 1117//1117
f 1034//1034 1035//1035 1119//1119 1118//1118
f 1035//1035 1036//1036 1120//1120 1119//1119
f 1036//1036 1037//1037 1121//1121 1120//1120
f 1037//1037 1038//1038 1122//1122 1121//1121
f 1038//1038 1039//1039 1123//1123 1122//1122
usemtl rock_shadow
f 1039//1039 1040//1040 1124//1124 1123//1123
usemtl rock_cold
f 1040//1040 1041//1041 1125//1125 1124//1124
f 1041//1041 1042//1042 1126//1126 1125//1125
f 1042//1042 1043//1043 1127//1127 1126//1126
usemtl rock_warm
f 1043//1043 1044//1044 1128//1128 1127//1127
usemtl rock_cold
f 1044//1044 1045//1045 1129//1129 1128//1128
f 1045//1045 1046//1046 1130//1130 1129//1129
f 1046//1046 1047//1047 1131//1131 1130//1130
f 1047//1047 1048//1048 1132//1132 1131//1131
f 1048//1048 1049//1049 1133//1133 1132//1132
f 1049//1049 1050//1050 1134//1134 1133//1133
f 1050//1050 1051//1051 1135//1135 1134//1134
usemtl rock_shadow
f 1051//1051 1052//1052 1136//1136 1135//1135
usemtl rock_cold
f 1052//1052 1053//1053 1137//1137 1136//1136
f 1053//1053 1054//1054 1138//1138 1137//1137
f 1054//1054 1055//1055 1139//1139 1138//1138
f 1055//1055 1056//1056 1140//1140 1139//1139
f 1056//1056 1057//1057 1141//1141 1140//1140
f 1057//1057 1058//1058 1142//1142 1141//1141
usemtl rock_shadow
f 1058//1058 1059//1059 1143//1143 1142//1142
f 1059//1059 1060//1060 1144//1144 1143//1143
usemtl rock_warm
f 1060//1060 1061//1061 1145//1145 1144//1144
usemtl rock_cold
f 1061//1061 1062//1062 1146//1146 1145//1145
f 1062//1062 1063//1063 1147//1147 1146//1146
f 1063//1063 1064//1064 1148//1148 1147//1147
f 1064//1064 1065//1065 1149//1149 1148//1148
f 1065//1065 1066//1066 1150//1150 1149//1149
f 1066//1066 1067//1067 1151//1151 1150//1150
f 1067//1067 1068//1068 1152//1152 1151//1151
f 1068//1068 1069//1069 1153//1153 1152//1152
f 1069//1069 1070//1070 1154//1154 1153//1153
usemtl rock_shadow
f 1070//1070 1071//1071 1155//1155 1154//1154
usemtl rock_cold
f 1071//1071 1072//1072 1156//1156 1155//1155
usemtl rock_shadow
f 1072//1072 1073//1073 1157//1157 1156//1156
usemtl rock_cold
f 1073//1073 1074//1074 1158//1158 1157//1157
f 1074//1074 1075//1075 1159//1159 1158//1158
f 1075//1075 1076//1076 1160//1160 1159//1159
f 1076//1076 1077//1077 1161//1161 1160//1160
usemtl rock_shadow
f 1077//1077 1078//1078 1162//1162 1161//1161
f 1078//1078 1079//1079 1163//1163 1162//1162
usemtl rock_warm
f 1079//1079 1080//1080 1164//1164 1163//1163
usemtl rock_cold
f 1080//1080 1081//1081 1165//1165 1164//1164
f 1081//1081 1082//1082 1166//1166 1165//1165
f 1082//1082 1083//1083 1167//1167 1166//1166
f 1083//1083 1084//1084 1168//1168 1167//1167
f 1084//1084 1085//1085 1169//1169 1168//1168
f 1085//1085 1086//1086 1170//1170 1169//1169
f 1086//1086 1087//1087 1171//1171 1170//1170
usemtl rock_warm
f 1087//1087 1088//1088 1172//1172 1171//1171
usemtl rock_shadow
f 1088//1088 1089//1089 1173//1173 1172//1172
usemtl rock_cold
f 1089//1089 1090//1090 1174//1174 1173//1173
f 1090//1090 1091//1091 1175//1175 1174//1174
f 1091//1091 1092//1092 1176//1176 1175//1175
f 1092//1092 1009//1009 1093//1093 1176//1176
usemtl rock_shadow
f 1093//1093 1094//1094 1178//1178 1177//1177
usemtl rock_cold
f 1094//1094 1095//1095 1179//1179 1178//1178
f 1095//1095 1096//1096 1180//1180 1179//1179
f 1096//1096 1097//1097 1181//1181 1180//1180
f 1097//1097 1098//1098 1182//1182 1181//1181
usemtl rock_warm
f 1098//1098 1099//1099 1183//1183 1182//1182
usemtl rock_cold
f 1099//1099 1100//1100 1184//1184 1183//1183
f 1100//1100 1101//1101 1185//1185 1184//1184
f 1101//1101 1102//1102 1186//1186 1185//1185
f 1102//1102 1103//1103 1187//1187 1186//1186
f 1103//1103 1104//1104 1188//1188 1187//1187
f 1104//1104 1105//1105 1189//1189 1188//1188
usemtl rock_warm
f 1105//1105 1106//1106 1190//1190 1189//1189
usemtl rock_cold
f 1106//1106 1107//1107 1191//1191 1190//1190
f 1107//1107 1108//1108 1192//1192 1191//1191
f 1108//1108 1109//1109 1193//1193 1192//1192
f 1109//1109 1110//1110 1194//1194 1193//1193
usemtl rock_shadow
f 1110//1110 1111//1111 1195//1195 1194//1194
usemtl rock_cold
f 1111//1111 1112//1112 1196//1196 1195//1195
f 1112//1112 1113//1113 1197//1197 1196//1196
f 1113//1113 1114//1114 1198//1198 1197//1197
usemtl rock_warm
f 1114//1114 1115//1115 1199//1199 1198//1198
usemtl rock_cold
f 1115//1115 1116//1116 1200//1200 1199//1199
f 1116//1116 1117//1117 1201//1201 1200//1200
f 1117//1117 1118//1118 1202//1202 1201//1201
f 1118//1118 1119//1119 1203//1203 1202//1202
f 1119//1119 1120//1120 1204//1204 1203//1203
f 1120//1120 1121//1121 1205//1205 1204//1204
f 1121//1121 1122//1122 1206//1206 1205//1205
f 1122//1122 1123//1123 1207//1207 1206//1206
f 1123//1123 1124//1124 1208//1208 1207//1207
f 1124//1124 1125//1125 1209//1209 1208//1208
usemtl rock_warm
f 1125//1125 1126//1126 1210//1210 1209//1209
usemtl rock_cold
f 1126//1126 1127//1127 1211//1211 1210//1210
f 1127//1127 1128//1128 1212//1212 1211//1211
f 1128//1128 1129//1129 1213//1213 1212//1212
f 1129//1129 1130//1130 1214//1214 1213//1213
f 1130//1130 1131//1131 1215//1215 1214//1214
f 1131//1131 1132//1132 1216//1216 1215//1215
f 1132//1132 1133//1133 1217//1217 1216//1216
f 1133//1133 1134//1134 1218//1218 1217//1217
f 1134//1134 1135//1135 1219//1219 1218//1218
f 1135//1135 1136//1136 1220//1220 1219//1219
f 1136//1136 1137//1137 1221//1221 1220//1220
f 1137//1137 1138//1138 1222//1222 1221//1221
f 1138//1138 1139//1139 1223//1223 1222//1222
f 1139//1139 1140//1140 1224//1224 1223//1223
f 1140//1140 1141//1141 1225//1225 1224//1224
f 1141//1141 1142//1142 1226//1226 1225//1225
f 1142//1142 1143//1143 1227//1227 1226//1226
f 1143//1143 1144//1144 1228//1228 1227//1227
f 1144//1144 1145//1145 1229//1229 1228//1228
usemtl rock_shadow
f 1145//1145 1146//1146 1230//1230 1229//1229
usemtl rock_cold
f 1146//1146 1147//1147 1231//1231 1230//1230
f 1147//1147 1148//1148 1232//1232 1231//1231
usemtl rock_shadow
f 1148//1148 1149//1149 1233//1233 1232//1232
usemtl rock_cold
f 1149//1149 1150//1150 1234//1234 1233//1233
f 1150//1150 1151//1151 1235//1235 1234//1234
f 1151//1151 1152//1152 1236//1236 1235//1235
f 1152//1152 1153//1153 1237//1237 1236//1236
usemtl rock_shadow
f 1153//1153 1154//1154 1238//1238 1237//1237
usemtl rock_cold
f 1154//1154 1155//1155 1239//1239 1238//1238
f 1155//1155 1156//1156 1240//1240 1239//1239
f 1156//1156 1157//1157 1241//1241 1240//1240
f 1157//1157 1158//1158 1242//1242 1241//1241
f 1158//1158 1159//1159 1243//1243 1242//1242
f 1159//1159 1160//1160 1244//1244 1243//1243
f 1160//1160 1161//1161 1245//1245 1244//1244
f 1161//1161 1162//1162 1246//1246 1245//1245
f 1162//1162 1163//1163 1247//1247 1246//1246
f 1163//1163 1164//1164 1248//1248 1247//1247
usemtl rock_shadow
f 1164//1164 1165//1165 1249//1249 1248//1248
usemtl rock_cold
f 1165//1165 1166//1166 1250//1250 1249//1249
usemtl rock_shadow
f 1166//1166 1167//1167 1251//1251 1250//1250
usemtl rock_cold
f 1167//1167 1168//1168 1252//1252 1251//1251
f 1168//1168 1169//1169 1253//1253 1252//1252
usemtl rock_warm
f 1169//1169 1170//1170 1254//1254 1253//1253
usemtl rock_cold
f 1170//1170 1171//1171 1255//1255 1254//1254
f 1171//1171 1172//1172 1256//1256 1255//1255
f 1172//1172 1173//1173 1257//1257 1256//1256
f 1173//1173 1174//1174 1258//1258 1257//1257
f 1174//1174 1175//1175 1259//1259 1258//1258
f 1175//1175 1176//1176 1260//1260 1259//1259
f 1176//1176 1093//1093 1177//1177 1260//1260
f 1177//1177 1178//1178 1262//1262 1261//1261
f 1178//1178 1179//1179 1263//1263 1262//1262
f 1179//1179 1180//1180 1264//1264 1263//1263
f 1180//1180 1181//1181 1265//1265 1264//1264
f 1181//1181 1182//1182 1266//1266 1265//1265
f 1182//1182 1183//1183 1267//1267 1266//1266
usemtl rock_warm
f 1183//1183 1184//1184 1268//1268 1267//1267
f 1184//1184 1185//1185 1269//1269 1268//1268
usemtl rock_shadow
f 1185//1185 1186//1186 1270//1270 1269//1269
usemtl rock_cold
f 1186//1186 1187//1187 1271//1271 1270//1270
f 1187//1187 1188//1188 1272//1272 1271//1271
usemtl rock_shadow
f 1188//1188 1189//1189 1273//1273 1272//1272
usemtl rock_cold
f 1189//1189 1190//1190 1274//1274 1273//1273
f 1190//1190 1191//1191 1275//1275 1274//1274
f 1191//1191 1192//1192 1276//1276 1275//1275
f 1192//1192 1193//1193 1277//1277 1276//1276
f 1193//1193 1194//1194 1278//1278 1277//1277
f 1194//1194 1195//1195 1279//1279 1278//1278
f 1195//1195 1196//1196 1280//1280 1279//1279
f 1196//1196 1197//1197 1281//1281 1280//1280
f 1197//1197 1198//1198 1282//1282 1281//1281
f 1198//1198 1199//1199 1283//1283 1282//1282
f 1199//1199 1200//1200 1284//1284 1283//1283
f 1200//1200 1201//1201 1285//1285 1284//1284
f 1201//1201 1202//1202 1286//1286 1285//1285
f 1202//1202 1203//1203 1287//1287 1286//1286
f 1203//1203 1204//1204 1288//1288 1287//1287
usemtl rock_shadow
f 1204//1204 1205//1205 1289//1289 1288//1288
usemtl rock_cold
f 1205//1205 1206//1206 1290//1290 1289//1289
usemtl rock_shadow
f 1206//1206 1207//1207 1291//1291 1290//1290
usemtl rock_cold
f 1207//1207 1208//1208 1292//1292 1291//1291
f 1208//1208 1209//1209 1293//1293 1292//1292
f 1209//1209 1210//1210 1294//1294 1293//1293
f 1210//1210 1211//1211 1295//1295 1294//1294
f 1211//1211 1212//1212 1296//1296 1295//1295
f 1212//1212 1213//1213 1297//1297 1296//1296
f 1213//1213 1214//1214 1298//1298 1297//1297
f 1214//1214 1215//1215 1299//1299 1298//1298
f 1215//1215 1216//1216 1300//1300 1299//1299
f 1216//1216 1217//1217 1301//1301 1300//1300
usemtl rock_warm
f 1217//1217 1218//1218 1302//1302 1301//1301
usemtl rock_cold
f 1218//1218 1219//1219 1303//1303 1302//1302
usemtl rock_warm
f 1219//1219 1220//1220 1304//1304 1303//1303
usemtl rock_cold
f 1220//1220 1221//1221 1305//1305 1304//1304
f 1221//1221 1222//1222 1306//1306 1305//1305
f 1222//1222 1223//1223 1307//1307 1306//1306
f 1223//1223 1224//1224 1308//1308 1307//1307
f 1224//1224 1225//1225 1309//1309 1308//1308
f 1225//1225 1226//1226 1310//1310 1309//1309
usemtl rock_shadow
f 1226//1226 1227//1227 1311//1311 1310//1310
usemtl rock_cold
f 1227//1227 1228//1228 1312//1312 1311//1311
f 1228//1228 1229//1229 1313//1313 1312//1312
f 1229//1229 1230//1230 1314//1314 1313//1313
usemtl rock_warm
f 1230//1230 1231//1231 1315//1315 1314//1314
usemtl rock_cold
f 1231//1231 1232//1232 1316//1316 1315//1315
f 1232//1232 1233//1233 1317//1317 1316//1316
f 1233//1233 1234//1234 1318//1318 1317//1317
f 1234//1234 1235//1235 1319//1319 1318//1318
f 1235//1235 1236//1236 1320//1320 1319//1319
f 1236//1236 1237//1237 1321//1321 1320//1320
usemtl rock_shadow
f 1237//1237 1238//1238 1322//1322 1321//1321
usemtl rock_cold
f 1238//1238 1239//1239 1323//1323 1322//1322
f 1239//1239 1240//1240 1324//1324 1323//1323
f 1240//1240 1241//1241 1325//1325 1324//1324
f 1241//1241 1242//1242 1326//1326 1325//1325
f 1242//1242 1243//1243 1327//1327 1326//1326
f 1243//1243 1244//1244 1328//1328 1327//1327
usemtl rock_warm
f 1244//1244 1245//1245 1329//1329 1328//1328
usemtl rock_cold
f 1245//1245 1246//1246 1330//1330 1329//1329
f 1246//1246 1247//1247 1331//1331 1330//1330
usemtl rock_warm
f 1247//1247 1248//1248 1332//1332 1331//1331
usemtl rock_shadow
f 1248//1248 1249//1249 1333//1333 1332//1332
usemtl rock_cold
f 1249//1249 1250//1250 1334//1334 1333//1333
usemtl rock_warm
f 1250//1250 1251//1251 1335//1335 1334//1334
usemtl rock_cold
f 1251//1251 1252//1252 1336//1336 1335//1335
f 1252//1252 1253//1253 1337//1337 1336//1336
f 1253//1253 1254//1254 1338//1338 1337//1337
f 1254//1254 1255//1255 1339//1339 1338//1338
f 1255//1255 1256//1256 1340//1340 1339//1339
f 1256//1256 1257//1257 1341//1341 1340//1340
f 1257//1257 1258//1258 1342//1342 1341//1341
f 1258//1258 1259//1259 1343//1343 1342//1342
f 1259//1259 1260//1260 1344//1344 1343//1343
f 1260//1260 1177//1177 1261//1261 1344//1344
f 1261//1261 1262//1262 1346//1346 1345//1345
f 1262//1262 1263//1263 1347//1347 1346//1346
f 1263//1263 1264//1264 1348//1348 1347//1347
f 1264//1264 1265//1265 1349//1349 1348//1348
f 1265//1265 1266//1266 1350//1350 1349//1349
f 1266//1266 1267//1267 1351//1351 1350//1350
f 1267//1267 1268//1268 1352//1352 1351//1351
f 1268//1268 1269//1269 1353//1353 1352//1352
f 1269//1269 1270//1270 1354//1354 1353//1353
usemtl rock_shadow
f 1270//1270 1271//1271 1355//1355 1354//1354
usemtl rock_cold
f 1271//1271 1272//1272 1356//1356 1355//1355
f 1272//1272 1273//1273 1357//1357 1356//1356
f 1273//1273 1274//1274 1358//1358 1357//1357
f 1274//1274 1275//1275 1359//1359 1358//1358
f 1275//1275 1276//1276 1360//1360 1359//1359
f 1276//1276 1277//1277 1361//1361 1360//1360
f 1277//1277 1278//1278 1362//1362 1361//1361
f 1278//1278 1279//1279 1363//1363 1362//1362
f 1279//1279 1280//1280 1364//1364 1363//1363
f 1280//1280 1281//1281 1365//1365 1364//1364
f 1281//1281 1282//1282 1366//1366 1365//1365
f 1282//1282 1283//1283 1367//1367 1366//1366
f 1283//1283 1284//1284 1368//1368 1367//1367
f 1284//1284 1285//1285 1369//1369 1368//1368
f 1285//1285 1286//1286 1370//1370 1369//1369
f 1286//1286 1287//1287 1371//1371 1370//1370
f 1287//1287 1288//1288 1372//1372 1371//1371
f 1288//1288 1289//1289 1373//1373 1372//1372
f 1289//1289 1290//1290 1374//1374 1373//1373
f 1290//1290 1291//1291 1375//1375 1374//1374
f 1291//1291 1292//1292 1376//1376 1375//1375
f 1292//1292 1293//1293 1377//1377 1376//1376
f 1293//1293 1294//1294 1378//1378 1377//1377
f 1294//1294 1295//1295 1379//1379 1378//1378
f 1295//1295 1296//1296 1380//1380 1379//1379
f 1296//1296 1297//1297 1381//1381 1380//1380
f 1297//1297 1298//1298 1382//1382 1381//1381
f 1298//1298 1299//1299 1383//1383 1382//1382
f 1299//1299 1300//1300 1384//1384 1383//1383
f 1300//1300 1301//1301 1385//1385 1384//1384
f 1301//1301 1302//1302 1386//1386 1385//1385
f 1302//1302 1303//1303 1387//1387 1386//1386
f 1303//1303 1304//1304 1388//1388 1387//1387
f 1304//1304 1305//1305 1389//1389 1388//1388
f 1305//1305 1306//1306 1390//1390 1389//1389
f 1306//1306 1307//1307 1391//1391 1390//1390
f 1307//1307 1308//1308 1392//1392 1391//1391
usemtl rock_shadow
f 1308//1308 1309//1309 1393//1393 1392//1392
usemtl rock_cold
f 1309//1309 1310//1310 1394//1394 1393//1393
f 1310//1310 1311//1311 1395//1395 1394//1394
f 1311//1311 1312//1312 1396//1396 1395//1395
f 1312//1312 1313//1313 1397//1397 1396//1396
f 1313//1313 1314//1314 1398//1398 1397//1397
f 1314//1314 1315//1315 1399//1399 1398//1398
f 1315//1315 1316//1316 1400//1400 1399//1399
f 1316//1316 1317//1317 1401//1401 1400//1400
f 1317//1317 1318//1318 1402//1402 1401//1401
f 1318//1318 1319//1319 1403//1403 1402//1402
usemtl rock_shadow
f 1319//1319 1320//1320 1404//1404 1403//1403
usemtl rock_cold
f 1320//1320 1321//1321 1405//1405 1404//1404
usemtl rock_shadow
f 1321//1321 1322//1322 1406//1406 1405//1405
usemtl rock_cold
f 1322//1322 1323//1323 1407//1407 1406//1406
f 1323//1323 1324//1324 1408//1408 1407//1407
f 1324//1324 1325//1325 1409//1409 1408//1408
usemtl rock_warm
f 1325//1325 1326//1326 1410//1410 1409//1409
usemtl rock_cold
f 1326//1326 1327//1327 1411//1411 1410//1410
f 1327//1327 1328//1328 1412//1412 1411//1411
usemtl rock_warm
f 1328//1328 1329//1329 1413//1413 1412//1412
usemtl rock_cold
f 1329//1329 1330//1330 1414//1414 1413//1413
f 1330//1330 1331//1331 1415//1415 1414//1414
f 1331//1331 1332//1332 1416//1416 1415//1415
f 1332//1332 1333//1333 1417//1417 1416//1416
f 1333//1333 1334//1334 1418//1418 1417//1417
f 1334//1334 1335//1335 1419//1419 1418//1418
f 1335//1335 1336//1336 1420//1420 1419//1419
f 1336//1336 1337//1337 1421//1421 1420//1420
f 1337//1337 1338//1338 1422//1422 1421//1421
f 1338//1338 1339//1339 1423//1423 1422//1422
f 1339//1339 1340//1340 1424//1424 1423//1423
usemtl rock_warm
f 1340//1340 1341//1341 1425//1425 1424//1424
f 1341//1341 1342//1342 1426//1426 1425//1425
usemtl rock_cold
f 1342//1342 1343//1343 1427//1427 1426//1426
f 1343//1343 1344//1344 1428//1428 1427//1427
f 1344//1344 1261//1261 1345//1345 1428//1428
f 1345//1345 1346//1346 1430//1430 1429//1429
f 1346//1346 1347//1347 1431//1431 1430//1430
f 1347//1347 1348//1348 1432//1432 1431//1431
f 1348//1348 1349//1349 1433//1433 1432//1432
f 1349//1349 1350//1350 1434//1434 1433//1433
f 1350//1350 1351//1351 1435//1435 1434//1434
f 1351//1351 1352//1352 1436//1436 1435//1435
f 1352//1352 1353//1353 1437//1437 1436//1436
usemtl rock_warm
f 1353//1353 1354//1354 1438//1438 1437//1437
usemtl rock_cold
f 1354//1354 1355//1355 1439//1439 1438//1438
f 1355//1355 1356//1356 1440//1440 1439//1439
f 1356//1356 1357//1357 1441//1441 1440//1440
f 1357//1357 1358//1358 1442//1442 1441//1441
usemtl rock_warm
f 1358//1358 1359//1359 1443//1443 1442//1442
usemtl rock_cold
f 1359//1359 1360//1360 1444//1444 1443//1443
f 1360//1360 1361//1361 1445//1445 1444//1444
f 1361//1361 1362//1362 1446//1446 1445//1445
f 1362//1362 1363//1363 1447//1447 1446//1446
f 1363//1363 1364//1364 1448//1448 1447//1447
f 1364//1364 1365//1365 1449//1449 1448//1448
f 1365//1365 1366//1366 1450//1450 1449//1449
usemtl rock_shadow
f 1366//1366 1367//1367 1451//1451 1450//1450
usemtl rock_cold
f 1367//1367 1368//1368 1452//1452 1451//1451
usemtl rock_shadow
f 1368//1368 1369//1369 1453//1453 1452//1452
usemtl rock_cold
f 1369//1369 1370//1370 1454//1454 1453//1453
f 1370//1370 1371//1371 1455//1455 1454//1454
usemtl rock_shadow
f 1371//1371 1372//1372 1456//1456 1455//1455
f 1372//1372 1373//1373 1457//1457 1456//1456
usemtl rock_cold
f 1373//1373 1374//1374 1458//1458 1457//1457
f 1374//1374 1375//1375 1459//1459 1458//1458
f 1375//1375 1376//1376 1460//1460 1459//1459
f 1376//1376 1377//1377 1461//1461 1460//1460
f 1377//1377 1378//1378 1462//1462 1461//1461
usemtl rock_warm
f 1378//1378 1379//1379 1463//1463 1462//1462
usemtl rock_cold
f 1379//1379 1380//1380 1464//1464 1463//1463
f 1380//1380 1381//1381 1465//1465 1464//1464
f 1381//1381 1382//1382 1466//1466 1465//1465
f 1382//1382 1383//1383 1467//1467 1466//1466
f 1383//1383 1384//1384 1468//1468 1467//1467
f 1384//1384 1385//1385 1469//1469 1468//1468
f 1385//1385 1386//1386 1470//1470 1469//1469
f 1386//1386 1387//1387 1471//1471 1470//1470
f 1387//1387 1388//1388 1472//1472 1471//1471
f 1388//1388 1389//1389 1473//1473 1472//1472
f 1389//1389 1390//1390 1474//1474 1473//1473
f 1390//1390 1391//1391 1475//1475 1474//1474
f 1391//1391 1392//1392 1476//1476 1475//1475
f 1392//1392 1393//1393 1477//1477 1476//1476
f 1393//1393 1394//1394 1478//1478 1477//1477
f 1394//1394 1395//1395 1479//1479 1478//1478
f 1395//1395 1396//1396 1480//1480 1479//1479
f 1396//1396 1397//1397 1481//1481 1480//1480
f 1397//1397 1398//1398 1482//1482 1481//1481
f 1398//1398 1399//1399 1483//1483 1482//1482
f 1399//1399 1400//1400 1484//1484 1483//1483
f 1400//1400 1401//1401 1485//1485 1484//1484
f 1401//1401 1402//1402 1486//1486 1485//1485
f 1402//1402 1403//1403 1487//1487 1486//1486
usemtl rock_warm
f 1403//1403 1404//1404 1488//1488 1487//1487
usemtl rock_cold
f 1404//1404 1405//1405 1489//1489 1488//1488
f 1405//1405 1406//1406 1490//1490 1489//1489
f 1406//1406 1407//1407 1491//1491 1490//1490
f 1407//1407 1408//1408 1492//1492 1491//1491
f 1408//1408 1409//1409 1493//1493 1492//1492
usemtl rock_warm
f 1409//1409 1410//1410 1494//1494 1493//1493
usemtl rock_cold
f 1410//1410 1411//1411 1495//1495 1494//1494
f 1411//1411 1412//1412 1496//1496 1495//1495
f 1412//1412 1413//1413 1497//1497 1496//1496
f 1413//1413 1414//1414 1498//1498 1497//1497
f 1414//1414 1415//1415 1499//1499 1498//1498
f 1415//1415 1416//1416 1500//1500 1499//1499
f 1416//1416 1417//1417 1501//1501 1500//1500
f 1417//1417 1418//1418 1502//1502 1501//1501
f 1418//1418 1419//1419 1503//1503 1502//1502
f 1419//1419 1420//1420 1504//1504 1503//1503
f 1420//1420 1421//1421 1505//1505 1504//1504
f 1421//1421 1422//1422 1506//1506 1505//1505
f 1422//1422 1423//1423 1507//1507 1506//1506
usemtl rock_shadow
f 1423//1423 1424//1424 1508//1508 1507//1507
usemtl rock_cold
f 1424//1424 1425//1425 1509//1509 1508//1508
f 1425//1425 1426//1426 1510//1510 1509//1509
usemtl rock_shadow
f 1426//1426 1427//1427 1511//1511 1510//1510
usemtl rock_cold
f 1427//1427 1428//1428 1512//1512 1511//1511
f 1428//1428 1345//1345 1429//1429 1512//1512
f 1429//1429 1430//1430 1514//1514 1513//1513
f 1430//1430 1431//1431 1515//1515 1514//1514
f 1431//1431 1432//1432 1516//1516 1515//1515
f 1432//1432 1433//1433 1517//1517 1516//1516
f 1433//1433 1434//1434 1518//1518 1517//1517
f 1434//1434 1435//1435 1519//1519 1518//1518
f 1435//1435 1436//1436 1520//1520 1519//1519
f 1436//1436 1437//1437 1521//1521 1520//1520
f 1437//1437 1438//1438 1522//1522 1521//1521
f 1438//1438 1439//1439 1523//1523 1522//1522
f 1439//1439 1440//1440 1524//1524 1523//1523
f 1440//1440 1441//1441 1525//1525 1524//1524
f 1441//1441 1442//1442 1526//1526 1525//1525
f 1442//1442 1443//1443 1527//1527 1526//1526
f 1443//1443 1444//1444 1528//1528 1527//1527
f 1444//1444 1445//1445 1529//1529 1528//1528
f 1445//1445 1446//1446 1530//1530 1529//1529
f 1446//1446 1447//1447 1531//1531 1530//1530
f 1447//1447 1448//1448 1532//1532 1531//1531
f 1448//1448 1449//1449 1533//1533 1532//1532
usemtl rock_warm
f 1449//1449 1450//1450 1534//1534 1533//1533
usemtl rock_cold
f 1450//1450 1451//1451 1535//1535 1534//1534
f 1451//1451 1452//1452 1536//1536 1535//1535
f 1452//1452 1453//1453 1537//1537 1536//1536
usemtl rock_warm
f 1453//1453 1454//1454 1538//1538 1537//1537
f 1454//1454 1455//1455 1539//1539 1538//1538
usemtl rock_cold
f 1455//1455 1456//1456 1540//1540 1539//1539
usemtl rock_shadow
f 1456//1456 1457//1457 1541//1541 1540//1540
usemtl rock_cold
f 1457//1457 1458//1458 1542//1542 1541//1541
f 1458//1458 1459//1459 1543//1543 1542//1542
f 1459//1459 1460//1460 1544//1544 1543//1543
f 1460//1460 1461//1461 1545//1545 1544//1544
f 1461//1461 1462//1462 1546//1546 1545//1545
f 1462//1462 1463//1463 1547//1547 1546//1546
f 1463//1463 1464//1464 1548//1548 1547//1547
usemtl rock_warm
f 1464//1464 1465//1465 1549//1549 1548//1548
usemtl rock_cold
f 1465//1465 1466//1466 1550//1550 1549//1549
f 1466//1466 1467//1467 1551//1551 1550//1550
f 1467//1467 1468//1468 1552//1552 1551//1551
usemtl rock_shadow
f 1468//1468 1469//1469 1553//1553 1552//1552
usemtl rock_cold
f 1469//1469 1470//1470 1554//1554 1553//1553
f 1470//1470 1471//1471 1555//1555 1554//1554
f 1471//1471 1472//1472 1556//1556 1555//1555
f 1472//1472 1473//1473 1557//1557 1556//1556
f 1473//1473 1474//1474 1558//1558 1557//1557
f 1474//1474 1475//1475 1559//1559 1558//1558
f 1475//1475 1476//1476 1560//1560 1559//1559
f 1476//1476 1477//1477 1561//1561 1560//1560
f 1477//1477 1478//1478 1562//1562 1561//1561
f 1478//1478 1479//1479 1563//1563 1562//1562
f 1479//1479 1480//1480 1564//1564 1563//1563
f 1480//1480 1481//1481 1565//1565 1564//1564
f 1481//1481 1482//1482 1566//1566 1565//1565
f 1482//1482 1483//1483 1567//1567 1566//1566
f 1483//1483 1484//1484 1568//1568 1567//1567
f 1484//1484 1485//1485 1569//1569 1568//1568
f 1485//1485 1486//1486 1570//1570 1569//1569
f 1486//1486 1487//1487 1571//1571 1570//1570
f 1487//1487 1488//1488 1572//1572 1571//1571
f 1488//1488 1489//1489 1573//1573 1572//1572
f 1489//1489 1490//1490 1574//1574 1573//1573
f 1490//1490 1491//1491 1575//1575 1574//1574
f 1491//1491 1492//1492 1576//1576 1575//1575
f 1492//1492 1493//1493 1577//1577 1576//1576
usemtl rock_shadow
f 1493//1493 1494//1494 1578//1578 1577//1577
usemtl rock_cold
f 1494//1494 1495//1495 1579//1579 1578//1578
f 1495//1495 1496//1496 1580//1580 1579//1579
f 1496//1496 1497//1497 1581//1581 1580//1580
f 1497//1497 1498//1498 1582//1582 1581//1581
f 1498//1498 1499//1499 1583//1583 1582//1582
f 1499//1499 1500//1500 1584//1584 1583//1583
f 1500//1500 1501//1501 1585//1585 1584//1584
usemtl rock_shadow
f 1501//1501 1502//1502 1586//1586 1585//1585
usemtl rock_cold
f 1502//1502 1503//1503 1587//1587 1586//1586
f 1503//1503 1504//1504 1588//1588 1587//1587
f 1504//1504 1505//1505 1589//1589 1588//1588
f 1505//1505 1506//1506 1590//1590 1589//1589
f 1506//1506 1507//1507 1591//1591 1590//1590
usemtl rock_warm
f 1507//1507 1508//1508 1592//1592 1591//1591
usemtl rock_shadow
f 1508//1508 1509//1509 1593//1593 1592//1592
usemtl rock_cold
f 1509//1509 1510//1510 1594//1594 1593//1593
f 1510//1510 1511//1511 1595//1595 1594//1594
f 1511//1511 1512//1512 1596//1596 1595//1595
f 1512//1512 1429//1429 1513//1513 1596//1596
f 1513//1513 1514//1514 1598//1598 1597//1597
f 1514//1514 1515//1515 1599//1599 1598//1598
f 1515//1515 1516//1516 1600//1600 1599//1599
f 1516//1516 1517//1517 1601//1601 1600//1600
f 1517//1517 1518//1518 1602//1602 1601//1601
usemtl rock_warm
f 1518//1518 1519//1519 1603//1603 1602//1602
usemtl rock_cold
f 1519//1519 1520//1520 1604//1604 1603//1603
f 1520//1520 1521//1521 1605//1605 1604//1604
f 1521//1521 1522//1522 1606//1606 1605//1605
f 1522//1522 1523//1523 1607//1607 1606//1606
f 1523//1523 1524//1524 1608//1608 1607//1607
f 1524//1524 1525//1525 1609//1609 1608//1608
f 1525//1525 1526//1526 1610//1610 1609//1609
f 1526//1526 1527//1527 1611//1611 1610//1610
usemtl rock_warm
f 1527//1527 1528//1528 1612//1612 1611//1611
usemtl rock_cold
f 1528//1528 1529//1529 1613//1613 1612//1612
f 1529//1529 1530//1530 1614//1614 1613//1613
f 1530//1530 1531//1531 1615//1615 1614//1614
f 1531//1531 1532//1532 1616//1616 1615//1615
f 1532//1532 1533//1533 1617//1617 1616//1616
f 1533//1533 1534//1534 1618//1618 1617//1617
f 1534//1534 1535//1535 1619//1619 1618//1618
f 1535//1535 1536//1536 1620//1620 1619//1619
f 1536//1536 1537//1537 1621//1621 1620//1620
usemtl rock_shadow
f 1537//1537 1538//1538 1622//1622 1621//1621
usemtl rock_warm
f 1538//1538 1539//1539 1623//1623 1622//1622
usemtl rock_cold
f 1539//1539 1540//1540 1624//1624 1623//1623
f 1540//1540 1541//1541 1625//1625 1624//1624
f 1541//1541 1542//1542 1626//1626 1625//1625
f 1542//1542 1543//1543 1627//1627 1626//1626
f 1543//1543 1544//1544 1628//1628 1627//1627
f 1544//1544 1545//1545 1629//1629 1628//1628
f 1545//1545 1546//1546 1630//1630 1629//1629
f 1546//1546 1547//1547 1631//1631 1630//1630
f 1547//1547 1548//1548 1632//1632 1631//1631
f 1548//1548 1549//1549 1633//1633 1632//1632
f 1549//1549 1550//1550 1634//1634 1633//1633
f 1550//1550 1551//1551 1635//1635 1634//1634
f 1551//1551 1552//1552 1636//1636 1635//1635
f 1552//1552 1553//1553 1637//1637 1636//1636
f 1553//1553 1554//1554 1638//1638 1637//1637
f 1554//1554 1555//1555 1639//1639 1638//1638
usemtl rock_shadow
f 1555//1555 1556//1556 1640//1640 1639//1639
usemtl rock_cold
f 1556//1556 1557//1557 1641//1641 1640//1640
f 1557//1557 1558//1558 1642//1642 1641//1641
f 1558//1558 1559//1559 1643//1643 1642//1642
usemtl rock_shadow
f 1559//1559 1560//1560 1644//1644 1643//1643
usemtl rock_cold
f 1560//1560 1561//1561 1645//1645 1644//1644
f 1561//1561 1562//1562 1646//1646 1645//1645
f 1562//1562 1563//1563 1647//1647 1646//1646
usemtl rock_warm
f 1563//1563 1564//1564 1648//1648 1647//1647
usemtl rock_cold
f 1564//1564 1565//1565 1649//1649 1648//1648
f 1565//1565 1566//1566 1650//1650 1649//1649
f 1566//1566 1567//1567 1651//1651 1650//1650
f 1567//1567 1568//1568 1652//1652 1651//1651
f 1568//1568 1569//1569 1653//1653 1652//1652
usemtl rock_shadow
f 1569//1569 1570//1570 1654//1654 1653//1653
usemtl rock_cold
f 1570//1570 1571//1571 1655//1655 1654//1654
f 1571//1571 1572//1572 1656//1656 1655//1655
f 1572//1572 1573//1573 1657//1657 1656//1656
f 1573//1573 1574//1574 1658//1658 1657//1657
f 1574//1574 1575//1575 1659//1659 1658//1658
f 1575//1575 1576//1576 1660//1660 1659//1659
f 1576//1576 1577//1577 1661//1661 1660//1660
f 1577//1577 1578//1578 1662//1662 1661//1661
f 1578//1578 1579//1579 1663//1663 1662//1662
f 1579//1579 1580//1580 1664//1664 1663//1663
f 1580//1580 1581//1581 1665//1665 1664//1664
f 1581//1581 1582//1582 1666//1666 1665//1665
f 1582//1582 1583//1583 1667//1667 1666//1666
f 1583//1583 1584//1584 1668//1668 1667//1667
f 1584//1584 1585//1585 1669//1669 1668//1668
f 1585//1585 1586//1586 1670//1670 1669//1669
usemtl rock_shadow
f 1586//1586 1587//1587 1671//1671 1670//1670
usemtl rock_cold
f 1587//1587 1588//1588 1672//1672 1671//1671
usemtl rock_warm
f 1588//1588 1589//1589 1673//1673 1672//1672
usemtl rock_cold
f 1589//1589 1590//1590 1674//1674 1673//1673
f 1590//1590 1591//1591 1675//1675 1674//1674
f 1591//1591 1592//1592 1676//1676 1675//1675
f 1592//1592 1593//1593 1677//1677 1676//1676
f 1593//1593 1594//1594 1678//1678 1677//1677
f 1594//1594 1595//1595 1679//1679 1678//1678
usemtl rock_shadow
f 1595//1595 1596//1596 1680//1680 1679//1679
usemtl rock_cold
f 1596//1596 1513//1513 1597//1597 1680//1680
f 1597//1597 1598//1598 1682//1682 1681//1681
f 1598//1598 1599//1599 1683//1683 1682//1682
f 1599//1599 1600//1600 1684//1684 1683//1683
f 1600//1600 1601//1601 1685//1685 1684//1684
usemtl rock_warm
f 1601//1601 1602//1602 1686//1686 1685//1685
usemtl rock_cold
f 1602//1602 1603//1603 1687//1687 1686//1686
f 1603//1603 1604//1604 1688//1688 1687//1687
f 1604//1604 1605//1605 1689//1689 1688//1688
f 1605//1605 1606//1606 1690//1690 1689//1689
f 1606//1606 1607//1607 1691//1691 1690//1690
f 1607//1607 1608//1608 1692//1692 1691//1691
f 1608//1608 1609//1609 1693//1693 1692//1692
f 1609//1609 1610//1610 1694//1694 1693//1693
f 1610//1610 1611//1611 1695//1695 1694//1694
f 1611//1611 1612//1612 1696//1696 1695//1695
f 1612//1612 1613//1613 1697//1697 1696//1696
f 1613//1613 1614//1614 1698//1698 1697//1697
f 1614//1614 1615//1615 1699//1699 1698//1698
f 1615//1615 1616//1616 1700//1700 1699//1699
usemtl rock_warm
f 1616//1616 1617//1617 1701//1701 1700//1700
usemtl rock_cold
f 1617//1617 1618//1618 1702//1702 1701//1701
f 1618//1618 1619//1619 1703//1703 1702//1702
usemtl rock_shadow
f 1619//1619 1620//1620 1704//1704 1703//1703
usemtl rock_cold
f 1620//1620 1621//1621 1705//1705 1704//1704
f 1621//1621 1622//1622 1706//1706 1705//1705
f 1622//1622 1623//1623 1707//1707 1706//1706
usemtl rock_warm
f 1623//1623 1624//1624 1708//1708 1707//1707
usemtl rock_cold
f 1624//1624 1625//1625 1709//1709 1708//1708
f 1625//1625 1626//1626 1710//1710 1709//1709
f 1626//1626 1627//1627 1711//1711 1710//1710
f 1627//1627 1628//1628 1712//1712 1711//1711
f 1628//1628 1629//1629 1713//1713 1712//1712
f 1629//1629 1630//1630 1714//1714 1713//1713
f 1630//1630 1631//1631 1715//1715 1714//1714
f 1631//1631 1632//1632 1716//1716 1715//1715
f 1632//1632 1633//1633 1717//1717 1716//1716
f 1633//1633 1634//1634 1718//1718 1717//1717
f 1634//1634 1635//1635 1719//1719 1718//1718
f 1635//1635 1636//1636 1720//1720 1719//1719
f 1636//1636 1637//1637 1721//1721 1720//1720
usemtl rock_warm
f 1637//1637 1638//1638 1722//1722 1721//1721
usemtl rock_cold
f 1638//1638 1639//1639 1723//1723 1722//1722
f 1639//1639 1640//1640 1724//1724 1723//1723
f 1640//1640 1641//1641 1725//1725 1724//1724
f 1641//1641 1642//1642 1726//1726 1725//1725
f 1642//1642 1643//1643 1727//1727 1726//1726
f 1643//1643 1644//1644 1728//1728 1727//1727
usemtl rock_warm
f 1644//1644 1645//1645 1729//1729 1728//1728
usemtl rock_cold
f 1645//1645 1646//1646 1730//1730 1729//1729
usemtl rock_shadow
f 1646//1646 1647//1647 1731//1731 1730//1730
usemtl rock_cold
f 1647//1647 1648//1648 1732//1732 1731//1731
f 1648//1648 1649//1649 1733//1733 1732//1732
f 1649//1649 1650//1650 1734//1734 1733//1733
usemtl rock_warm
f 1650//1650 1651//1651 1735//1735 1734//1734
usemtl rock_cold
f 1651//1651 1652//1652 1736//1736 1735//1735
usemtl rock_warm
f 1652//1652 1653//1653 1737//1737 1736//1736
usemtl rock_cold
f 1653//1653 1654//1654 1738//1738 1737//1737
f 1654//1654 1655//1655 1739//1739 1738//1738
usemtl rock_shadow
f 1655//1655 1656//1656 1740//1740 1739//1739
usemtl rock_cold
f 1656//1656 1657//1657 1741//1741 1740//1740
f 1657//1657 1658//1658 1742//1742 1741//1741
f 1658//1658 1659//1659 1743//1743 1742//1742
f 1659//1659 1660//1660 1744//1744 1743//1743
f 1660//1660 1661//1661 1745//1745 1744//1744
f 1661//1661 1662//1662 1746//1746 1745//1745
usemtl rock_shadow
f 1662//1662 1663//1663 1747//1747 1746//1746
usemtl rock_warm
f 1663//1663 1664//1664 1748//1748 1747//1747
usemtl rock_cold
f 1664//1664 1665//1665 1749//1749 1748//1748
f 1665//1665 1666//1666 1750//1750 1749//1749
f 1666//1666 1667//1667 1751//1751 1750//1750
f 1667//1667 1668//1668 1752//1752 1751//1751
f 1668//1668 1669//1669 1753//1753 1752//1752
f 1669//1669 1670//1670 1754//1754 1753//1753
f 1670//1670 1671//1671 1755//1755 1754//1754
f 1671//1671 1672//1672 1756//1756 1755//1755
f 1672//1672 1673//1673 1757//1757 1756//1756
f 1673//1673 1674//1674 1758//1758 1757//1757
f 1674//1674 1675//1675 1759//1759 1758//1758
f 1675//1675 1676//1676 1760//1760 1759//1759
usemtl rock_warm
f 1676//1676 1677//1677 1761//1761 1760//1760
usemtl rock_cold
f 1677//1677 1678//1678 1762//1762 1761//1761
f 1678//1678 1679//1679 1763//1763 1762//1762
usemtl rock_shadow
f 1679//1679 1680//1680 1764//1764 1763//1763
f 1680//1680 1597//1597 1681//1681 1764//1764
usemtl rock_cold
f 1681//1681 1682//1682 1766//1766 1765//1765
f 1682//1682 1683//1683 1767//1767 1766//1766
usemtl rock_shadow
f 1683//1683 1684//1684 1768//1768 1767//1767
usemtl rock_cold
f 1684//1684 1685//1685 1769//1769 1768//1768
f 1685//1685 1686//1686 1770//1770 1769//1769
f 1686//1686 1687//1687 1771//1771 1770//1770
f 1687//1687 1688//1688 1772//1772 1771//1771
f 1688//1688 1689//1689 1773//1773 1772//1772
f 1689//1689 1690//1690 1774//1774 1773//1773
usemtl rock_warm
f 1690//1690 1691//1691 1775//1775 1774//1774
usemtl rock_cold
f 1691//1691 1692//1692 1776//1776 1775//1775
f 1692//1692 1693//1693 1777//1777 1776//1776
f 1693//1693 1694//1694 1778//1778 1777//1777
usemtl rock_warm
f 1694//1694 1695//1695 1779//1779 1778//1778
usemtl rock_cold
f 1695//1695 1696//1696 1780//1780 1779//1779
usemtl rock_warm
f 1696//1696 1697//1697 1781//1781 1780//1780
usemtl rock_cold
f 1697//1697 1698//1698 1782//1782 1781//1781
usemtl rock_shadow
f 1698//1698 1699//1699 1783//1783 1782//1782
usemtl rock_cold
f 1699//1699 1700//1700 1784//1784 1783//1783
f 1700//1700 1701//1701 1785//1785 1784//1784
usemtl rock_warm
f 1701//1701 1702//1702 1786//1786 1785//1785
usemtl rock_cold
f 1702//1702 1703//1703 1787//1787 1786//1786
f 1703//1703 1704//1704 1788//1788 1787//1787
usemtl rock_shadow
f 1704//1704 1705//1705 1789//1789 1788//1788
usemtl rock_cold
f 1705//1705 1706//1706 1790//1790 1789//1789
f 1706//1706 1707//1707 1791//1791 1790//1790
f 1707//1707 1708//1708 1792//1792 1791//1791
usemtl rock_shadow
f 1708//1708 1709//1709 1793//1793 1792//1792
usemtl rock_cold
f 1709//1709 1710//1710 1794//1794 1793//1793
f 1710//1710 1711//1711 1795//1795 1794//1794
usemtl rock_shadow
f 1711//1711 1712//1712 1796//1796 1795//1795
usemtl rock_cold
f 1712//1712 1713//1713 1797//1797 1796//1796
f 1713//1713 1714//1714 1798//1798 1797//1797
f 1714//1714 1715//1715 1799//1799 1798//1798
f 1715//1715 1716//1716 1800//1800 1799//1799
f 1716//1716 1717//1717 1801//1801 1800//1800
f 1717//1717 1718//1718 1802//1802 1801//1801
f 1718//1718 1719//1719 1803//1803 1802//1802
f 1719//1719 1720//1720 1804//1804 1803//1803
f 1720//1720 1721//1721 1805//1805 1804//1804
f 1721//1721 1722//1722 1806//1806 1805//1805
f 1722//1722 1723//1723 1807//1807 1806//1806
f 1723//1723 1724//1724 1808//1808 1807//1807
f 1724//1724 1725//1725 1809//1809 1808//1808
f 1725//1725 1726//1726 1810//1810 1809//1809
f 1726//1726 1727//1727 1811//1811 1810//1810
f 1727//1727 1728//1728 1812//1812 1811//1811
f 1728//1728 1729//1729 1813//1813 1812//1812
f 1729//1729 1730//1730 1814//1814 1813//1813
usemtl rock_shadow
f 1730//1730 1731//1731 1815//1815 1814//1814
usemtl rock_cold
f 1731//1731 1732//1732 1816//1816 1815//1815
usemtl rock_warm
f 1732//1732 1733//1733 1817//1817 1816//1816
usemtl rock_cold
f 1733//1733 1734//1734 1818//1818 1817//1817
f 1734//1734 1735//1735 1819//1819 1818//1818
usemtl rock_shadow
f 1735//1735 1736//1736 1820//1820 1819//1819
usemtl rock_cold
f 1736//1736 1737//1737 1821//1821 1820//1820
f 1737//1737 1738//1738 1822//1822 1821//1821
usemtl rock_warm
f 1738//1738 1739//1739 1823//1823 1822//1822
usemtl rock_cold
f 1739//1739 1740//1740 1824//1824 1823//1823
f 1740//1740 1741//1741 1825//1825 1824//1824
f 1741//1741 1742//1742 1826//1826 1825//1825
f 1742//1742 1743//1743 1827//1827 1826//1826
f 1743//1743 1744//1744 1828//1828 1827//1827
f 1744//1744 1745//1745 1829//1829 1828//1828
f 1745//1745 1746//1746 1830//1830 1829//1829
f 1746//1746 1747//1747 1831//1831 1830//1830
f 1747//1747 1748//1748 1832//1832 1831//1831
f 1748//1748 1749//1749 1833//1833 1832//1832
f 1749//1749 1750//1750 1834//1834 1833//1833
f 1750//1750 1751//1751 1835//1835 1834//1834
f 1751//1751 1752//1752 1836//1836 1835//1835
f 1752//1752 1753//1753 1837//1837 1836//1836
f 1753//1753 1754//1754 1838//1838 1837//1837
usemtl rock_shadow
f 1754//1754 1755//1755 1839//1839 1838//1838
usemtl rock_cold
f 1755//1755 1756//1756 1840//1840 1839//1839
usemtl rock_shadow
f 1756//1756 1757//1757 1841//1841 1840//1840
usemtl rock_cold
f 1757//1757 1758//1758 1842//1842 1841//1841
f 1758//1758 1759//1759 1843//1843 1842//1842
f 1759//1759 1760//1760 1844//1844 1843//1843
usemtl rock_shadow
f 1760//1760 1761//1761 1845//1845 1844//1844
usemtl rock_cold
f 1761//1761 1762//1762 1846//1846 1845//1845
f 1762//1762 1763//1763 1847//1847 1846//1846
f 1763//1763 1764//1764 1848//1848 1847//1847
f 1764//1764 1681//1681 1765//1765 1848//1848
usemtl rock_shadow
f 1765//1765 1766//1766 1850//1850 1849//1849
usemtl rock_warm
f 1766//1766 1767//1767 1851//1851 1850//1850
usemtl rock_cold
f 1767//1767 1768//1768 1852//1852 1851//1851
usemtl rock_shadow
f 1768//1768 1769//1769 1853//1853 1852//1852
usemtl rock_cold
f 1769//1769 1770//1770 1854//1854 1853//1853
usemtl rock_warm
f 1770//1770 1771//1771 1855//1855 1854//1854
usemtl rock_cold
f 1771//1771 1772//1772 1856//1856 1855//1855
f 1772//1772 1773//1773 1857//1857 1856//1856
f 1773//1773 1774//1774 1858//1858 1857//1857
f 1774//1774 1775//1775 1859//1859 1858//1858
usemtl rock_shadow
f 1775//1775 1776//1776 1860//1860 1859//1859
usemtl rock_cold
f 1776//1776 1777//1777 1861//1861 1860//1860
f 1777//1777 1778//1778 1862//1862 1861//1861
f 1778//1778 1779//1779 1863//1863 1862//1862
f 1779//1779 1780//1780 1864//1864 1863//1863
usemtl rock_warm
f 1780//1780 1781//1781 1865//1865 1864//1864
usemtl rock_cold
f 1781//1781 1782//1782 1866//1866 1865//1865
f 1782//1782 1783//1783 1867//1867 1866//1866
f 1783//1783 1784//1784 1868//1868 1867//1867
f 1784//1784 1785//1785 1869//1869 1868//1868
f 1785//1785 1786//1786 1870//1870 1869//1869
f 1786//1786 1787//1787 1871//1871 1870//1870
f 1787//1787 1788//1788 1872//1872 1871//1871
f 1788//1788 1789//1789 1873//1873 1872//1872
f 1789//1789 1790//1790 1874//1874 1873//1873
f 1790//1790 1791//1791 1875//1875 1874//1874
f 1791//1791 1792//1792 1876//1876 1875//1875
f 1792//1792 1793//1793 1877//1877 1876//1876
usemtl rock_shadow
f 1793//1793 1794//1794 1878//1878 1877//1877
usemtl rock_cold
f 1794//1794 1795//1795 1879//1879 1878//1878
usemtl rock_warm
f 1795//1795 1796//1796 1880//1880 1879//1879
usemtl rock_cold
f 1796//1796 1797//1797 1881//1881 1880//1880
f 1797//1797 1798//1798 1882//1882 1881//1881
f 1798//1798 1799//1799 1883//1883 1882//1882
usemtl rock_warm
f 1799//1799 1800//1800 1884//1884 1883//1883
usemtl rock_cold
f 1800//1800 1801//1801 1885//1885 1884//1884
usemtl rock_warm
f 1801//1801 1802//1802 1886//1886 1885//1885
usemtl rock_cold
f 1802//1802 1803//1803 1887//1887 1886//1886
f 1803//1803 1804//1804 1888//1888 1887//1887
f 1804//1804 1805//1805 1889//1889 1888//1888
f 1805//1805 1806//1806 1890//1890 1889//1889
usemtl rock_shadow
f 1806//1806 1807//1807 1891//1891 1890//1890
usemtl rock_cold
f 1807//1807 1808//1808 1892//1892 1891//1891
usemtl rock_shadow
f 1808//1808 1809//1809 1893//1893 1892//1892
usemtl rock_cold
f 1809//1809 1810//1810 1894//1894 1893//1893
f 1810//1810 1811//1811 1895//1895 1894//1894
f 1811//1811 1812//1812 1896//1896 1895//1895
f 1812//1812 1813//1813 1897//1897 1896//1896
usemtl rock_warm
f 1813//1813 1814//1814 1898//1898 1897//1897
usemtl rock_cold
f 1814//1814 1815//1815 1899//1899 1898//1898
f 1815//1815 1816//1816 1900//1900 1899//1899
usemtl rock_shadow
f 1816//1816 1817//1817 1901//1901 1900//1900
usemtl rock_cold
f 1817//1817 1818//1818 1902//1902 1901//1901
f 1818//1818 1819//1819 1903//1903 1902//1902
f 1819//1819 1820//1820 1904//1904 1903//1903
f 1820//1820 1821//1821 1905//1905 1904//1904
f 1821//1821 1822//1822 1906//1906 1905//1905
usemtl rock_shadow
f 1822//1822 1823//1823 1907//1907 1906//1906
usemtl rock_cold
f 1823//1823 1824//1824 1908//1908 1907//1907
f 1824//1824 1825//1825 1909//1909 1908//1908
f 1825//1825 1826//1826 1910//1910 1909//1909
f 1826//1826 1827//1827 1911//1911 1910//1910
usemtl rock_shadow
f 1827//1827 1828//1828 1912//1912 1911//1911
usemtl rock_cold
f 1828//1828 1829//1829 1913//1913 1912//1912
f 1829//1829 1830//1830 1914//1914 1913//1913
f 1830//1830 1831//1831 1915//1915 1914//1914
f 1831//1831 1832//1832 1916//1916 1915//1915
f 1832//1832 1833//1833 1917//1917 1916//1916
f 1833//1833 1834//1834 1918//1918 1917//1917
f 1834//1834 1835//1835 1919//1919 1918//1918
usemtl rock_shadow
f 1835//1835 1836//1836 1920//1920 1919//1919
usemtl rock_cold
f 1836//1836 1837//1837 1921//1921 1920//1920
f 1837//1837 1838//1838 1922//1922 1921//1921
usemtl rock_warm
f 1838//1838 1839//1839 1923//1923 1922//1922
usemtl rock_cold
f 1839//1839 1840//1840 1924//1924 1923//1923
f 1840//1840 1841//1841 1925//1925 1924//1924
f 1841//1841 1842//1842 1926//1926 1925//1925
usemtl rock_warm
f 1842//1842 1843//1843 1927//1927 1926//1926
usemtl rock_cold
f 1843//1843 1844//1844 1928//1928 1927//1927
usemtl rock_warm
f 1844//1844 1845//1845 1929//1929 1928//1928
usemtl rock_cold
f 1845//1845 1846//1846 1930//1930 1929//1929
f 1846//1846 1847//1847 1931//1931 1930//1930
f 1847//1847 1848//1848 1932//1932 1931//1931
f 1848//1848 1765//1765 1849//1849 1932//1932
f 1849//1849 1850//1850 1934//1934 1933//1933
f 1850//1850 1851//1851 1935//1935 1934//1934
usemtl rock_shadow
f 1851//1851 1852//1852 1936//1936 1935//1935
usemtl rock_cold
f 1852//1852 1853//1853 1937//1937 1936//1936
usemtl rock_warm
f 1853//1853 1854//1854 1938//1938 1937//1937
usemtl rock_shadow
f 1854//1854 1855//1855 1939//1939 1938//1938
usemtl rock_cold
f 1855//1855 1856//1856 1940//1940 1939//1939
f 1856//1856 1857//1857 1941//1941 1940//1940
f 1857//1857 1858//1858 1942//1942 1941//1941
f 1858//1858 1859//1859 1943//1943 1942//1942
f 1859//1859 1860//1860 1944//1944 1943//1943
f 1860//1860 1861//1861 1945//1945 1944//1944
usemtl rock_warm
f 1861//1861 1862//1862 1946//1946 1945//1945
usemtl rock_cold
f 1862//1862 1863//1863 1947//1947 1946//1946
f 1863//1863 1864//1864 1948//1948 1947//1947
f 1864//1864 1865//1865 1949//1949 1948//1948
f 1865//1865 1866//1866 1950//1950 1949//1949
usemtl rock_shadow
f 1866//1866 1867//1867 1951//1951 1950//1950
usemtl rock_cold
f 1867//1867 1868//1868 1952//1952 1951//1951
f 1868//1868 1869//1869 1953//1953 1952//1952
f 1869//1869 1870//1870 1954//1954 1953//1953
f 1870//1870 1871//1871 1955//1955 1954//1954
f 1871//1871 1872//1872 1956//1956 1955//1955
f 1872//1872 1873//1873 1957//1957 1956//1956
f 1873//1873 1874//1874 1958//1958 1957//1957
f 1874//1874 1875//1875 1959//1959 1958//1958
f 1875//1875 1876//1876 1960//1960 1959//1959
usemtl rock_warm
f 1876//1876 1877//1877 1961//1961 1960//1960
usemtl rock_cold
f 1877//1877 1878//1878 1962//1962 1961//1961
f 1878//1878 1879//1879 1963//1963 1962//1962
f 1879//1879 1880//1880 1964//1964 1963//1963
f 1880//1880 1881//1881 1965//1965 1964//1964
f 1881//1881 1882//1882 1966//1966 1965//1965
usemtl rock_shadow
f 1882//1882 1883//1883 1967//1967 1966//1966
usemtl rock_cold
f 1883//1883 1884//1884 1968//1968 1967//1967
f 1884//1884 1885//1885 1969//1969 1968//1968
usemtl rock_shadow
f 1885//1885 1886//1886 1970//1970 1969//1969
usemtl rock_cold
f 1886//1886 1887//1887 1971//1971 1970//1970
usemtl rock_shadow
f 1887//1887 1888//1888 1972//1972 1971//1971
usemtl rock_cold
f 1888//1888 1889//1889 1973//1973 1972//1972
f 1889//1889 1890//1890 1974//1974 1973//1973
f 1890//1890 1891//1891 1975//1975 1974//1974
usemtl rock_warm
f 1891//1891 1892//1892 1976//1976 1975//1975
usemtl rock_cold
f 1892//1892 1893//1893 1977//1977 1976//1976
f 1893//1893 1894//1894 1978//1978 1977//1977
f 1894//1894 1895//1895 1979//1979 1978//1978
f 1895//1895 1896//1896 1980//1980 1979//1979
f 1896//1896 1897//1897 1981//1981 1980//1980
usemtl rock_shadow
f 1897//1897 1898//1898 1982//1982 1981//1981
usemtl rock_cold
f 1898//1898 1899//1899 1983//1983 1982//1982
usemtl rock_shadow
f 1899//1899 1900//1900 1984//1984 1983//1983
usemtl rock_cold
f 1900//1900 1901//1901 1985//1985 1984//1984
usemtl rock_shadow
f 1901//1901 1902//1902 1986//1986 1985//1985
usemtl rock_cold
f 1902//1902 1903//1903 1987//1987 1986//1986
f 1903//1903 1904//1904 1988//1988 1987//1987
f 1904//1904 1905//1905 1989//1989 1988//1988
f 1905//1905 1906//1906 1990//1990 1989//1989
f 1906//1906 1907//1907 1991//1991 1990//1990
f 1907//1907 1908//1908 1992//1992 1991//1991
f 1908//1908 1909//1909 1993//1993 1992//1992
f 1909//1909 1910//1910 1994//1994 1993//1993
f 1910//1910 1911//1911 1995//1995 1994//1994
f 1911//1911 1912//1912 1996//1996 1995//1995
f 1912//1912 1913//1913 1997//1997 1996//1996
f 1913//1913 1914//1914 1998//1998 1997//1997
f 1914//1914 1915//1915 1999//1999 1998//1998
usemtl rock_shadow
f 1915//1915 1916//1916 2000//2000 1999//1999
usemtl rock_cold
f 1916//1916 1917//1917 2001//2001 2000//2000
f 1917//1917 1918//1918 2002//2002 2001//2001
f 1918//1918 1919//1919 2003//2003 2002//2002
f 1919//1919 1920//1920 2004//2004 2003//2003
f 1920//1920 1921//1921 2005//2005 2004//2004
f 1921//1921 1922//1922 2006//2006 2005//2005
f 1922//1922 1923//1923 2007//2007 2006//2006
usemtl rock_shadow
f 1923//1923 1924//1924 2008//2008 2007//2007
usemtl rock_warm
f 1924//1924 1925//1925 2009//2009 2008//2008
usemtl rock_cold
f 1925//1925 1926//1926 2010//2010 2009//2009
f 1926//1926 1927//1927 2011//2011 2010//2010
f 1927//1927 1928//1928 2012//2012 2011//2011
f 1928//1928 1929//1929 2013//2013 2012//2012
usemtl rock_shadow
f 1929//1929 1930//1930 2014//2014 2013//2013
usemtl rock_cold
f 1930//1930 1931//1931 2015//2015 2014//2014
usemtl rock_shadow
f 1931//1931 1932//1932 2016//2016 2015//2015
usemtl rock_cold
f 1932//1932 1849//1849 1933//1933 2016//2016
f 1933//1933 1934//1934 2018//2018 2017//2017
f 1934//1934 1935//1935 2019//2019 2018//2018
f 1935//1935 1936//1936 2020//2020 2019//2019
f 1936//1936 1937//1937 2021//2021 2020//2020
f 1937//1937 1938//1938 2022//2022 2021//2021
f 1938//1938 1939//1939 2023//2023 2022//2022
usemtl rock_shadow
f 1939//1939 1940//1940 2024//2024 2023//2023
usemtl rock_cold
f 1940//1940 1941//1941 2025//2025 2024//2024
usemtl rock_shadow
f 1941//1941 1942//1942 2026//2026 2025//2025
usemtl rock_cold
f 1942//1942 1943//1943 2027//2027 2026//2026
f 1943//1943 1944//1944 2028//2028 2027//2027
f 1944//1944 1945//1945 2029//2029 2028//2028
f 1945//1945 1946//1946 2030//2030 2029//2029
f 1946//1946 1947//1947 2031//2031 2030//2030
f 1947//1947 1948//1948 2032//2032 2031//2031
usemtl rock_shadow
f 1948//1948 1949//1949 2033//2033 2032//2032
usemtl rock_cold
f 1949//1949 1950//1950 2034//2034 2033//2033
f 1950//1950 1951//1951 2035//2035 2034//2034
f 1951//1951 1952//1952 2036//2036 2035//2035
f 1952//1952 1953//1953 2037//2037 2036//2036
f 1953//1953 1954//1954 2038//2038 2037//2037
f 1954//1954 1955//1955 2039//2039 2038//2038
f 1955//1955 1956//1956 2040//2040 2039//2039
f 1956//1956 1957//1957 2041//2041 2040//2040
f 1957//1957 1958//1958 2042//2042 2041//2041
f 1958//1958 1959//1959 2043//2043 2042//2042
usemtl rock_warm
f 1959//1959 1960//1960 2044//2044 2043//2043
usemtl rock_cold
f 1960//1960 1961//1961 2045//2045 2044//2044
f 1961//1961 1962//1962 2046//2046 2045//2045
f 1962//1962 1963//1963 2047//2047 2046//2046
f 1963//1963 1964//1964 2048//2048 2047//2047
f 1964//1964 1965//1965 2049//2049 2048//2048
f 1965//1965 1966//1966 2050//2050 2049//2049
f 1966//1966 1967//1967 2051//2051 2050//2050
f 1967//1967 1968//1968 2052//2052 2051//2051
f 1968//1968 1969//1969 2053//2053 2052//2052
f 1969//1969 1970//1970 2054//2054 2053//2053
f 1970//1970 1971//1971 2055//2055 2054//2054
f 1971//1971 1972//1972 2056//2056 2055//2055
f 1972//1972 1973//1973 2057//2057 2056//2056
f 1973//1973 1974//1974 2058//2058 2057//2057
f 1974//1974 1975//1975 2059//2059 2058//2058
f 1975//1975 1976//1976 2060//2060 2059//2059
f 1976//1976 1977//1977 2061//2061 2060//2060
f 1977//1977 1978//1978 2062//2062 2061//2061
f 1978//1978 1979//1979 2063//2063 2062//2062
f 1979//1979 1980//1980 2064//2064 2063//2063
f 1980//1980 1981//1981 2065//2065 2064//2064
f 1981//1981 1982//1982 2066//2066 2065//2065
f 1982//1982 1983//1983 2067//2067 2066//2066
usemtl rock_shadow
f 1983//1983 1984//1984 2068//2068 2067//2067
usemtl rock_cold
f 1984//1984 1985//1985 2069//2069 2068//2068
f 1985//1985 1986//1986 2070//2070 2069//2069
f 1986//1986 1987//1987 2071//2071 2070//2070
f 1987//1987 1988//1988 2072//2072 2071//2071
usemtl rock_warm
f 1988//1988 1989//1989 2073//2073 2072//2072
usemtl rock_cold
f 1989//1989 1990//1990 2074//2074 2073//2073
f 1990//1990 1991//1991 2075//2075 2074//2074
f 1991//1991 1992//1992 2076//2076 2075//2075
usemtl rock_shadow
f 1992//1992 1993//1993 2077//2077 2076//2076
usemtl rock_cold
f 1993//1993 1994//1994 2078//2078 2077//2077
f 1994//1994 1995//1995 2079//2079 2078//2078
usemtl rock_warm
f 1995//1995 1996//1996 2080//2080 2079//2079
usemtl rock_cold
f 1996//1996 1997//1997 2081//2081 2080//2080
f 1997//1997 1998//1998 2082//2082 2081//2081
f 1998//1998 1999//1999 2083//2083 2082//2082
f 1999//1999 2000//2000 2084//2084 2083//2083
f 2000//2000 2001//2001 2085//2085 2084//2084
f 2001//2001 2002//2002 2086//2086 2085//2085
f 2002//2002 2003//2003 2087//2087 2086//2086
usemtl rock_shadow
f 2003//2003 2004//2004 2088//2088 2087//2087
usemtl rock_cold
f 2004//2004 2005//2005 2089//2089 2088//2088
f 2005//2005 2006//2006 2090//2090 2089//2089
f 2006//2006 2007//2007 2091//2091 2090//2090
f 2007//2007 2008//2008 2092//2092 2091//2091
f 2008//2008 2009//2009 2093//2093 2092//2092
f 2009//2009 2010//2010 2094//2094 2093//2093
usemtl rock_warm
f 2010//2010 2011//2011 2095//2095 2094//2094
usemtl rock_cold
f 2011//2011 2012//2012 2096//2096 2095//2095
usemtl rock_warm
f 2012//2012 2013//2013 2097//2097 2096//2096
usemtl rock_cold
f 2013//2013 2014//2014 2098//2098 2097//2097
f 2014//2014 2015//2015 2099//2099 2098//2098
f 2015//2015 2016//2016 2100//2100 2099//2099
f 2016//2016 1933//1933 2017//2017 2100//2100
f 2017//2017 2018//2018 2102//2102 2101//2101
f 2018//2018 2019//2019 2103//2103 2102//2102
f 2019//2019 2020//2020 2104//2104 2103//2103
f 2020//2020 2021//2021 2105//2105 2104//2104
f 2021//2021 2022//2022 2106//2106 2105//2105
f 2022//2022 2023//2023 2107//2107 2106//2106
f 2023//2023 2024//2024 2108//2108 2107//2107
f 2024//2024 2025//2025 2109//2109 2108//2108
f 2025//2025 2026//2026 2110//2110 2109//2109
f 2026//2026 2027//2027 2111//2111 2110//2110
f 2027//2027 2028//2028 2112//2112 2111//2111
f 2028//2028 2029//2029 2113//2113 2112//2112
f 2029//2029 2030//2030 2114//2114 2113//2113
f 2030//2030 2031//2031 2115//2115 2114//2114
f 2031//2031 2032//2032 2116//2116 2115//2115
f 2032//2032 2033//2033 2117//2117 2116//2116
f 2033//2033 2034//2034 2118//2118 2117//2117
f 2034//2034 2035//2035 2119//2119 2118//2118
f 2035//2035 2036//2036 2120//2120 2119//2119
f 2036//2036 2037//2037 2121//2121 2120//2120
usemtl rock_shadow
f 2037//2037 2038//2038 2122//2122 2121//2121
usemtl rock_cold
f 2038//2038 2039//2039 2123//2123 2122//2122
f 2039//2039 2040//2040 2124//2124 2123//2123
f 2040//2040 2041//2041 2125//2125 2124//2124
usemtl rock_shadow
f 2041//2041 2042//2042 2126//2126 2125//2125
f 2042//2042 2043//2043 2127//2127 2126//2126
usemtl rock_cold
f 2043//2043 2044//2044 2128//2128 2127//2127
f 2044//2044 2045//2045 2129//2129 2128//2128
f 2045//2045 2046//2046 2130//2130 2129//2129
f 2046//2046 2047//2047 2131//2131 2130//2130
f 2047//2047 2048//2048 2132//2132 2131//2131
f 2048//2048 2049//2049 2133//2133 2132//2132
f 2049//2049 2050//2050 2134//2134 2133//2133
f 2050//2050 2051//2051 2135//2135 2134//2134
f 2051//2051 2052//2052 2136//2136 2135//2135
f 2052//2052 2053//2053 2137//2137 2136//2136
f 2053//2053 2054//2054 2138//2138 2137//2137
f 2054//2054 2055//2055 2139//2139 2138//2138
f 2055//2055 2056//2056 2140//2140 2139//2139
f 2056//2056 2057//2057 2141//2141 2140//2140
usemtl rock_shadow
f 2057//2057 2058//2058 2142//2142 2141//2141
usemtl rock_cold
f 2058//2058 2059//2059 2143//2143 2142//2142
usemtl rock_warm
f 2059//2059 2060//2060 2144//2144 2143//2143
usemtl rock_cold
f 2060//2060 2061//2061 2145//2145 2144//2144
f 2061//2061 2062//2062 2146//2146 2145//2145
f 2062//2062 2063//2063 2147//2147 2146//2146
f 2063//2063 2064//2064 2148//2148 2147//2147
f 2064//2064 2065//2065 2149//2149 2148//2148
usemtl rock_warm
f 2065//2065 2066//2066 2150//2150 2149//2149
usemtl rock_cold
f 2066//2066 2067//2067 2151//2151 2150//2150
f 2067//2067 2068//2068 2152//2152 2151//2151
f 2068//2068 2069//2069 2153//2153 2152//2152
f 2069//2069 2070//2070 2154//2154 2153//2153
f 2070//2070 2071//2071 2155//2155 2154//2154
f 2071//2071 2072//2072 2156//2156 2155//2155
f 2072//2072 2073//2073 2157//2157 2156//2156
f 2073//2073 2074//2074 2158//2158 2157//2157
f 2074//2074 2075//2075 2159//2159 2158//2158
f 2075//2075 2076//2076 2160//2160 2159//2159
usemtl rock_warm
f 2076//2076 2077//2077 2161//2161 2160//2160
f 2077//2077 2078//2078 2162//2162 2161//2161
usemtl rock_cold
f 2078//2078 2079//2079 2163//2163 2162//2162
usemtl rock_shadow
f 2079//2079 2080//2080 2164//2164 2163//2163
usemtl rock_cold
f 2080//2080 2081//2081 2165//2165 2164//2164
usemtl rock_shadow
f 2081//2081 2082//2082 2166//2166 2165//2165
usemtl rock_cold
f 2082//2082 2083//2083 2167//2167 2166//2166
f 2083//2083 2084//2084 2168//2168 2167//2167
f 2084//2084 2085//2085 2169//2169 2168//2168
f 2085//2085 2086//2086 2170//2170 2169//2169
f 2086//2086 2087//2087 2171//2171 2170//2170
f 2087//2087 2088//2088 2172//2172 2171//2171
f 2088//2088 2089//2089 2173//2173 2172//2172
f 2089//2089 2090//2090 2174//2174 2173//2173
f 2090//2090 2091//2091 2175//2175 2174//2174
f 2091//2091 2092//2092 2176//2176 2175//2175
f 2092//2092 2093//2093 2177//2177 2176//2176
f 2093//2093 2094//2094 2178//2178 2177//2177
f 2094//2094 2095//2095 2179//2179 2178//2178
usemtl rock_shadow
f 2095//2095 2096//2096 2180//2180 2179//2179
usemtl rock_cold
f 2096//2096 2097//2097 2181//2181 2180//2180
f 2097//2097 2098//2098 2182//2182 2181//2181
f 2098//2098 2099//2099 2183//2183 2182//2182
f 2099//2099 2100//2100 2184//2184 2183//2183
f 2100//2100 2017//2017 2101//2101 2184//2184
usemtl rock_shadow
f 2101//2101 2102//2102 2186//2186 2185//2185
usemtl rock_cold
f 2102//2102 2103//2103 2187//2187 2186//2186
f 2103//2103 2104//2104 2188//2188 2187//2187
f 2104//2104 2105//2105 2189//2189 2188//2188
f 2105//2105 2106//2106 2190//2190 2189//2189
f 2106//2106 2107//2107 2191//2191 2190//2190
f 2107//2107 2108//2108 2192//2192 2191//2191
f 2108//2108 2109//2109 2193//2193 2192//2192
usemtl rock_shadow
f 2109//2109 2110//2110 2194//2194 2193//2193
usemtl rock_cold
f 2110//2110 2111//2111 2195//2195 2194//2194
f 2111//2111 2112//2112 2196//2196 2195//2195
f 2112//2112 2113//2113 2197//2197 2196//2196
f 2113//2113 2114//2114 2198//2198 2197//2197
f 2114//2114 2115//2115 2199//2199 2198//2198
f 2115//2115 2116//2116 2200//2200 2199//2199
f 2116//2116 2117//2117 2201//2201 2200//2200
f 2117//2117 2118//2118 2202//2202 2201//2201
f 2118//2118 2119//2119 2203//2203 2202//2202
f 2119//2119 2120//2120 2204//2204 2203//2203
f 2120//2120 2121//2121 2205//2205 2204//2204
f 2121//2121 2122//2122 2206//2206 2205//2205
usemtl rock_shadow
f 2122//2122 2123//2123 2207//2207 2206//2206
usemtl rock_cold
f 2123//2123 2124//2124 2208//2208 2207//2207
usemtl rock_shadow
f 2124//2124 2125//2125 2209//2209 2208//2208
usemtl rock_cold
f 2125//2125 2126//2126 2210//2210 2209//2209
f 2126//2126 2127//2127 2211//2211 2210//2210
f 2127//2127 2128//2128 2212//2212 2211//2211
f 2128//2128 2129//2129 2213//2213 2212//2212
f 2129//2129 2130//2130 2214//2214 2213//2213
usemtl rock_shadow
f 2130//2130 2131//2131 2215//2215 2214//2214
usemtl rock_cold
f 2131//2131 2132//2132 2216//2216 2215//2215
f 2132//2132 2133//2133 2217//2217 2216//2216
f 2133//2133 2134//2134 2218//2218 2217//2217
f 2134//2134 2135//2135 2219//2219 2218//2218
usemtl rock_warm
f 2135//2135 2136//2136 2220//2220 2219//2219
usemtl rock_cold
f 2136//2136 2137//2137 2221//2221 2220//2220
f 2137//2137 2138//2138 2222//2222 2221//2221
f 2138//2138 2139//2139 2223//2223 2222//2222
f 2139//2139 2140//2140 2224//2224 2223//2223
f 2140//2140 2141//2141 2225//2225 2224//2224
usemtl rock_shadow
f 2141//2141 2142//2142 2226//2226 2225//2225
f 2142//2142 2143//2143 2227//2227 2226//2226
f 2143//2143 2144//2144 2228//2228 2227//2227
usemtl rock_cold
f 2144//2144 2145//2145 2229//2229 2228//2228
f 2145//2145 2146//2146 2230//2230 2229//2229
f 2146//2146 2147//2147 2231//2231 2230//2230
f 2147//2147 2148//2148 2232//2232 2231//2231
f 2148//2148 2149//2149 2233//2233 2232//2232
f 2149//2149 2150//2150 2234//2234 2233//2233
f 2150//2150 2151//2151 2235//2235 2234//2234
f 2151//2151 2152//2152 2236//2236 2235//2235
f 2152//2152 2153//2153 2237//2237 2236//2236
f 2153//2153 2154//2154 2238//2238 2237//2237
f 2154//2154 2155//2155 2239//2239 2238//2238
f 2155//2155 2156//2156 2240//2240 2239//2239
f 2156//2156 2157//2157 2241//2241 2240//2240
f 2157//2157 2158//2158 2242//2242 2241//2241
f 2158//2158 2159//2159 2243//2243 2242//2242
f 2159//2159 2160//2160 2244//2244 2243//2243
f 2160//2160 2161//2161 2245//2245 2244//2244
f 2161//2161 2162//2162 2246//2246 2245//2245
f 2162//2162 2163//2163 2247//2247 2246//2246
usemtl rock_shadow
f 2163//2163 2164//2164 2248//2248 2247//2247
usemtl rock_cold
f 2164//2164 2165//2165 2249//2249 2248//2248
f 2165//2165 2166//2166 2250//2250 2249//2249
f 2166//2166 2167//2167 2251//2251 2250//2250
usemtl rock_shadow
f 2167//2167 2168//2168 2252//2252 2251//2251
usemtl rock_cold
f 2168//2168 2169//2169 2253//2253 2252//2252
f 2169//2169 2170//2170 2254//2254 2253//2253
f 2170//2170 2171//2171 2255//2255 2254//2254
usemtl rock_warm
f 2171//2171 2172//2172 2256//2256 2255//2255
usemtl rock_cold
f 2172//2172 2173//2173 2257//2257 2256//2256
usemtl rock_shadow
f 2173//2173 2174//2174 2258//2258 2257//2257
usemtl rock_cold
f 2174//2174 2175//2175 2259//2259 2258//2258
f 2175//2175 2176//2176 2260//2260 2259//2259
f 2176//2176 2177//2177 2261//2261 2260//2260
usemtl rock_shadow
f 2177//2177 2178//2178 2262//2262 2261//2261
usemtl rock_cold
f 2178//2178 2179//2179 2263//2263 2262//2262
f 2179//2179 2180//2180 2264//2264 2263//2263
usemtl rock_warm
f 2180//2180 2181//2181 2265//2265 2264//2264
usemtl rock_cold
f 2181//2181 2182//2182 2266//2266 2265//2265
usemtl rock_warm
f 2182//2182 2183//2183 2267//2267 2266//2266
usemtl rock_cold
f 2183//2183 2184//2184 2268//2268 2267//2267
f 2184//2184 2101//2101 2185//2185 2268//2268
f 2185//2185 2186//2186 2270//2270 2269//2269
usemtl rock_warm
f 2186//2186 2187//2187 2271//2271 2270//2270
usemtl rock_cold
f 2187//2187 2188//2188 2272//2272 2271//2271
f 2188//2188 2189//2189 2273//2273 2272//2272
f 2189//2189 2190//2190 2274//2274 2273//2273
usemtl rock_shadow
f 2190//2190 2191//2191 2275//2275 2274//2274
usemtl rock_warm
f 2191//2191 2192//2192 2276//2276 2275//2275
usemtl rock_shadow
f 2192//2192 2193//2193 2277//2277 2276//2276
usemtl rock_cold
f 2193//2193 2194//2194 2278//2278 2277//2277
f 2194//2194 2195//2195 2279//2279 2278//2278
f 2195//2195 2196//2196 2280//2280 2279//2279
f 2196//2196 2197//2197 2281//2281 2280//2280
f 2197//2197 2198//2198 2282//2282 2281//2281
f 2198//2198 2199//2199 2283//2283 2282//2282
usemtl rock_shadow
f 2199//2199 2200//2200 2284//2284 2283//2283
usemtl rock_cold
f 2200//2200 2201//2201 2285//2285 2284//2284
f 2201//2201 2202//2202 2286//2286 2285//2285
f 2202//2202 2203//2203 2287//2287 2286//2286
f 2203//2203 2204//2204 2288//2288 2287//2287
f 2204//2204 2205//2205 2289//2289 2288//2288
f 2205//2205 2206//2206 2290//2290 2289//2289
f 2206//2206 2207//2207 2291//2291 2290//2290
f 2207//2207 2208//2208 2292//2292 2291//2291
f 2208//2208 2209//2209 2293//2293 2292//2292
usemtl rock_warm
f 2209//2209 2210//2210 2294//2294 2293//2293
usemtl rock_shadow
f 2210//2210 2211//2211 2295//2295 2294//2294
usemtl rock_cold
f 2211//2211 2212//2212 2296//2296 2295//2295
f 2212//2212 2213//2213 2297//2297 2296//2296
usemtl rock_shadow
f 2213//2213 2214//2214 2298//2298 2297//2297
usemtl rock_cold
f 2214//2214 2215//2215 2299//2299 2298//2298
f 2215//2215 2216//2216 2300//2300 2299//2299
f 2216//2216 2217//2217 2301//2301 2300//2300
f 2217//2217 2218//2218 2302//2302 2301//2301
f 2218//2218 2219//2219 2303//2303 2302//2302
usemtl rock_shadow
f 2219//2219 2220//2220 2304//2304 2303//2303
usemtl rock_cold
f 2220//2220 2221//2221 2305//2305 2304//2304
f 2221//2221 2222//2222 2306//2306 2305//2305
f 2222//2222 2223//2223 2307//2307 2306//2306
f 2223//2223 2224//2224 2308//2308 2307//2307
f 2224//2224 2225//2225 2309//2309 2308//2308
usemtl rock_shadow
f 2225//2225 2226//2226 2310//2310 2309//2309
usemtl rock_warm
f 2226//2226 2227//2227 2311//2311 2310//2310
usemtl rock_cold
f 2227//2227 2228//2228 2312//2312 2311//2311
f 2228//2228 2229//2229 2313//2313 2312//2312
f 2229//2229 2230//2230 2314//2314 2313//2313
f 2230//2230 2231//2231 2315//2315 2314//2314
f 2231//2231 2232//2232 2316//2316 2315//2315
usemtl rock_warm
f 2232//2232 2233//2233 2317//2317 2316//2316
usemtl rock_cold
f 2233//2233 2234//2234 2318//2318 2317//2317
f 2234//2234 2235//2235 2319//2319 2318//2318
f 2235//2235 2236//2236 2320//2320 2319//2319
f 2236//2236 2237//2237 2321//2321 2320//2320
f 2237//2237 2238//2238 2322//2322 2321//2321
f 2238//2238 2239//2239 2323//2323 2322//2322
f 2239//2239 2240//2240 2324//2324 2323//2323
f 2240//2240 2241//2241 2325//2325 2324//2324
f 2241//2241 2242//2242 2326//2326 2325//2325
usemtl rock_warm
f 2242//2242 2243//2243 2327//2327 2326//2326
usemtl rock_cold
f 2243//2243 2244//2244 2328//2328 2327//2327
f 2244//2244 2245//2245 2329//2329 2328//2328
f 2245//2245 2246//2246 2330//2330 2329//2329
f 2246//2246 2247//2247 2331//2331 2330//2330
f 2247//2247 2248//2248 2332//2332 2331//2331
f 2248//2248 2249//2249 2333//2333 2332//2332
f 2249//2249 2250//2250 2334//2334 2333//2333
f 2250//2250 2251//2251 2335//2335 2334//2334
f 2251//2251 2252//2252 2336//2336 2335//2335
f 2252//2252 2253//2253 2337//2337 2336//2336
usemtl rock_shadow
f 2253//2253 2254//2254 2338//2338 2337//2337
usemtl rock_cold
f 2254//2254 2255//2255 2339//2339 2338//2338
usemtl rock_warm
f 2255//2255 2256//2256 2340//2340 2339//2339
usemtl rock_cold
f 2256//2256 2257//2257 2341//2341 2340//2340
usemtl rock_shadow
f 2257//2257 2258//2258 2342//2342 2341//2341
usemtl rock_cold
f 2258//2258 2259//2259 2343//2343 2342//2342
usemtl rock_warm
f 2259//2259 2260//2260 2344//2344 2343//2343
f 2260//2260 2261//2261 2345//2345 2344//2344
usemtl rock_cold
f 2261//2261 2262//2262 2346//2346 2345//2345
f 2262//2262 2263//2263 2347//2347 2346//2346
f 2263//2263 2264//2264 2348//2348 2347//2347
usemtl rock_warm
f 2264//2264 2265//2265 2349//2349 2348//2348
usemtl rock_cold
f 2265//2265 2266//2266 2350//2350 2349//2349
f 2266//2266 2267//2267 2351//2351 2350//2350
f 2267//2267 2268//2268 2352//2352 2351//2351
f 2268//2268 2185//2185 2269//2269 2352//2352
f 2269//2269 2270//2270 2354//2354 2353//2353
f 2270//2270 2271//2271 2355//2355 2354//2354
usemtl rock_warm
f 2271//2271 2272//2272 2356//2356 2355//2355
usemtl rock_cold
f 2272//2272 2273//2273 2357//2357 2356//2356
usemtl rock_shadow
f 2273//2273 2274//2274 2358//2358 2357//2357
usemtl rock_cold
f 2274//2274 2275//2275 2359//2359 2358//2358
f 2275//2275 2276//2276 2360//2360 2359//2359
f 2276//2276 2277//2277 2361//2361 2360//2360
f 2277//2277 2278//2278 2362//2362 2361//2361
f 2278//2278 2279//2279 2363//2363 2362//2362
f 2279//2279 2280//2280 2364//2364 2363//2363
f 2280//2280 2281//2281 2365//2365 2364//2364
f 2281//2281 2282//2282 2366//2366 2365//2365
usemtl rock_shadow
f 2282//2282 2283//2283 2367//2367 2366//2366
usemtl rock_cold
f 2283//2283 2284//2284 2368//2368 2367//2367
f 2284//2284 2285//2285 2369//2369 2368//2368
f 2285//2285 2286//2286 2370//2370 2369//2369
usemtl rock_warm
f 2286//2286 2287//2287 2371//2371 2370//2370
usemtl rock_cold
f 2287//2287 2288//2288 2372//2372 2371//2371
f 2288//2288 2289//2289 2373//2373 2372//2372
f 2289//2289 2290//2290 2374//2374 2373//2373
f 2290//2290 2291//2291 2375//2375 2374//2374
usemtl rock_warm
f 2291//2291 2292//2292 2376//2376 2375//2375
usemtl rock_cold
f 2292//2292 2293//2293 2377//2377 2376//2376
f 2293//2293 2294//2294 2378//2378 2377//2377
f 2294//2294 2295//2295 2379//2379 2378//2378
f 2295//2295 2296//2296 2380//2380 2379//2379
usemtl rock_warm
f 2296//2296 2297//2297 2381//2381 2380//2380
usemtl rock_cold
f 2297//2297 2298//2298 2382//2382 2381//2381
f 2298//2298 2299//2299 2383//2383 2382//2382
f 2299//2299 2300//2300 2384//2384 2383//2383
usemtl rock_shadow
f 2300//2300 2301//2301 2385//2385 2384//2384
usemtl rock_cold
f 2301//2301 2302//2302 2386//2386 2385//2385
f 2302//2302 2303//2303 2387//2387 2386//2386
usemtl rock_shadow
f 2303//2303 2304//2304 2388//2388 2387//2387
usemtl rock_warm
f 2304//2304 2305//2305 2389//2389 2388//2388
usemtl rock_cold
f 2305//2305 2306//2306 2390//2390 2389//2389
f 2306//2306 2307//2307 2391//2391 2390//2390
usemtl rock_shadow
f 2307//2307 2308//2308 2392//2392 2391//2391
f 2308//2308 2309//2309 2393//2393 2392//2392
usemtl rock_cold
f 2309//2309 2310//2310 2394//2394 2393//2393
usemtl rock_shadow
f 2310//2310 2311//2311 2395//2395 2394//2394
usemtl rock_cold
f 2311//2311 2312//2312 2396//2396 2395//2395
f 2312//2312 2313//2313 2397//2397 2396//2396
f 2313//2313 2314//2314 2398//2398 2397//2397
f 2314//2314 2315//2315 2399//2399 2398//2398
f 2315//2315 2316//2316 2400//2400 2399//2399
f 2316//2316 2317//2317 2401//2401 2400//2400
f 2317//2317 2318//2318 2402//2402 2401//2401
f 2318//2318 2319//2319 2403//2403 2402//2402
f 2319//2319 2320//2320 2404//2404 2403//2403
f 2320//2320 2321//2321 2405//2405 2404//2404
usemtl rock_warm
f 2321//2321 2322//2322 2406//2406 2405//2405
usemtl rock_cold
f 2322//2322 2323//2323 2407//2407 2406//2406
f 2323//2323 2324//2324 2408//2408 2407//2407
f 2324//2324 2325//2325 2409//2409 2408//2408
f 2325//2325 2326//2326 2410//2410 2409//2409
f 2326//2326 2327//2327 2411//2411 2410//2410
f 2327//2327 2328//2328 2412//2412 2411//2411
usemtl rock_shadow
f 2328//2328 2329//2329 2413//2413 2412//2412
usemtl rock_cold
f 2329//2329 2330//2330 2414//2414 2413//2413
f 2330//2330 2331//2331 2415//2415 2414//2414
f 2331//2331 2332//2332 2416//2416 2415//2415
usemtl rock_shadow
f 2332//2332 2333//2333 2417//2417 2416//2416
usemtl rock_cold
f 2333//2333 2334//2334 2418//2418 2417//2417
f 2334//2334 2335//2335 2419//2419 2418//2418
usemtl rock_shadow
f 2335//2335 2336//2336 2420//2420 2419//2419
usemtl rock_cold
f 2336//2336 2337//2337 2421//2421 2420//2420
f 2337//2337 2338//2338 2422//2422 2421//2421
f 2338//2338 2339//2339 2423//2423 2422//2422
f 2339//2339 2340//2340 2424//2424 2423//2423
f 2340//2340 2341//2341 2425//2425 2424//2424
f 2341//2341 2342//2342 2426//2426 2425//2425
f 2342//2342 2343//2343 2427//2427 2426//2426
usemtl rock_warm
f 2343//2343 2344//2344 2428//2428 2427//2427
usemtl rock_cold
f 2344//2344 2345//2345 2429//2429 2428//2428
f 2345//2345 2346//2346 2430//2430 2429//2429
f 2346//2346 2347//2347 2431//2431 2430//2430
f 2347//2347 2348//2348 2432//2432 2431//2431
f 2348//2348 2349//2349 2433//2433 2432//2432
usemtl rock_warm
f 2349//2349 2350//2350 2434//2434 2433//2433
usemtl rock_cold
f 2350//2350 2351//2351 2435//2435 2434//2434
f 2351//2351 2352//2352 2436//2436 2435//2435
usemtl rock_warm
f 2352//2352 2269//2269 2353//2353 2436//2436
usemtl rock_cold
f 2353//2353 2354//2354 2438//2438 2437//2437
usemtl rock_warm
f 2354//2354 2355//2355 2439//2439 2438//2438
usemtl rock_cold
f 2355//2355 2356//2356 2440//2440 2439//2439
f 2356//2356 2357//2357 2441//2441 2440//2440
f 2357//2357 2358//2358 2442//2442 2441//2441
f 2358//2358 2359//2359 2443//2443 2442//2442
f 2359//2359 2360//2360 2444//2444 2443//2443
f 2360//2360 2361//2361 2445//2445 2444//2444
f 2361//2361 2362//2362 2446//2446 2445//2445
f 2362//2362 2363//2363 2447//2447 2446//2446
usemtl rock_shadow
f 2363//2363 2364//2364 2448//2448 2447//2447
usemtl rock_cold
f 2364//2364 2365//2365 2449//2449 2448//2448
usemtl rock_shadow
f 2365//2365 2366//2366 2450//2450 2449//2449
usemtl rock_cold
f 2366//2366 2367//2367 2451//2451 2450//2450
f 2367//2367 2368//2368 2452//2452 2451//2451
f 2368//2368 2369//2369 2453//2453 2452//2452
usemtl rock_warm
f 2369//2369 2370//2370 2454//2454 2453//2453
usemtl rock_cold
f 2370//2370 2371//2371 2455//2455 2454//2454
f 2371//2371 2372//2372 2456//2456 2455//2455
f 2372//2372 2373//2373 2457//2457 2456//2456
f 2373//2373 2374//2374 2458//2458 2457//2457
f 2374//2374 2375//2375 2459//2459 2458//2458
f 2375//2375 2376//2376 2460//2460 2459//2459
f 2376//2376 2377//2377 2461//2461 2460//2460
f 2377//2377 2378//2378 2462//2462 2461//2461
f 2378//2378 2379//2379 2463//2463 2462//2462
f 2379//2379 2380//2380 2464//2464 2463//2463
f 2380//2380 2381//2381 2465//2465 2464//2464
f 2381//2381 2382//2382 2466//2466 2465//2465
f 2382//2382 2383//2383 2467//2467 2466//2466
f 2383//2383 2384//2384 2468//2468 2467//2467
f 2384//2384 2385//2385 2469//2469 2468//2468
usemtl rock_warm
f 2385//2385 2386//2386 2470//2470 2469//2469
usemtl rock_cold
f 2386//2386 2387//2387 2471//2471 2470//2470
f 2387//2387 2388//2388 2472//2472 2471//2471
f 2388//2388 2389//2389 2473//2473 2472//2472
f 2389//2389 2390//2390 2474//2474 2473//2473
f 2390//2390 2391//2391 2475//2475 2474//2474
f 2391//2391 2392//2392 2476//2476 2475//2475
usemtl rock_warm
f 2392//2392 2393//2393 2477//2477 2476//2476
usemtl rock_shadow
f 2393//2393 2394//2394 2478//2478 2477//2477
usemtl rock_cold
f 2394//2394 2395//2395 2479//2479 2478//2478
f 2395//2395 2396//2396 2480//2480 2479//2479
usemtl rock_warm
f 2396//2396 2397//2397 2481//2481 2480//2480
usemtl rock_cold
f 2397//2397 2398//2398 2482//2482 2481//2481
f 2398//2398 2399//2399 2483//2483 2482//2482
f 2399//2399 2400//2400 2484//2484 2483//2483
usemtl rock_warm
f 2400//2400 2401//2401 2485//2485 2484//2484
usemtl rock_shadow
f 2401//2401 2402//2402 2486//2486 2485//2485
usemtl rock_cold
f 2402//2402 2403//2403 2487//2487 2486//2486
f 2403//2403 2404//2404 2488//2488 2487//2487
f 2404//2404 2405//2405 2489//2489 2488//2488
f 2405//2405 2406//2406 2490//2490 2489//2489
f 2406//2406 2407//2407 2491//2491 2490//2490
f 2407//2407 2408//2408 2492//2492 2491//2491
usemtl rock_shadow
f 2408//2408 2409//2409 2493//2493 2492//2492
usemtl rock_cold
f 2409//2409 2410//2410 2494//2494 2493//2493
usemtl rock_warm
f 2410//2410 2411//2411 2495//2495 2494//2494
usemtl rock_cold
f 2411//2411 2412//2412 2496//2496 2495//2495
usemtl rock_warm
f 2412//2412 2413//2413 2497//2497 2496//2496
usemtl rock_cold
f 2413//2413 2414//2414 2498//2498 2497//2497
f 2414//2414 2415//2415 2499//2499 2498//2498
f 2415//2415 2416//2416 2500//2500 2499//2499
usemtl rock_shadow
f 2416//2416 2417//2417 2501//2501 2500//2500
usemtl rock_cold
f 2417//2417 2418//2418 2502//2502 2501//2501
f 2418//2418 2419//2419 2503//2503 2502//2502
usemtl rock_shadow
f 2419//2419 2420//2420 2504//2504 2503//2503
usemtl rock_cold
f 2420//2420 2421//2421 2505//2505 2504//2504
f 2421//2421 2422//2422 2506//2506 2505//2505
f 2422//2422 2423//2423 2507//2507 2506//2506
f 2423//2423 2424//2424 2508//2508 2507//2507
f 2424//2424 2425//2425 2509//2509 2508//2508
usemtl rock_shadow
f 2425//2425 2426//2426 2510//2510 2509//2509
usemtl rock_cold
f 2426//2426 2427//2427 2511//2511 2510//2510
f 2427//2427 2428//2428 2512//2512 2511//2511
f 2428//2428 2429//2429 2513//2513 2512//2512
f 2429//2429 2430//2430 2514//2514 2513//2513
f 2430//2430 2431//2431 2515//2515 2514//2514
f 2431//2431 2432//2432 2516//2516 2515//2515
f 2432//2432 2433//2433 2517//2517 2516//2516
f 2433//2433 2434//2434 2518//2518 2517//2517
f 2434//2434 2435//2435 2519//2519 2518//2518
f 2435//2435 2436//2436 2520//2520 2519//2519
f 2436//2436 2353//2353 2437//2437 2520//2520
f 2437//2437 2438//2438 2522//2522 2521//2521
usemtl rock_shadow
f 2438//2438 2439//2439 2523//2523 2522//2522
usemtl rock_cold
f 2439//2439 2440//2440 2524//2524 2523//2523
f 2440//2440 2441//2441 2525//2525 2524//2524
f 2441//2441 2442//2442 2526//2526 2525//2525
usemtl rock_shadow
f 2442//2442 2443//2443 2527//2527 2526//2526
usemtl rock_cold
f 2443//2443 2444//2444 2528//2528 2527//2527
f 2444//2444 2445//2445 2529//2529 2528//2528
f 2445//2445 2446//2446 2530//2530 2529//2529
f 2446//2446 2447//2447 2531//2531 2530//2530
f 2447//2447 2448//2448 2532//2532 2531//2531
f 2448//2448 2449//2449 2533//2533 2532//2532
usemtl rock_warm
f 2449//2449 2450//2450 2534//2534 2533//2533
usemtl rock_cold
f 2450//2450 2451//2451 2535//2535 2534//2534
f 2451//2451 2452//2452 2536//2536 2535//2535
f 2452//2452 2453//2453 2537//2537 2536//2536
f 2453//2453 2454//2454 2538//2538 2537//2537
f 2454//2454 2455//2455 2539//2539 2538//2538
f 2455//2455 2456//2456 2540//2540 2539//2539
f 2456//2456 2457//2457 2541//2541 2540//2540
f 2457//2457 2458//2458 2542//2542 2541//2541
f 2458//2458 2459//2459 2543//2543 2542//2542
f 2459//2459 2460//2460 2544//2544 2543//2543
usemtl rock_shadow
f 2460//2460 2461//2461 2545//2545 2544//2544
usemtl rock_warm
f 2461//2461 2462//2462 2546//2546 2545//2545
usemtl rock_cold
f 2462//2462 2463//2463 2547//2547 2546//2546
f 2463//2463 2464//2464 2548//2548 2547//2547
usemtl rock_warm
f 2464//2464 2465//2465 2549//2549 2548//2548
usemtl rock_cold
f 2465//2465 2466//2466 2550//2550 2549//2549
f 2466//2466 2467//2467 2551//2551 2550//2550
f 2467//2467 2468//2468 2552//2552 2551//2551
f 2468//2468 2469//2469 2553//2553 2552//2552
f 2469//2469 2470//2470 2554//2554 2553//2553
f 2470//2470 2471//2471 2555//2555 2554//2554
f 2471//2471 2472//2472 2556//2556 2555//2555
usemtl rock_warm
f 2472//2472 2473//2473 2557//2557 2556//2556
usemtl rock_cold
f 2473//2473 2474//2474 2558//2558 2557//2557
f 2474//2474 2475//2475 2559//2559 2558//2558
f 2475//2475 2476//2476 2560//2560 2559//2559
f 2476//2476 2477//2477 2561//2561 2560//2560
f 2477//2477 2478//2478 2562//2562 2561//2561
f 2478//2478 2479//2479 2563//2563 2562//2562
f 2479//2479 2480//2480 2564//2564 2563//2563
f 2480//2480 2481//2481 2565//2565 2564//2564
f 2481//2481 2482//2482 2566//2566 2565//2565
f 2482//2482 2483//2483 2567//2567 2566//2566
f 2483//2483 2484//2484 2568//2568 2567//2567
usemtl rock_shadow
f 2484//2484 2485//2485 2569//2569 2568//2568
usemtl rock_cold
f 2485//2485 2486//2486 2570//2570 2569//2569
f 2486//2486 2487//2487 2571//2571 2570//2570
f 2487//2487 2488//2488 2572//2572 2571//2571
f 2488//2488 2489//2489 2573//2573 2572//2572
f 2489//2489 2490//2490 2574//2574 2573//2573
f 2490//2490 2491//2491 2575//2575 2574//2574
f 2491//2491 2492//2492 2576//2576 2575//2575
usemtl rock_shadow
f 2492//2492 2493//2493 2577//2577 2576//2576
usemtl rock_cold
f 2493//2493 2494//2494 2578//2578 2577//2577
usemtl rock_shadow
f 2494//2494 2495//2495 2579//2579 2578//2578
usemtl rock_cold
f 2495//2495 2496//2496 2580//2580 2579//2579
f 2496//2496 2497//2497 2581//2581 2580//2580
usemtl rock_warm
f 2497//2497 2498//2498 2582//2582 2581//2581
usemtl rock_cold
f 2498//2498 2499//2499 2583//2583 2582//2582
usemtl rock_warm
f 2499//2499 2500//2500 2584//2584 2583//2583
usemtl rock_cold
f 2500//2500 2501//2501 2585//2585 2584//2584
f 2501//2501 2502//2502 2586//2586 2585//2585
f 2502//2502 2503//2503 2587//2587 2586//2586
usemtl rock_shadow
f 2503//2503 2504//2504 2588//2588 2587//2587
usemtl rock_cold
f 2504//2504 2505//2505 2589//2589 2588//2588
f 2505//2505 2506//2506 2590//2590 2589//2589
f 2506//2506 2507//2507 2591//2591 2590//2590
f 2507//2507 2508//2508 2592//2592 2591//2591
f 2508//2508 2509//2509 2593//2593 2592//2592
f 2509//2509 2510//2510 2594//2594 2593//2593
f 2510//2510 2511//2511 2595//2595 2594//2594
f 2511//2511 2512//2512 2596//2596 2595//2595
f 2512//2512 2513//2513 2597//2597 2596//2596
f 2513//2513 2514//2514 2598//2598 2597//2597
f 2514//2514 2515//2515 2599//2599 2598//2598
usemtl rock_shadow
f 2515//2515 2516//2516 2600//2600 2599//2599
usemtl rock_cold
f 2516//2516 2517//2517 2601//2601 2600//2600
f 2517//2517 2518//2518 2602//2602 2601//2601
usemtl rock_warm
f 2518//2518 2519//2519 2603//2603 2602//2602
usemtl rock_cold
f 2519//2519 2520//2520 2604//2604 2603//2603
f 2520//2520 2437//2437 2521//2521 2604//2604
f 2521//2521 2522//2522 2606//2606 2605//2605
f 2522//2522 2523//2523 2607//2607 2606//2606
f 2523//2523 2524//2524 2608//2608 2607//2607
f 2524//2524 2525//2525 2609//2609 2608//2608
f 2525//2525 2526//2526 2610//2610 2609//2609
f 2526//2526 2527//2527 2611//2611 2610//2610
f 2527//2527 2528//2528 2612//2612 2611//2611
f 2528//2528 2529//2529 2613//2613 2612//2612
f 2529//2529 2530//2530 2614//2614 2613//2613
usemtl rock_shadow
f 2530//2530 2531//2531 2615//2615 2614//2614
usemtl rock_cold
f 2531//2531 2532//2532 2616//2616 2615//2615
f 2532//2532 2533//2533 2617//2617 2616//2616
f 2533//2533 2534//2534 2618//2618 2617//2617
f 2534//2534 2535//2535 2619//2619 2618//2618
f 2535//2535 2536//2536 2620//2620 2619//2619
f 2536//2536 2537//2537 2621//2621 2620//2620
f 2537//2537 2538//2538 2622//2622 2621//2621
usemtl rock_shadow
f 2538//2538 2539//2539 2623//2623 2622//2622
usemtl rock_cold
f 2539//2539 2540//2540 2624//2624 2623//2623
f 2540//2540 2541//2541 2625//2625 2624//2624
f 2541//2541 2542//2542 2626//2626 2625//2625
f 2542//2542 2543//2543 2627//2627 2626//2626
f 2543//2543 2544//2544 2628//2628 2627//2627
f 2544//2544 2545//2545 2629//2629 2628//2628
f 2545//2545 2546//2546 2630//2630 2629//2629
f 2546//2546 2547//2547 2631//2631 2630//2630
f 2547//2547 2548//2548 2632//2632 2631//2631
f 2548//2548 2549//2549 2633//2633 2632//2632
f 2549//2549 2550//2550 2634//2634 2633//2633
f 2550//2550 2551//2551 2635//2635 2634//2634
f 2551//2551 2552//2552 2636//2636 2635//2635
usemtl rock_shadow
f 2552//2552 2553//2553 2637//2637 2636//2636
usemtl rock_warm
f 2553//2553 2554//2554 2638//2638 2637//2637
usemtl rock_cold
f 2554//2554 2555//2555 2639//2639 2638//2638
f 2555//2555 2556//2556 2640//2640 2639//2639
usemtl rock_shadow
f 2556//2556 2557//2557 2641//2641 2640//2640
usemtl rock_cold
f 2557//2557 2558//2558 2642//2642 2641//2641
f 2558//2558 2559//2559 2643//2643 2642//2642
usemtl rock_warm
f 2559//2559 2560//2560 2644//2644 2643//2643
usemtl rock_cold
f 2560//2560 2561//2561 2645//2645 2644//2644
f 2561//2561 2562//2562 2646//2646 2645//2645
f 2562//2562 2563//2563 2647//2647 2646//2646
usemtl rock_warm
f 2563//2563 2564//2564 2648//2648 2647//2647
usemtl rock_cold
f 2564//2564 2565//2565 2649//2649 2648//2648
f 2565//2565 2566//2566 2650//2650 2649//2649
f 2566//2566 2567//2567 2651//2651 2650//2650
f 2567//2567 2568//2568 2652//2652 2651//2651
f 2568//2568 2569//2569 2653//2653 2652//2652
f 2569//2569 2570//2570 2654//2654 2653//2653
f 2570//2570 2571//2571 2655//2655 2654//2654
f 2571//2571 2572//2572 2656//2656 2655//2655
f 2572//2572 2573//2573 2657//2657 2656//2656
usemtl rock_shadow
f 2573//2573 2574//2574 2658//2658 2657//2657
usemtl rock_cold
f 2574//2574 2575//2575 2659//2659 2658//2658
f 2575//2575 2576//2576 2660//2660 2659//2659
f 2576//2576 2577//2577 2661//2661 2660//2660
f 2577//2577 2578//2578 2662//2662 2661//2661
f 2578//2578 2579//2579 2663//2663 2662//2662
f 2579//2579 2580//2580 2664//2664 2663//2663
f 2580//2580 2581//2581 2665//2665 2664//2664
f 2581//2581 2582//2582 2666//2666 2665//2665
f 2582//2582 2583//2583 2667//2667 2666//2666
f 2583//2583 2584//2584 2668//2668 2667//2667
f 2584//2584 2585//2585 2669//2669 2668//2668
usemtl rock_shadow
f 2585//2585 2586//2586 2670//2670 2669//2669
usemtl rock_cold
f 2586//2586 2587//2587 2671//2671 2670//2670
f 2587//2587 2588//2588 2672//2672 2671//2671
f 2588//2588 2589//2589 2673//2673 2672//2672
f 2589//2589 2590//2590 2674//2674 2673//2673
f 2590//2590 2591//2591 2675//2675 2674//2674
f 2591//2591 2592//2592 2676//2676 2675//2675
f 2592//2592 2593//2593 2677//2677 2676//2676
f 2593//2593 2594//2594 2678//2678 2677//2677
f 2594//2594 2595//2595 2679//2679 2678//2678
f 2595//2595 2596//2596 2680//2680 2679//2679
f 2596//2596 2597//2597 2681//2681 2680//2680
f 2597//2597 2598//2598 2682//2682 2681//2681
f 2598//2598 2599//2599 2683//2683 2682//2682
f 2599//2599 2600//2600 2684//2684 2683//2683
f 2600//2600 2601//2601 2685//2685 2684//2684
f 2601//2601 2602//2602 2686//2686 2685//2685
f 2602//2602 2603//2603 2687//2687 2686//2686
f 2603//2603 2604//2604 2688//2688 2687//2687
f 2604//2604 2521//2521 2605//2605 2688//2688
f 2605//2605 2606//2606 2690//2690 2689//2689
f 2606//2606 2607//2607 2691//2691 2690//2690
f 2607//2607 2608//2608 2692//2692 2691//2691
f 2608//2608 2609//2609 2693//2693 2692//2692
f 2609//2609 2610//2610 2694//2694 2693//2693
usemtl rock_shadow
f 2610//2610 2611//2611 2695//2695 2694//2694
f 2611//2611 2612//2612 2696//2696 2695//2695
usemtl rock_cold
f 2612//2612 2613//2613 2697//2697 2696//2696
usemtl rock_shadow
f 2613//2613 2614//2614 2698//2698 2697//2697
usemtl rock_cold
f 2614//2614 2615//2615 2699//2699 2698//2698
f 2615//2615 2616//2616 2700//2700 2699//2699
f 2616//2616 2617//2617 2701//2701 2700//2700
f 2617//2617 2618//2618 2702//2702 2701//2701
f 2618//2618 2619//2619 2703//2703 2702//2702
f 2619//2619 2620//2620 2704//2704 2703//2703
f 2620//2620 2621//2621 2705//2705 2704//2704
f 2621//2621 2622//2622 2706//2706 2705//2705
f 2622//2622 2623//2623 2707//2707 2706//2706
f 2623//2623 2624//2624 2708//2708 2707//2707
f 2624//2624 2625//2625 2709//2709 2708//2708
usemtl rock_shadow
f 2625//2625 2626//2626 2710//2710 2709//2709
usemtl rock_cold
f 2626//2626 2627//2627 2711//2711 2710//2710
usemtl rock_warm
f 2627//2627 2628//2628 2712//2712 2711//2711
f 2628//2628 2629//2629 2713//2713 2712//2712
usemtl rock_cold
f 2629//2629 2630//2630 2714//2714 2713//2713
f 2630//2630 2631//2631 2715//2715 2714//2714
f 2631//2631 2632//2632 2716//2716 2715//2715
f 2632//2632 2633//2633 2717//2717 2716//2716
f 2633//2633 2634//2634 2718//2718 2717//2717
f 2634//2634 2635//2635 2719//2719 2718//2718
usemtl rock_shadow
f 2635//2635 2636//2636 2720//2720 2719//2719
usemtl rock_cold
f 2636//2636 2637//2637 2721//2721 2720//2720
f 2637//2637 2638//2638 2722//2722 2721//2721
f 2638//2638 2639//2639 2723//2723 2722//2722
f 2639//2639 2640//2640 2724//2724 2723//2723
f 2640//2640 2641//2641 2725//2725 2724//2724
f 2641//2641 2642//2642 2726//2726 2725//2725
usemtl rock_shadow
f 2642//2642 2643//2643 2727//2727 2726//2726
usemtl rock_cold
f 2643//2643 2644//2644 2728//2728 2727//2727
f 2644//2644 2645//2645 2729//2729 2728//2728
f 2645//2645 2646//2646 2730//2730 2729//2729
f 2646//2646 2647//2647 2731//2731 2730//2730
f 2647//2647 2648//2648 2732//2732 2731//2731
f 2648//2648 2649//2649 2733//2733 2732//2732
f 2649//2649 2650//2650 2734//2734 2733//2733
usemtl rock_shadow
f 2650//2650 2651//2651 2735//2735 2734//2734
usemtl rock_cold
f 2651//2651 2652//2652 2736//2736 2735//2735
f 2652//2652 2653//2653 2737//2737 2736//2736
usemtl rock_warm
f 2653//2653 2654//2654 2738//2738 2737//2737
usemtl rock_cold
f 2654//2654 2655//2655 2739//2739 2738//2738
f 2655//2655 2656//2656 2740//2740 2739//2739
f 2656//2656 2657//2657 2741//2741 2740//2740
f 2657//2657 2658//2658 2742//2742 2741//2741
f 2658//2658 2659//2659 2743//2743 2742//2742
f 2659//2659 2660//2660 2744//2744 2743//2743
f 2660//2660 2661//2661 2745//2745 2744//2744
f 2661//2661 2662//2662 2746//2746 2745//2745
f 2662//2662 2663//2663 2747//2747 2746//2746
usemtl rock_warm
f 2663//2663 2664//2664 2748//2748 2747//2747
usemtl rock_cold
f 2664//2664 2665//2665 2749//2749 2748//2748
f 2665//2665 2666//2666 2750//2750 2749//2749
f 2666//2666 2667//2667 2751//2751 2750//2750
usemtl rock_shadow
f 2667//2667 2668//2668 2752//2752 2751//2751
usemtl rock_cold
f 2668//2668 2669//2669 2753//2753 2752//2752
f 2669//2669 2670//2670 2754//2754 2753//2753
f 2670//2670 2671//2671 2755//2755 2754//2754
usemtl rock_shadow
f 2671//2671 2672//2672 2756//2756 2755//2755
usemtl rock_cold
f 2672//2672 2673//2673 2757//2757 2756//2756
f 2673//2673 2674//2674 2758//2758 2757//2757
f 2674//2674 2675//2675 2759//2759 2758//2758
f 2675//2675 2676//2676 2760//2760 2759//2759
f 2676//2676 2677//2677 2761//2761 2760//2760
f 2677//2677 2678//2678 2762//2762 2761//2761
f 2678//2678 2679//2679 2763//2763 2762//2762
f 2679//2679 2680//2680 2764//2764 2763//2763
f 2680//2680 2681//2681 2765//2765 2764//2764
f 2681//2681 2682//2682 2766//2766 2765//2765
f 2682//2682 2683//2683 2767//2767 2766//2766
f 2683//2683 2684//2684 2768//2768 2767//2767
f 2684//2684 2685//2685 2769//2769 2768//2768
f 2685//2685 2686//2686 2770//2770 2769//2769
f 2686//2686 2687//2687 2771//2771 2770//2770
usemtl rock_warm
f 2687//2687 2688//2688 2772//2772 2771//2771
usemtl rock_cold
f 2688//2688 2605//2605 2689//2689 2772//2772
f 2689//2689 2690//2690 2774//2774 2773//2773
f 2690//2690 2691//2691 2775//2775 2774//2774
f 2691//2691 2692//2692 2776//2776 2775//2775
usemtl rock_warm
f 2692//2692 2693//2693 2777//2777 2776//2776
usemtl rock_cold
f 2693//2693 2694//2694 2778//2778 2777//2777
f 2694//2694 2695//2695 2779//2779 2778//2778
usemtl rock_shadow
f 2695//2695 2696//2696 2780//2780 2779//2779
usemtl rock_cold
f 2696//2696 2697//2697 2781//2781 2780//2780
f 2697//2697 2698//2698 2782//2782 2781//2781
f 2698//2698 2699//2699 2783//2783 2782//2782
usemtl rock_shadow
f 2699//2699 2700//2700 2784//2784 2783//2783
usemtl rock_warm
f 2700//2700 2701//2701 2785//2785 2784//2784
usemtl rock_shadow
f 2701//2701 2702//2702 2786//2786 2785//2785
usemtl rock_warm
f 2702//2702 2703//2703 2787//2787 2786//2786
usemtl rock_cold
f 2703//2703 2704//2704 2788//2788 2787//2787
f 2704//2704 2705//2705 2789//2789 2788//2788
f 2705//2705 2706//2706 2790//2790 2789//2789
f 2706//2706 2707//2707 2791//2791 2790//2790
f 2707//2707 2708//2708 2792//2792 2791//2791
f 2708//2708 2709//2709 2793//2793 2792//2792
usemtl rock_warm
f 2709//2709 2710//2710 2794//2794 2793//2793
usemtl rock_shadow
f 2710//2710 2711//2711 2795//2795 2794//2794
f 2711//2711 2712//2712 2796//2796 2795//2795
usemtl rock_cold
f 2712//2712 2713//2713 2797//2797 2796//2796
f 2713//2713 2714//2714 2798//2798 2797//2797
f 2714//2714 2715//2715 2799//2799 2798//2798
f 2715//2715 2716//2716 2800//2800 2799//2799
f 2716//2716 2717//2717 2801//2801 2800//2800
f 2717//2717 2718//2718 2802//2802 2801//2801
usemtl rock_shadow
f 2718//2718 2719//2719 2803//2803 2802//2802
usemtl rock_cold
f 2719//2719 2720//2720 2804//2804 2803//2803
f 2720//2720 2721//2721 2805//2805 2804//2804
f 2721//2721 2722//2722 2806//2806 2805//2805
usemtl rock_shadow
f 2722//2722 2723//2723 2807//2807 2806//2806
usemtl rock_cold
f 2723//2723 2724//2724 2808//2808 2807//2807
f 2724//2724 2725//2725 2809//2809 2808//2808
f 2725//2725 2726//2726 2810//2810 2809//2809
f 2726//2726 2727//2727 2811//2811 2810//2810
f 2727//2727 2728//2728 2812//2812 2811//2811
usemtl rock_shadow
f 2728//2728 2729//2729 2813//2813 2812//2812
usemtl rock_cold
f 2729//2729 2730//2730 2814//2814 2813//2813
f 2730//2730 2731//2731 2815//2815 2814//2814
f 2731//2731 2732//2732 2816//2816 2815//2815
usemtl rock_warm
f 2732//2732 2733//2733 2817//2817 2816//2816
usemtl rock_shadow
f 2733//2733 2734//2734 2818//2818 2817//2817
usemtl rock_cold
f 2734//2734 2735//2735 2819//2819 2818//2818
usemtl rock_shadow
f 2735//2735 2736//2736 2820//2820 2819//2819
usemtl rock_cold
f 2736//2736 2737//2737 2821//2821 2820//2820
f 2737//2737 2738//2738 2822//2822 2821//2821
f 2738//2738 2739//2739 2823//2823 2822//2822
f 2739//2739 2740//2740 2824//2824 2823//2823
f 2740//2740 2741//2741 2825//2825 2824//2824
usemtl rock_warm
f 2741//2741 2742//2742 2826//2826 2825//2825
f 2742//2742 2743//2743 2827//2827 2826//2826
usemtl rock_cold
f 2743//2743 2744//2744 2828//2828 2827//2827
f 2744//2744 2745//2745 2829//2829 2828//2828
f 2745//2745 2746//2746 2830//2830 2829//2829
f 2746//2746 2747//2747 2831//2831 2830//2830
f 2747//2747 2748//2748 2832//2832 2831//2831
f 2748//2748 2749//2749 2833//2833 2832//2832
f 2749//2749 2750//2750 2834//2834 2833//2833
f 2750//2750 2751//2751 2835//2835 2834//2834
f 2751//2751 2752//2752 2836//2836 2835//2835
f 2752//2752 2753//2753 2837//2837 2836//2836
f 2753//2753 2754//2754 2838//2838 2837//2837
f 2754//2754 2755//2755 2839//2839 2838//2838
usemtl rock_warm
f 2755//2755 2756//2756 2840//2840 2839//2839
usemtl rock_cold
f 2756//2756 2757//2757 2841//2841 2840//2840
f 2757//2757 2758//2758 2842//2842 2841//2841
usemtl rock_shadow
f 2758//2758 2759//2759 2843//2843 2842//2842
usemtl rock_cold
f 2759//2759 2760//2760 2844//2844 2843//2843
f 2760//2760 2761//2761 2845//2845 2844//2844
f 2761//2761 2762//2762 2846//2846 2845//2845
f 2762//2762 2763//2763 2847//2847 2846//2846
f 2763//2763 2764//2764 2848//2848 2847//2847
f 2764//2764 2765//2765 2849//2849 2848//2848
f 2765//2765 2766//2766 2850//2850 2849//2849
f 2766//2766 2767//2767 2851//2851 2850//2850
f 2767//2767 2768//2768 2852//2852 2851//2851
f 2768//2768 2769//2769 2853//2853 2852//2852
f 2769//2769 2770//2770 2854//2854 2853//2853
f 2770//2770 2771//2771 2855//2855 2854//2854
f 2771//2771 2772//2772 2856//2856 2855//2855
f 2772//2772 2689//2689 2773//2773 2856//2856
f 2773//2773 2774//2774 2858//2858 2857//2857
f 2774//2774 2775//2775 2859//2859 2858//2858
f 2775//2775 2776//2776 2860//2860 2859//2859
f 2776//2776 2777//2777 2861//2861 2860//2860
usemtl rock_shadow
f 2777//2777 2778//2778 2862//2862 2861//2861
usemtl rock_cold
f 2778//2778 2779//2779 2863//2863 2862//2862
f 2779//2779 2780//2780 2864//2864 2863//2863
f 2780//2780 2781//2781 2865//2865 2864//2864
f 2781//2781 2782//2782 2866//2866 2865//2865
f 2782//2782 2783//2783 2867//2867 2866//2866
f 2783//2783 2784//2784 2868//2868 2867//2867
f 2784//2784 2785//2785 2869//2869 2868//2868
f 2785//2785 2786//2786 2870//2870 2869//2869
f 2786//2786 2787//2787 2871//2871 2870//2870
f 2787//2787 2788//2788 2872//2872 2871//2871
usemtl rock_shadow
f 2788//2788 2789//2789 2873//2873 2872//2872
usemtl rock_cold
f 2789//2789 2790//2790 2874//2874 2873//2873
f 2790//2790 2791//2791 2875//2875 2874//2874
f 2791//2791 2792//2792 2876//2876 2875//2875
usemtl rock_shadow
f 2792//2792 2793//2793 2877//2877 2876//2876
usemtl rock_cold
f 2793//2793 2794//2794 2878//2878 2877//2877
f 2794//2794 2795//2795 2879//2879 2878//2878
f 2795//2795 2796//2796 2880//2880 2879//2879
f 2796//2796 2797//2797 2881//2881 2880//2880
usemtl rock_shadow
f 2797//2797 2798//2798 2882//2882 2881//2881
usemtl rock_cold
f 2798//2798 2799//2799 2883//2883 2882//2882
f 2799//2799 2800//2800 2884//2884 2883//2883
f 2800//2800 2801//2801 2885//2885 2884//2884
f 2801//2801 2802//2802 2886//2886 2885//2885
f 2802//2802 2803//2803 2887//2887 2886//2886
f 2803//2803 2804//2804 2888//2888 2887//2887
f 2804//2804 2805//2805 2889//2889 2888//2888
f 2805//2805 2806//2806 2890//2890 2889//2889
usemtl rock_warm
f 2806//2806 2807//2807 2891//2891 2890//2890
usemtl rock_cold
f 2807//2807 2808//2808 2892//2892 2891//2891
f 2808//2808 2809//2809 2893//2893 2892//2892
usemtl rock_shadow
f 2809//2809 2810//2810 2894//2894 2893//2893
usemtl rock_cold
f 2810//2810 2811//2811 2895//2895 2894//2894
f 2811//2811 2812//2812 2896//2896 2895//2895
f 2812//2812 2813//2813 2897//2897 2896//2896
usemtl rock_shadow
f 2813//2813 2814//2814 2898//2898 2897//2897
usemtl rock_cold
f 2814//2814 2815//2815 2899//2899 2898//2898
f 2815//2815 2816//2816 2900//2900 2899//2899
f 2816//2816 2817//2817 2901//2901 2900//2900
f 2817//2817 2818//2818 2902//2902 2901//2901
f 2818//2818 2819//2819 2903//2903 2902//2902
f 2819//2819 2820//2820 2904//2904 2903//2903
f 2820//2820 2821//2821 2905//2905 2904//2904
f 2821//2821 2822//2822 2906//2906 2905//2905
f 2822//2822 2823//2823 2907//2907 2906//2906
f 2823//2823 2824//2824 2908//2908 2907//2907
f 2824//2824 2825//2825 2909//2909 2908//2908
usemtl rock_shadow
f 2825//2825 2826//2826 2910//2910 2909//2909
usemtl rock_cold
f 2826//2826 2827//2827 2911//2911 2910//2910
f 2827//2827 2828//2828 2912//2912 2911//2911
f 2828//2828 2829//2829 2913//2913 2912//2912
f 2829//2829 2830//2830 2914//2914 2913//2913
usemtl rock_warm
f 2830//2830 2831//2831 2915//2915 2914//2914
usemtl rock_cold
f 2831//2831 2832//2832 2916//2916 2915//2915
f 2832//2832 2833//2833 2917//2917 2916//2916
f 2833//2833 2834//2834 2918//2918 2917//2917
f 2834//2834 2835//2835 2919//2919 2918//2918
f 2835//2835 2836//2836 2920//2920 2919//2919
f 2836//2836 2837//2837 2921//2921 2920//2920
f 2837//2837 2838//2838 2922//2922 2921//2921
f 2838//2838 2839//2839 2923//2923 2922//2922
usemtl rock_shadow
f 2839//2839 2840//2840 2924//2924 2923//2923
usemtl rock_cold
f 2840//2840 2841//2841 2925//2925 2924//2924
f 2841//2841 2842//2842 2926//2926 2925//2925
f 2842//2842 2843//2843 2927//2927 2926//2926
usemtl rock_shadow
f 2843//2843 2844//2844 2928//2928 2927//2927
usemtl rock_cold
f 2844//2844 2845//2845 2929//2929 2928//2928
f 2845//2845 2846//2846 2930//2930 2929//2929
f 2846//2846 2847//2847 2931//2931 2930//2930
f 2847//2847 2848//2848 2932//2932 2931//2931
f 2848//2848 2849//2849 2933//2933 2932//2932
f 2849//2849 2850//2850 2934//2934 2933//2933
usemtl rock_warm
f 2850//2850 2851//2851 2935//2935 2934//2934
usemtl rock_cold
f 2851//2851 2852//2852 2936//2936 2935//2935
f 2852//2852 2853//2853 2937//2937 2936//2936
f 2853//2853 2854//2854 2938//2938 2937//2937
f 2854//2854 2855//2855 2939//2939 2938//2938
f 2855//2855 2856//2856 2940//2940 2939//2939
f 2856//2856 2773//2773 2857//2857 2940//2940
f 2857//2857 2858//2858 2942//2942 2941//2941
f 2858//2858 2859//2859 2943//2943 2942//2942
f 2859//2859 2860//2860 2944//2944 2943//2943
f 2860//2860 2861//2861 2945//2945 2944//2944
f 2861//2861 2862//2862 2946//2946 2945//2945
f 2862//2862 2863//2863 2947//2947 2946//2946
f 2863//2863 2864//2864 2948//2948 2947//2947
f 2864//2864 2865//2865 2949//2949 2948//2948
f 2865//2865 2866//2866 2950//2950 2949//2949
f 2866//2866 2867//2867 2951//2951 2950//2950
f 2867//2867 2868//2868 2952//2952 2951//2951
f 2868//2868 2869//2869 2953//2953 2952//2952
f 2869//2869 2870//2870 2954//2954 2953//2953
f 2870//2870 2871//2871 2955//2955 2954//2954
f 2871//2871 2872//2872 2956//2956 2955//2955
f 2872//2872 2873//2873 2957//2957 2956//2956
f 2873//2873 2874//2874 2958//2958 2957//2957
f 2874//2874 2875//2875 2959//2959 2958//2958
f 2875//2875 2876//2876 2960//2960 2959//2959
f 2876//2876 2877//2877 2961//2961 2960//2960
f 2877//2877 2878//2878 2962//2962 2961//2961
f 2878//2878 2879//2879 2963//2963 2962//2962
f 2879//2879 2880//2880 2964//2964 2963//2963
f 2880//2880 2881//2881 2965//2965 2964//2964
f 2881//2881 2882//2882 2966//2966 2965//2965
usemtl rock_shadow
f 2882//2882 2883//2883 2967//2967 2966//2966
usemtl rock_cold
f 2883//2883 2884//2884 2968//2968 2967//2967
f 2884//2884 2885//2885 2969//2969 2968//2968
f 2885//2885 2886//2886 2970//2970 2969//2969
f 2886//2886 2887//2887 2971//2971 2970//2970
f 2887//2887 2888//2888 2972//2972 2971//2971
f 2888//2888 2889//2889 2973//2973 2972//2972
f 2889//2889 2890//2890 2974//2974 2973//2973
f 2890//2890 2891//2891 2975//2975 2974//2974
f 2891//2891 2892//2892 2976//2976 2975//2975
f 2892//2892 2893//2893 2977//2977 2976//2976
f 2893//2893 2894//2894 2978//2978 2977//2977
f 2894//2894 2895//2895 2979//2979 2978//2978
f 2895//2895 2896//2896 2980//2980 2979//2979
f 2896//2896 2897//2897 2981//2981 2980//2980
f 2897//2897 2898//2898 2982//2982 2981//2981
f 2898//2898 2899//2899 2983//2983 2982//2982
f 2899//2899 2900//2900 2984//2984 2983//2983
f 2900//2900 2901//2901 2985//2985 2984//2984
f 2901//2901 2902//2902 2986//2986 2985//2985
usemtl rock_shadow
f 2902//2902 2903//2903 2987//2987 2986//2986
usemtl rock_cold
f 2903//2903 2904//2904 2988//2988 2987//2987
f 2904//2904 2905//2905 2989//2989 2988//2988
usemtl rock_shadow
f 2905//2905 2906//2906 2990//2990 2989//2989
usemtl rock_warm
f 2906//2906 2907//2907 2991//2991 2990//2990
usemtl rock_cold
f 2907//2907 2908//2908 2992//2992 2991//2991
f 2908//2908 2909//2909 2993//2993 2992//2992
f 2909//2909 2910//2910 2994//2994 2993//2993
f 2910//2910 2911//2911 2995//2995 2994//2994
f 2911//2911 2912//2912 2996//2996 2995//2995
f 2912//2912 2913//2913 2997//2997 2996//2996
f 2913//2913 2914//2914 2998//2998 2997//2997
f 2914//2914 2915//2915 2999//2999 2998//2998
f 2915//2915 2916//2916 3000//3000 2999//2999
f 2916//2916 2917//2917 3001//3001 3000//3000
f 2917//2917 2918//2918 3002//3002 3001//3001
f 2918//2918 2919//2919 3003//3003 3002//3002
f 2919//2919 2920//2920 3004//3004 3003//3003
f 2920//2920 2921//2921 3005//3005 3004//3004
f 2921//2921 2922//2922 3006//3006 3005//3005
f 2922//2922 2923//2923 3007//3007 3006//3006
usemtl rock_shadow
f 2923//2923 2924//2924 3008//3008 3007//3007
usemtl rock_cold
f 2924//2924 2925//2925 3009//3009 3008//3008
usemtl rock_shadow
f 2925//2925 2926//2926 3010//3010 3009//3009
usemtl rock_cold
f 2926//2926 2927//2927 3011//3011 3010//3010
usemtl rock_shadow
f 2927//2927 2928//2928 3012//3012 3011//3011
usemtl rock_cold
f 2928//2928 2929//2929 3013//3013 3012//3012
f 2929//2929 2930//2930 3014//3014 3013//3013
f 2930//2930 2931//2931 3015//3015 3014//3014
usemtl rock_shadow
f 2931//2931 2932//2932 3016//3016 3015//3015
usemtl rock_cold
f 2932//2932 2933//2933 3017//3017 3016//3016
f 2933//2933 2934//2934 3018//3018 3017//3017
usemtl rock_shadow
f 2934//2934 2935//2935 3019//3019 3018//3018
usemtl rock_cold
f 2935//2935 2936//2936 3020//3020 3019//3019
f 2936//2936 2937//2937 3021//3021 3020//3020
f 2937//2937 2938//2938 3022//3022 3021//3021
f 2938//2938 2939//2939 3023//3023 3022//3022
usemtl rock_warm
f 2939//2939 2940//2940 3024//3024 3023//3023
usemtl rock_cold
f 2940//2940 2857//2857 2941//2941 3024//3024
usemtl rock_shadow
f 3025//3025 2//2 1//1
f 3025//3025 3//3 2//2
f 3025//3025 4//4 3//3
f 3025//3025 5//5 4//4
f 3025//3025 6//6 5//5
f 3025//3025 7//7 6//6
f 3025//3025 8//8 7//7
f 3025//3025 9//9 8//8
f 3025//3025 10//10 9//9
f 3025//3025 11//11 10//10
f 3025//3025 12//12 11//11
f 3025//3025 13//13 12//12
f 3025//3025 14//14 13//13
f 3025//3025 15//15 14//14
f 3025//3025 16//16 15//15
f 3025//3025 17//17 16//16
f 3025//3025 18//18 17//17
f 3025//3025 19//19 18//18
f 3025//3025 20//20 19//19
f 3025//3025 21//21 20//20
f 3025//3025 22//22 21//21
f 3025//3025 23//23 22//22
f 3025//3025 24//24 23//23
f 3025//3025 25//25 24//24
f 3025//3025 26//26 25//25
f 3025//3025 27//27 26//26
f 3025//3025 28//28 27//27
f 3025//3025 29//29 28//28
f 3025//3025 30//30 29//29
f 3025//3025 31//31 30//30
f 3025//3025 32//32 31//31
f 3025//3025 33//33 32//32
f 3025//3025 34//34 33//33
f 3025//3025 35//35 34//34
f 3025//3025 36//36 35//35
f 3025//3025 37//37 36//36
f 3025//3025 38//38 37//37
f 3025//3025 39//39 38//38
f 3025//3025 40//40 39//39
f 3025//3025 41//41 40//40
f 3025//3025 42//42 41//41
f 3025//3025 43//43 42//42
f 3025//3025 44//44 43//43
f 3025//3025 45//45 44//44
f 3025//3025 46//46 45//45
f 3025//3025 47//47 46//46
f 3025//3025 48//48 47//47
f 3025//3025 49//49 48//48
f 3025//3025 50//50 49//49
f 3025//3025 51//51 50//50
f 3025//3025 52//52 51//51
f 3025//3025 53//53 52//52
f 3025//3025 54//54 53//53
f 3025//3025 55//55 54//54
f 3025//3025 56//56 55//55
f 3025//3025 57//57 56//56
f 3025//3025 58//58 57//57
f 3025//3025 59//59 58//58
f 3025//3025 60//60 59//59
f 3025//3025 61//61 60//60
f 3025//3025 62//62 61//61
f 3025//3025 63//63 62//62
f 3025//3025 64//64 63//63
f 3025//3025 65//65 64//64
f 3025//3025 66//66 65//65
f 3025//3025 67//67 66//66
f 3025//3025 68//68 67//67
f 3025//3025 69//69 68//68
f 3025//3025 70//70 69//69
f 3025//3025 71//71 70//70
f 3025//3025 72//72 71//71
f 3025//3025 73//73 72//72
f 3025//3025 74//74 73//73
f 3025//3025 75//75 74//74
f 3025//3025 76//76 75//75
f 3025//3025 77//77 76//76
f 3025//3025 78//78 77//77
f 3025//3025 79//79 78//78
f 3025//3025 80//80 79//79
f 3025//3025 81//81 80//80
f 3025//3025 82//82 81//81
f 3025//3025 83//83 82//82
f 3025//3025 84//84 83//83
f 3025//3025 1//1 84//84
usemtl snow_top
f 3026//3026 3027//3027 3028//3028 3029//3029
f 3030//3030 3031//3031 3032//3032 3033//3033
f 3034//3034 3035//3035 3036//3036 3037//3037
f 3035//3035 3038//3038 3039//3039 3036//3036
f 3038//3038 3040//3040 3041//3041 3039//3039
f 3040//3040 3042//3042 3043//3043 3041//3041
f 3042//3042 3044//3044 3045//3045 3043//3043
f 3046//3046 3047//3047 3048//3048 3049//3049
f 3047//3047 3050//3050 3051//3051 3048//3048
f 3050//3050 3052//3052 3053//3053 3051//3051
f 3052//3052 3054//3054 3055//3055 3053//3053
f 3054//3054 3056//3056 3057//3057 3055//3055
f 3056//3056 3058//3058 3059//3059 3057//3057
f 3058//3058 3060//3060 3061//3061 3059//3059
f 3060//3060 3062//3062 3063//3063 3061//3061
f 3062//3062 3064//3064 3065//3065 3063//3063
f 3064//3064 3066//3066 3067//3067 3065//3065
f 3066//3066 3068//3068 3069//3069 3067//3067
f 3070//3070 3071//3071 3072//3072 3073//3073
f 3071//3071 3074//3074 3075//3075 3072//3072
f 3074//3074 3076//3076 3077//3077 3075//3075
f 3076//3076 3078//3078 3079//3079 3077//3077
f 3078//3078 3080//3080 3081//3081 3079//3079
f 3080//3080 3082//3082 3083//3083 3081//3081
f 3082//3082 3029//3029 3084//3084 3083//3083
f 3029//3029 3028//3028 3085//3085 3084//3084
f 3028//3028 3086//3086 3087//3087 3085//3085
f 3086//3086 3088//3088 3089//3089 3087//3087
f 3088//3088 3090//3090 3091//3091 3089//3089
f 3092//3092 3093//3093 3094//3094 3095//3095
f 3093//3093 3096//3096 3097//3097 3094//3094
f 3098//3098 3099//3099 3100//3100 3101//3101
f 3099//3099 3102//3102 3103//3103 3100//3100
f 3102//3102 3104//3104 3105//3105 3103//3103
f 3106//3106 3107//3107 3108//3108 3109//3109
f 3110//3110 3111//3111 3112//3112 3113//3113
f 3114//3114 3115//3115 3116//3116 3117//3117
f 3115//3115 3118//3118 3119//3119 3116//3116
f 3118//3118 3120//3120 3121//3121 3119//3119
f 3120//3120 3122//3122 3123//3123 3121//3121
f 3122//3122 3033//3033 3124//3124 3123//3123
f 3033//3033 3032//3032 3125//3125 3124//3124
f 3032//3032 3126//3126 3127//3127 3125//3125
f 3126//3126 3128//3128 3129//3129 3127//3127
f 3128//3128 3130//3130 3131//3131 3129//3129
f 3130//3130 3034//3034 3037//3037 3131//3131
f 3037//3037 3036//3036 3132//3132 3133//3133
f 3036//3036 3039//3039 3134//3134 3132//3132
f 3039//3039 3041//3041 3135//3135 3134//3134
f 3041//3041 3043//3043 3136//3136 3135//3135
f 3043//3043 3045//3045 3137//3137 3136//3136
f 3045//3045 3138//3138 3139//3139 3137//3137
f 3138//3138 3140//3140 3141//3141 3139//3139
f 3140//3140 3049//3049 3142//3142 3141//3141
f 3049//3049 3048//3048 3143//3143 3142//3142
f 3048//3048 3051//3051 3144//3144 3143//3143
f 3051//3051 3053//3053 3145//3145 3144//3144
f 3053//3053 3055//3055 3146//3146 3145//3145
f 3055//3055 3057//3057 3147//3147 3146//3146
f 3057//3057 3059//3059 3148//3148 3147//3147
f 3059//3059 3061//3061 3149//3149 3148//3148
f 3061//3061 3063//3063 3150//3150 3149//3149
f 3063//3063 3065//3065 3151//3151 3150//3150
f 3065//3065 3067//3067 3152//3152 3151//3151
f 3067//3067 3069//3069 3153//3153 3152//3152
f 3069//3069 3154//3154 3155//3155 3153//3153
f 3154//3154 3156//3156 3157//3157 3155//3155
f 3156//3156 3158//3158 3159//3159 3157//3157
f 3160//3160 3161//3161 3162//3162 3163//3163
f 3161//3161 3073//3073 3164//3164 3162//3162
f 3072//3072 3075//3075 3165//3165 3166//3166
f 3075//3075 3077//3077 3167//3167 3165//3165
f 3077//3077 3079//3079 3168//3168 3167//3167
f 3079//3079 3081//3081 3169//3169 3168//3168
f 3081//3081 3083//3083 3170//3170 3169//3169
f 3083//3083 3084//3084 3171//3171 3170//3170
f 3084//3084 3085//3085 3172//3172 3171//3171
f 3085//3085 3087//3087 3173//3173 3172//3172
f 3087//3087 3089//3089 3174//3174 3173//3173
f 3089//3089 3091//3091 3175//3175 3174//3174
f 3091//3091 3176//3176 3177//3177 3175//3175
f 3176//3176 3178//3178 3179//3179 3177//3177
f 3178//3178 3180//3180 3181//3181 3179//3179
f 3182//3182 3183//3183 3184//3184 3185//3185
f 3183//3183 3186//3186 3187//3187 3184//3184
f 3186//3186 3095//3095 3188//3188 3187//3187
f 3095//3095 3094//3094 3189//3189 3188//3188
f 3094//3094 3097//3097 3190//3190 3189//3189
f 3097//3097 3191//3191 3192//3192 3190//3190
f 3191//3191 3193//3193 3194//3194 3192//3192
f 3193//3193 3195//3195 3196//3196 3194//3194
f 3195//3195 3101//3101 3197//3197 3196//3196
f 3101//3101 3100//3100 3198//3198 3197//3197
f 3100//3100 3103//3103 3199//3199 3198//3198
f 3103//3103 3105//3105 3200//3200 3199//3199
f 3105//3105 3201//3201 3202//3202 3200//3200
f 3201//3201 3109//3109 3203//3203 3202//3202
f 3109//3109 3108//3108 3204//3204 3203//3203
f 3108//3108 3205//3205 3206//3206 3204//3204
f 3205//3205 3207//3207 3208//3208 3206//3206
f 3207//3207 3113//3113 3209//3209 3208//3208
f 3113//3113 3112//3112 3210//3210 3209//3209
f 3112//3112 3211//3211 3212//3212 3210//3210
f 3213//3213 3117//3117 3214//3214 3215//3215
f 3117//3117 3116//3116 3216//3216 3214//3214
f 3116//3116 3119//3119 3217//3217 3216//3216
f 3119//3119 3121//3121 3218//3218 3217//3217
f 3121//3121 3123//3123 3219//3219 3218//3218
f 3123//3123 3124//3124 3220//3220 3219//3219
f 3124//3124 3125//3125 3221//3221 3220//3220
f 3125//3125 3127//3127 3222//3222 3221//3221
f 3127//3127 3129//3129 3223//3223 3222//3222
f 3129//3129 3131//3131 3224//3224 3223//3223
f 3131//3131 3037//3037 3133//3133 3224//3224
f 3133//3133 3132//3132 3225//3225 3226//3226
f 3132//3132 3134//3134 3227//3227 3225//3225
f 3134//3134 3135//3135 3228//3228 3227//3227
f 3135//3135 3136//3136 3229//3229 3228//3228
f 3136//3136 3137//3137 3230//3230 3229//3229
f 3137//3137 3139//3139 3231//3231 3230//3230
f 3139//3139 3141//3141 3232//3232 3231//3231
f 3141//3141 3142//3142 3233//3233 3232//3232
f 3142//3142 3143//3143 3234//3234 3233//3233
f 3143//3143 3144//3144 3235//3235 3234//3234
f 3144//3144 3145//3145 3236//3236 3235//3235
f 3145//3145 3146//3146 3237//3237 3236//3236
f 3146//3146 3147//3147 3238//3238 3237//3237
f 3147//3147 3148//3148 3239//3239 3238//3238
f 3148//3148 3149//3149 3240//3240 3239//3239
f 3149//3149 3150//3150 3241//3241 3240//3240
f 3150//3150 3151//3151 3242//3242 3241//3241
f 3151//3151 3152//3152 3243//3243 3242//3242
f 3152//3152 3153//3153 3244//3244 3243//3243
f 3153//3153 3155//3155 3245//3245 3244//3244
f 3155//3155 3157//3157 3246//3246 3245//3245
f 3157//3157 3159//3159 3247//3247 3246//3246
f 3159//3159 3163//3163 3248//3248 3247//3247
f 3163//3163 3162//3162 3249//3249 3248//3248
f 3162//3162 3164//3164 3250//3250 3249//3249
f 3164//3164 3166//3166 3251//3251 3250//3250
f 3166//3166 3165//3165 3252//3252 3251//3251
f 3165//3165 3167//3167 3253//3253 3252//3252
f 3167//3167 3168//3168 3254//3254 3253//3253
f 3168//3168 3169//3169 3255//3255 3254//3254
f 3169//3169 3170//3170 3256//3256 3255//3255
f 3170//3170 3171//3171 3257//3257 3256//3256
f 3171//3171 3172//3172 3258//3258 3257//3257
f 3172//3172 3173//3173 3259//3259 3258//3258
f 3173//3173 3174//3174 3260//3260 3259//3259
f 3174//3174 3175//3175 3261//3261 3260//3260
f 3175//3175 3177//3177 3262//3262 3261//3261
f 3177//3177 3179//3179 3263//3263 3262//3262
f 3179//3179 3181//3181 3264//3264 3263//3263
f 3181//3181 3265//3265 3266//3266 3264//3264
f 3265//3265 3267//3267 3268//3268 3266//3266
f 3267//3267 3269//3269 3270//3270 3268//3268
f 3269//3269 3271//3271 3272//3272 3270//3270
f 3271//3271 3185//3185 3273//3273 3272//3272
f 3185//3185 3184//3184 3274//3274 3273//3273
f 3184//3184 3187//3187 3275//3275 3274//3274
f 3187//3187 3188//3188 3276//3276 3275//3275
f 3188//3188 3189//3189 3277//3277 3276//3276
f 3189//3189 3190//3190 3278//3278 3277//3277
f 3190//3190 3192//3192 3279//3279 3278//3278
f 3192//3192 3194//3194 3280//3280 3279//3279
f 3194//3194 3196//3196 3281//3281 3280//3280
f 3196//3196 3197//3197 3282//3282 3281//3281
f 3197//3197 3198//3198 3283//3283 3282//3282
f 3198//3198 3199//3199 3284//3284 3283//3283
f 3199//3199 3200//3200 3285//3285 3284//3284
f 3200//3200 3202//3202 3286//3286 3285//3285
f 3202//3202 3203//3203 3287//3287 3286//3286
f 3203//3203 3204//3204 3288//3288 3287//3287
f 3204//3204 3206//3206 3289//3289 3288//3288
f 3206//3206 3208//3208 3290//3290 3289//3289
f 3208//3208 3209//3209 3291//3291 3290//3290
f 3209//3209 3210//3210 3292//3292 3291//3291
f 3210//3210 3212//3212 3293//3293 3292//3292
f 3212//3212 3294//3294 3295//3295 3293//3293
f 3296//3296 3297//3297 3298//3298 3299//3299
f 3297//3297 3300//3300 3301//3301 3298//3298
f 3302//3302 3215//3215 3303//3303 3304//3304
f 3215//3215 3214//3214 3305//3305 3303//3303
f 3214//3214 3216//3216 3306//3306 3305//3305
f 3216//3216 3217//3217 3307//3307 3306//3306
f 3217//3217 3218//3218 3308//3308 3307//3307
f 3218//3218 3219//3219 3309//3309 3308//3308
f 3219//3219 3220//3220 3310//3310 3309//3309
f 3220//3220 3221//3221 3311//3311 3310//3310
f 3221//3221 3222//3222 3312//3312 3311//3311
f 3222//3222 3223//3223 3313//3313 3312//3312
f 3223//3223 3224//3224 3314//3314 3313//3313
f 3224//3224 3133//3133 3226//3226 3314//3314
f 3226//3226 3225//3225 3315//3315 3316//3316
f 3225//3225 3227//3227 3317//3317 3315//3315
f 3227//3227 3228//3228 3318//3318 3317//3317
f 3228//3228 3229//3229 3319//3319 3318//3318
f 3229//3229 3230//3230 3320//3320 3319//3319
f 3230//3230 3231//3231 3321//3321 3320//3320
f 3231//3231 3232//3232 3322//3322 3321//3321
f 3232//3232 3233//3233 3323//3323 3322//3322
f 3233//3233 3234//3234 3324//3324 3323//3323
f 3234//3234 3235//3235 3325//3325 3324//3324
f 3235//3235 3236//3236 3326//3326 3325//3325
f 3236//3236 3237//3237 3327//3327 3326//3326
f 3237//3237 3238//3238 3328//3328 3327//3327
f 3238//3238 3239//3239 3329//3329 3328//3328
f 3239//3239 3240//3240 3330//3330 3329//3329
f 3240//3240 3241//3241 3331//3331 3330//3330
f 3241//3241 3242//3242 3332//3332 3331//3331
f 3242//3242 3243//3243 3333//3333 3332//3332
f 3243//3243 3244//3244 3334//3334 3333//3333
f 3244//3244 3245//3245 3335//3335 3334//3334
f 3245//3245 3246//3246 3336//3336 3335//3335
f 3246//3246 3247//3247 3337//3337 3336//3336
f 3247//3247 3248//3248 3338//3338 3337//3337
f 3248//3248 3249//3249 3339//3339 3338//3338
f 3249//3249 3250//3250 3340//3340 3339//3339
f 3250//3250 3251//3251 3341//3341 3340//3340
f 3251//3251 3252//3252 3342//3342 3341//3341
f 3252//3252 3253//3253 3343//3343 3342//3342
f 3253//3253 3254//3254 3344//3344 3343//3343
f 3254//3254 3255//3255 3345//3345 3344//3344
f 3255//3255 3256//3256 3346//3346 3345//3345
f 3256//3256 3257//3257 3347//3347 3346//3346
f 3257//3257 3258//3258 3348//3348 3347//3347
f 3258//3258 3259//3259 3349//3349 3348//3348
f 3259//3259 3260//3260 3350//3350 3349//3349
f 3260//3260 3261//3261 3351//3351 3350//3350
f 3261//3261 3262//3262 3352//3352 3351//3351
f 3262//3262 3263//3263 3353//3353 3352//3352
f 3263//3263 3264//3264 3354//3354 3353//3353
f 3264//3264 3266//3266 3355//3355 3354//3354
f 3266//3266 3268//3268 3356//3356 3355//3355
f 3268//3268 3270//3270 3357//3357 3356//3356
f 3270//3270 3272//3272 3358//3358 3357//3357
f 3272//3272 3273//3273 3359//3359 3358//3358
f 3273//3273 3274//3274 3360//3360 3359//3359
f 3274//3274 3275//3275 3361//3361 3360//3360
f 3275//3275 3276//3276 3362//3362 3361//3361
f 3276//3276 3277//3277 3363//3363 3362//3362
f 3277//3277 3278//3278 3364//3364 3363//3363
f 3278//3278 3279//3279 3365//3365 3364//3364
f 3279//3279 3280//3280 3366//3366 3365//3365
f 3280//3280 3281//3281 3367//3367 3366//3366
f 3281//3281 3282//3282 3368//3368 3367//3367
f 3282//3282 3283//3283 3369//3369 3368//3368
f 3283//3283 3284//3284 3370//3370 3369//3369
f 3284//3284 3285//3285 3371//3371 3370//3370
f 3285//3285 3286//3286 3372//3372 3371//3371
f 3286//3286 3287//3287 3373//3373 3372//3372
f 3287//3287 3288//3288 3374//3374 3373//3373
f 3288//3288 3289//3289 3375//3375 3374//3374
f 3289//3289 3290//3290 3376//3376 3375//3375
f 3290//3290 3291//3291 3377//3377 3376//3376
f 3291//3291 3292//3292 3378//3378 3377//3377
f 3292//3292 3293//3293 3379//3379 3378//3378
f 3380//3380 3299//3299 3381//3381 3382//3382
f 3299//3299 3298//3298 3383//3383 3381//3381
f 3298//3298 3301//3301 3384//3384 3383//3383
f 3301//3301 3304//3304 3385//3385 3384//3384
f 3304//3304 3303//3303 3386//3386 3385//3385
f 3303//3303 3305//3305 3387//3387 3386//3386
f 3305//3305 3306//3306 3388//3388 3387//3387
f 3306//3306 3307//3307 3389//3389 3388//3388
f 3307//3307 3308//3308 3390//3390 3389//3389
f 3308//3308 3309//3309 3391//3391 3390//3390
f 3309//3309 3310//3310 3392//3392 3391//3391
f 3310//3310 3311//3311 3393//3393 3392//3392
f 3311//3311 3312//3312 3394//3394 3393//3393
f 3312//3312 3313//3313 3395//3395 3394//3394
f 3313//3313 3314//3314 3396//3396 3395//3395
f 3314//3314 3226//3226 3316//3316 3396//3396
f 3315//3315 3317//3317 3397//3397 3398//3398
f 3317//3317 3318//3318 3399//3399 3397//3397
f 3318//3318 3319//3319 3400//3400 3399//3399
f 3323//3323 3324//3324 3401//3401 3402//3402
f 3324//3324 3325//3325 3403//3403 3401//3401
f 3325//3325 3326//3326 3404//3404 3403//3403
f 3326//3326 3327//3327 3405//3405 3404//3404
f 3329//3329 3330//3330 3406//3406 3407//3407
f 3330//3330 3331//3331 3408//3408 3406//3406
f 3332//3332 3333//3333 3409//3409 3410//3410
f 3333//3333 3334//3334 3411//3411 3409//3409
f 3334//3334 3335//3335 3412//3412 3411//3411
f 3335//3335 3336//3336 3413//3413 3412//3412
f 3336//3336 3337//3337 3414//3414 3413//3413
f 3337//3337 3338//3338 3415//3415 3414//3414
f 3338//3338 3339//3339 3416//3416 3415//3415
f 3339//3339 3340//3340 3417//3417 3416//3416
f 3340//3340 3341//3341 3418//3418 3417//3417
f 3342//3342 3343//3343 3419//3419 3420//3420
f 3343//3343 3344//3344 3421//3421 3419//3419
f 3346//3346 3347//3347 3422//3422 3423//3423
f 3347//3347 3348//3348 3424//3424 3422//3422
f 3348//3348 3349//3349 3425//3425 3424//3424
f 3349//3349 3350//3350 3426//3426 3425//3425
f 3350//3350 3351//3351 3427//3427 3426//3426
f 3352//3352 3353//3353 3428//3428 3429//3429
f 3353//3353 3354//3354 3430//3430 3428//3428
f 3355//3355 3356//3356 3431//3431 3432//3432
f 3356//3356 3357//3357 3433//3433 3431//3431
f 3357//3357 3358//3358 3434//3434 3433//3433
f 3358//3358 3359//3359 3435//3435 3434//3434
f 3359//3359 3360//3360 3436//3436 3435//3435
f 3360//3360 3361//3361 3437//3437 3436//3436
f 3364//3364 3365//3365 3438//3438 3439//3439
f 3365//3365 3366//3366 3440//3440 3438//3438
f 3366//3366 3367//3367 3441//3441 3440//3440
f 3367//3367 3368//3368 3442//3442 3441//3441
f 3368//3368 3369//3369 3443//3443 3442//3442
f 3369//3369 3370//3370 3444//3444 3443//3443
f 3370//3370 3371//3371 3445//3445 3444//3444
f 3371//3371 3372//3372 3446//3446 3445//3445
f 3372//3372 3373//3373 3447//3447 3446//3446
f 3375//3375 3376//3376 3448//3448 3449//3449
f 3376//3376 3377//3377 3450//3450 3448//3448
f 3377//3377 3378//3378 3451//3451 3450//3450
f 3381//3381 3383//3383 3452//3452 3453//3453
f 3385//3385 3386//3386 3454//3454 3455//3455
f 3388//3388 3389//3389 3456//3456 3457//3457
f 3389//3389 3390//3390 3458//3458 3456//3456
f 3390//3390 3391//3391 3459//3459 3458//3458
f 3391//3391 3392//3392 3460//3460 3459//3459
f 3394//3394 3395//3395 3461//3461 3462//3462
f 3395//3395 3396//3396 3463//3463 3461//3461
f 3464//3464 3398//3398 3465//3465 3466//3466
f 3398//3398 3397//3397 3467//3467 3465//3465
f 3397//3397 3399//3399 3468//3468 3467//3467
f 3403//3403 3404//3404 3469//3469 3470//3470
f 3412//3412 3413//3413 3471//3471 3472//3472
f 3413//3413 3414//3414 3473//3473 3471//3471
f 3414//3414 3415//3415 3474//3474 3473//3473
f 3415//3415 3416//3416 3475//3475 3474//3474
f 3421//3421 3476//3476 3477//3477 3478//3478
f 3476//3476 3423//3423 3479//3479 3477//3477
f 3424//3424 3425//3425 3480//3480 3481//3481
f 3433//3433 3434//3434 3482//3482 3483//3483
f 3434//3434 3435//3435 3484//3484 3482//3482
f 3438//3438 3440//3440 3485//3485 3486//3486
f 3441//3441 3442//3442 3487//3487 3488//3488
f 3442//3442 3443//3443 3489//3489 3487//3487
f 3443//3443 3444//3444 3490//3490 3489//3489
f 3448//3448 3450//3450 3491//3491 3492//3492
f 3450//3450 3451//3451 3493//3493 3491//3491
f 3451//3451 3494//3494 3495//3495 3493//3493
f 3496//3496 3457//3457 3497//3497 3498//3498
f 3457//3457 3456//3456 3499//3499 3497//3497
f 3466//3466 3465//3465 3500//3500 3501//3501
f 3502//3502 3470//3470 3503//3503 3504//3504
f 3505//3505 3472//3472 3506//3506 3507//3507
f 3472//3472 3471//3471 3508//3508 3506//3506
f 3471//3471 3473//3473 3509//3509 3508//3508
f 3473//3473 3474//3474 3510//3510 3509//3509
f 3474//3474 3475//3475 3511//3511 3510//3510
f 3512//3512 3478//3478 3513//3513 3514//3514
f 3478//3478 3477//3477 3515//3515 3513//3513
f 3477//3477 3479//3479 3516//3516 3515//3515
f 3479//3479 3517//3517 3518//3518 3516//3516
f 3519//3519 3520//3520 3521//3521 3522//3522
f 3520//3520 3523//3523 3524//3524 3521//3521
f 3523//3523 3483//3483 3525//3525 3524//3524
f 3485//3485 3488//3488 3526//3526 3527//3527
f 3488//3488 3487//3487 3528//3528 3526//3526
f 3492//3492 3491//3491 3529//3529 3530//3530
f 3491//3491 3493//3493 3531//3531 3529//3529
f 3493//3493 3495//3495 3532//3532 3531//3531
f 3495//3495 3533//3533 3534//3534 3532//3532
f 3535//3535 3536//3536 3537//3537 3538//3538
f 3536//3536 3539//3539 3540//3540 3537//3537
f 3541//3541 3498//3498 3542//3542 3543//3543
f 3498//3498 3497//3497 3544//3544 3542//3542
f 3497//3497 3499//3499 3545//3545 3544//3544
f 3546//3546 3466//3466 3501//3501 3547//3547
f 3548//3548 3504//3504 3549//3549 3550//3550
f 3504//3504 3503//3503 3551//3551 3549//3549
f 3503//3503 3552//3552 3553//3553 3551//3551
f 3552//3552 3554//3554 3555//3555 3553//3553
f 3556//3556 3557//3557 3558//3558 3559//3559
f 3557//3557 3560//3560 3561//3561 3558//3558
f 3560//3560 3507//3507 3562//3562 3561//3561
f 3507//3507 3506//3506 3563//3563 3562//3562
f 3506//3506 3508//3508 3564//3564 3563//3563
f 3508//3508 3509//3509 3565//3565 3564//3564
f 3509//3509 3510//3510 3566//3566 3565//3565
f 3514//3514 3513//3513 3567//3567 3568//3568
f 3513//3513 3515//3515 3569//3569 3567//3567
f 3515//3515 3516//3516 3570//3570 3569//3569
f 3518//3518 3571//3571 3572//3572 3573//3573
f 3574//3574 3575//3575 3576//3576 3577//3577
f 3522//3522 3521//3521 3578//3578 3579//3579
f 3521//3521 3524//3524 3580//3580 3578//3578
f 3524//3524 3525//3525 3581//3581 3580//3580
f 3525//3525 3582//3582 3583//3583 3581//3581
f 3582//3582 3584//3584 3585//3585 3583//3583
f 3586//3586 3587//3587 3588//3588 3589//3589
f 3587//3587 3590//3590 3591//3591 3588//3588
f 3590//3590 3527//3527 3592//3592 3591//3591
f 3527//3527 3526//3526 3593//3593 3592//3592
f 3594//3594 3595//3595 3596//3596 3597//3597
f 3595//3595 3530//3530 3598//3598 3596//3596
f 3530//3530 3529//3529 3599//3599 3598//3598
f 3529//3529 3531//3531 3600//3600 3599//3599
f 3531//3531 3532//3532 3601//3601 3600//3600
f 3602//3602 3603//3603 3604//3604 3605//3605
f 3603//3603 3543//3543 3606//3606 3604//3604
f 3543//3543 3542//3542 3607//3607 3606//3606
f 3608//3608 3547//3547 3609//3609 3610//3610
f 3547//3547 3501//3501 3611//3611 3609//3609
f 3611//3611 3612//3612 3613//3613 3614//3614
f 3612//3612 3615//3615 3616//3616 3613//3613
f 3615//3615 3617//3617 3618//3618 3616//3616
f 3619//3619 3620//3620 3621//3621 3622//3622
f 3620//3620 3550//3550 3623//3623 3621//3621
f 3550//3550 3549//3549 3624//3624 3623//3623
f 3549//3549 3551//3551 3625//3625 3624//3624
f 3551//3551 3553//3553 3626//3626 3625//3625
f 3553//3553 3555//3555 3627//3627 3626//3626
f 3555//3555 3628//3628 3629//3629 3627//3627
f 3630//3630 3559//3559 3631//3631 3632//3632
f 3559//3559 3558//3558 3633//3633 3631//3631
f 3558//3558 3561//3561 3634//3634 3633//3633
f 3561//3561 3562//3562 3635//3635 3634//3634
f 3562//3562 3563//3563 3636//3636 3635//3635
f 3563//3563 3564//3564 3637//3637 3636//3636
f 3564//3564 3565//3565 3638//3638 3637//3637
f 3565//3565 3566//3566 3639//3639 3638//3638
f 3640//3640 3641//3641 3642//3642 3643//3643
f 3641//3641 3644//3644 3645//3645 3642//3642
f 3644//3644 3568//3568 3646//3646 3645//3645
f 3568//3568 3567//3567 3647//3647 3646//3646
f 3567//3567 3569//3569 3648//3648 3647//3647
f 3569//3569 3570//3570 3649//3649 3648//3648
f 3570//3570 3573//3573 3650//3650 3649//3649
f 3573//3573 3572//3572 3651//3651 3650//3650
f 3577//3577 3576//3576 3652//3652 3653//3653
f 3576//3576 3579//3579 3654//3654 3652//3652
f 3579//3579 3578//3578 3655//3655 3654//3654
f 3578//3578 3580//3580 3656//3656 3655//3655
f 3580//3580 3581//3581 3657//3657 3656//3656
f 3581//3581 3583//3583 3658//3658 3657//3657
f 3583//3583 3585//3585 3659//3659 3658//3658
f 3585//3585 3660//3660 3661//3661 3659//3659
f 3662//3662 3663//3663 3664//3664 3665//3665
f 3663//3663 3589//3589 3666//3666 3664//3664
f 3589//3589 3588//3588 3667//3667 3666//3666
f 3588//3588 3591//3591 3668//3668 3667//3667
f 3591//3591 3592//3592 3669//3669 3668//3668
f 3592//3592 3593//3593 3670//3670 3669//3669
f 3593//3593 3671//3671 3672//3672 3670//3670
f 3671//3671 3673//3673 3674//3674 3672//3672
f 3673//3673 3675//3675 3676//3676 3674//3674
f 3675//3675 3677//3677 3678//3678 3676//3676
f 3677//3677 3679//3679 3680//3680 3678//3678
f 3679//3679 3681//3681 3682//3682 3680//3680
f 3681//3681 3597//3597 3683//3683 3682//3682
f 3596//3596 3598//3598 3684//3684 3685//3685
f 3598//3598 3599//3599 3686//3686 3684//3684
f 3599//3599 3600//3600 3687//3687 3686//3686
f 3600//3600 3601//3601 3688//3688 3687//3687
f 3601//3601 3689//3689 3690//3690 3688//3688
f 3691//3691 3692//3692 3693//3693 3694//3694
f 3692//3692 3695//3695 3696//3696 3693//3693
f 3695//3695 3697//3697 3698//3698 3696//3696
f 3697//3697 3605//3605 3699//3699 3698//3698
f 3605//3605 3604//3604 3700//3700 3699//3699
f 3604//3604 3606//3606 3701//3701 3700//3700
f 3606//3606 3607//3607 3702//3702 3701//3701
f 3607//3607 3703//3703 3704//3704 3702//3702
f 3705//3705 3706//3706 3707//3707 3708//3708
f 3709//3709 3710//3710 3711//3711 3712//3712
f 3710//3710 3713//3713 3714//3714 3711//3711
f 3713//3713 3610//3610 3715//3715 3714//3714
f 3610//3610 3609//3609 3716//3716 3715//3715
f 3609//3609 3611//3611 3614//3614 3716//3716
f 3614//3614 3613//3613 3717//3717 3718//3718
f 3613//3613 3616//3616 3719//3719 3717//3717
f 3616//3616 3618//3618 3720//3720 3719//3719
f 3618//3618 3721//3721 3722//3722 3720//3720
f 3721//3721 3723//3723 3724//3724 3722//3722
f 3723//3723 3622//3622 3725//3725 3724//3724
f 3622//3622 3621//3621 3726//3726 3725//3725
f 3621//3621 3623//3623 3727//3727 3726//3726
f 3623//3623 3624//3624 3728//3728 3727//3727
f 3624//3624 3625//3625 3729//3729 3728//3728
f 3625//3625 3626//3626 3730//3730 3729//3729
f 3626//3626 3627//3627 3731//3731 3730//3730
f 3627//3627 3629//3629 3732//3732 3731//3731
f 3629//3629 3733//3733 3734//3734 3732//3732
f 3733//3733 3632//3632 3735//3735 3734//3734
f 3632//3632 3631//3631 3736//3736 3735//3735
f 3631//3631 3633//3633 3737//3737 3736//3736
f 3633//3633 3634//3634 3738//3738 3737//3737
f 3634//3634 3635//3635 3739//3739 3738//3738
f 3635//3635 3636//3636 3740//3740 3739//3739
f 3636//3636 3637//3637 3741//3741 3740//3740
f 3637//3637 3638//3638 3742//3742 3741//3741
f 3638//3638 3639//3639 3743//3743 3742//3742
f 3639//3639 3744//3744 3745//3745 3743//3743
f 3744//3744 3643//3643 3746//3746 3745//3745
f 3643//3643 3642//3642 3747//3747 3746//3746
f 3642//3642 3645//3645 3748//3748 3747//3747
f 3645//3645 3646//3646 3749//3749 3748//3748
f 3646//3646 3647//3647 3750//3750 3749//3749
f 3647//3647 3648//3648 3751//3751 3750//3750
f 3648//3648 3649//3649 3752//3752 3751//3751
f 3649//3649 3650//3650 3753//3753 3752//3752
f 3650//3650 3651//3651 3754//3754 3753//3753
f 3651//3651 3755//3755 3756//3756 3754//3754
f 3755//3755 3757//3757 3758//3758 3756//3756
f 3757//3757 3759//3759 3760//3760 3758//3758
f 3759//3759 3653//3653 3761//3761 3760//3760
f 3653//3653 3652//3652 3762//3762 3761//3761
f 3652//3652 3654//3654 3763//3763 3762//3762
f 3654//3654 3655//3655 3764//3764 3763//3763
f 3655//3655 3656//3656 3765//3765 3764//3764
f 3656//3656 3657//3657 3766//3766 3765//3765
f 3657//3657 3658//3658 3767//3767 3766//3766
f 3658//3658 3659//3659 3768//3768 3767//3767
f 3659//3659 3661//3661 3769//3769 3768//3768
f 3661//3661 3665//3665 3770//3770 3769//3769
f 3665//3665 3664//3664 3771//3771 3770//3770
f 3664//3664 3666//3666 3772//3772 3771//3771
f 3666//3666 3667//3667 3773//3773 3772//3772
f 3667//3667 3668//3668 3774//3774 3773//3773
f 3668//3668 3669//3669 3775//3775 3774//3774
f 3669//3669 3670//3670 3776//3776 3775//3775
f 3670//3670 3672//3672 3777//3777 3776//3776
f 3672//3672 3674//3674 3778//3778 3777//3777
f 3674//3674 3676//3676 3779//3779 3778//3778
f 3676//3676 3678//3678 3780//3780 3779//3779
f 3678//3678 3680//3680 3781//3781 3780//3780
f 3680//3680 3682//3682 3782//3782 3781//3781
f 3682//3682 3683//3683 3783//3783 3782//3782
f 3683//3683 3685//3685 3784//3784 3783//3783
f 3685//3685 3684//3684 3785//3785 3784//3784
f 3684//3684 3686//3686 3786//3786 3785//3785
f 3686//3686 3687//3687 3787//3787 3786//3786
f 3687//3687 3688//3688 3788//3788 3787//3787
f 3688//3688 3690//3690 3789//3789 3788//3788
f 3690//3690 3790//3790 3791//3791 3789//3789
f 3790//3790 3694//3694 3792//3792 3791//3791
f 3694//3694 3693//3693 3793//3793 3792//3792
f 3693//3693 3696//3696 3794//3794 3793//3793
f 3696//3696 3698//3698 3795//3795 3794//3794
f 3698//3698 3699//3699 3796//3796 3795//3795
f 3699//3699 3700//3700 3797//3797 3796//3796
f 3700//3700 3701//3701 3798//3798 3797//3797
f 3701//3701 3702//3702 3799//3799 3798//3798
f 3702//3702 3704//3704 3800//3800 3799//3799
f 3704//3704 3801//3801 3802//3802 3800//3800
f 3801//3801 3708//3708 3803//3803 3802//3802
f 3708//3708 3707//3707 3804//3804 3803//3803
f 3707//3707 3712//3712 3805//3805 3804//3804
f 3712//3712 3711//3711 3806//3806 3805//3805
f 3711//3711 3714//3714 3807//3807 3806//3806
f 3714//3714 3715//3715 3808//3808 3807//3807
f 3715//3715 3716//3716 3809//3809 3808//3808
f 3716//3716 3614//3614 3718//3718 3809//3809
f 3718//3718 3717//3717 3810//3810 3811//3811
f 3717//3717 3719//3719 3812//3812 3810//3810
f 3719//3719 3720//3720 3813//3813 3812//3812
f 3720//3720 3722//3722 3814//3814 3813//3813
f 3722//3722 3724//3724 3815//3815 3814//3814
f 3724//3724 3725//3725 3816//3816 3815//3815
f 3725//3725 3726//3726 3817//3817 3816//3816
f 3726//3726 3727//3727 3818//3818 3817//3817
f 3727//3727 3728//3728 3819//3819 3818//3818
f 3728//3728 3729//3729 3820//3820 3819//3819
f 3729//3729 3730//3730 3821//3821 3820//3820
f 3730//3730 3731//3731 3822//3822 3821//3821
f 3731//3731 3732//3732 3823//3823 3822//3822
f 3732//3732 3734//3734 3824//3824 3823//3823
f 3734//3734 3735//3735 3825//3825 3824//3824
f 3735//3735 3736//3736 3826//3826 3825//3825
f 3736//3736 3737//3737 3827//3827 3826//3826
f 3737//3737 3738//3738 3828//3828 3827//3827
f 3738//3738 3739//3739 3829//3829 3828//3828
f 3739//3739 3740//3740 3830//3830 3829//3829
f 3740//3740 3741//3741 3831//3831 3830//3830
f 3741//3741 3742//3742 3832//3832 3831//3831
f 3742//3742 3743//3743 3833//3833 3832//3832
f 3743//3743 3745//3745 3834//3834 3833//3833
f 3745//3745 3746//3746 3835//3835 3834//3834
f 3746//3746 3747//3747 3836//3836 3835//3835
f 3747//3747 3748//3748 3837//3837 3836//3836
f 3748//3748 3749//3749 3838//3838 3837//3837
f 3749//3749 3750//3750 3839//3839 3838//3838
f 3750//3750 3751//3751 3840//3840 3839//3839
f 3751//3751 3752//3752 3841//3841 3840//3840
f 3752//3752 3753//3753 3842//3842 3841//3841
f 3753//3753 3754//3754 3843//3843 3842//3842
f 3754//3754 3756//3756 3844//3844 3843//3843
f 3756//3756 3758//3758 3845//3845 3844//3844
f 3758//3758 3760//3760 3846//3846 3845//3845
f 3760//3760 3761//3761 3847//3847 3846//3846
f 3761//3761 3762//3762 3848//3848 3847//3847
f 3762//3762 3763//3763 3849//3849 3848//3848
f 3763//3763 3764//3764 3850//3850 3849//3849
f 3764//3764 3765//3765 3851//3851 3850//3850
f 3765//3765 3766//3766 3852//3852 3851//3851
f 3766//3766 3767//3767 3853//3853 3852//3852
f 3767//3767 3768//3768 3854//3854 3853//3853
f 3768//3768 3769//3769 3855//3855 3854//3854
f 3769//3769 3770//3770 3856//3856 3855//3855
f 3771//3771 3772//3772 3857//3857 3858//3858
f 3772//3772 3773//3773 3859//3859 3857//3857
f 3773//3773 3774//3774 3860//3860 3859//3859
f 3774//3774 3775//3775 3861//3861 3860//3860
f 3775//3775 3776//3776 3862//3862 3861//3861
f 3776//3776 3777//3777 3863//3863 3862//3862
f 3777//3777 3778//3778 3864//3864 3863//3863
f 3778//3778 3779//3779 3865//3865 3864//3864
f 3779//3779 3780//3780 3866//3866 3865//3865
f 3780//3780 3781//3781 3867//3867 3866//3866
f 3781//3781 3782//3782 3868//3868 3867//3867
f 3782//3782 3783//3783 3869//3869 3868//3868
f 3783//3783 3784//3784 3870//3870 3869//3869
f 3784//3784 3785//3785 3871//3871 3870//3870
f 3785//3785 3786//3786 3872//3872 3871//3871
f 3786//3786 3787//3787 3873//3873 3872//3872
f 3787//3787 3788//3788 3874//3874 3873//3873
f 3788//3788 3789//3789 3875//3875 3874//3874
f 3789//3789 3791//3791 3876//3876 3875//3875
f 3791//3791 3792//3792 3877//3877 3876//3876
f 3792//3792 3793//3793 3878//3878 3877//3877
f 3793//3793 3794//3794 3879//3879 3878//3878
f 3794//3794 3795//3795 3880//3880 3879//3879
f 3795//3795 3796//3796 3881//3881 3880//3880
f 3796//3796 3797//3797 3882//3882 3881//3881
f 3797//3797 3798//3798 3883//3883 3882//3882
f 3798//3798 3799//3799 3884//3884 3883//3883
f 3799//3799 3800//3800 3885//3885 3884//3884
f 3800//3800 3802//3802 3886//3886 3885//3885
f 3802//3802 3803//3803 3887//3887 3886//3886
f 3803//3803 3804//3804 3888//3888 3887//3887
f 3804//3804 3805//3805 3889//3889 3888//3888
f 3805//3805 3806//3806 3890//3890 3889//3889
f 3806//3806 3807//3807 3891//3891 3890//3890
f 3807//3807 3808//3808 3892//3892 3891//3891
f 3808//3808 3809//3809 3893//3893 3892//3892
f 3809//3809 3718//3718 3811//3811 3893//3893
f 3811//3811 3810//3810 3894//3894 3895//3895
f 3812//3812 3813//3813 3896//3896 3897//3897
f 3813//3813 3814//3814 3898//3898 3896//3896
f 3814//3814 3815//3815 3899//3899 3898//3898
f 3815//3815 3816//3816 3900//3900 3899//3899
f 3816//3816 3817//3817 3901//3901 3900//3900
f 3817//3817 3818//3818 3902//3902 3901//3901
f 3818//3818 3819//3819 3903//3903 3902//3902
f 3819//3819 3820//3820 3904//3904 3903//3903
f 3820//3820 3821//3821 3905//3905 3904//3904
f 3821//3821 3822//3822 3906//3906 3905//3905
f 3822//3822 3823//3823 3907//3907 3906//3906
f 3823//3823 3824//3824 3908//3908 3907//3907
f 3824//3824 3825//3825 3909//3909 3908//3908
f 3825//3825 3826//3826 3910//3910 3909//3909
f 3826//3826 3827//3827 3911//3911 3910//3910
f 3827//3827 3828//3828 3912//3912 3911//3911
f 3828//3828 3829//3829 3913//3913 3912//3912
f 3829//3829 3830//3830 3914//3914 3913//3913
f 3830//3830 3831//3831 3915//3915 3914//3914
f 3831//3831 3832//3832 3916//3916 3915//3915
f 3832//3832 3833//3833 3917//3917 3916//3916
f 3833//3833 3834//3834 3918//3918 3917//3917
f 3834//3834 3835//3835 3919//3919 3918//3918
f 3835//3835 3836//3836 3920//3920 3919//3919
f 3836//3836 3837//3837 3921//3921 3920//3920
f 3837//3837 3838//3838 3922//3922 3921//3921
f 3838//3838 3839//3839 3923//3923 3922//3922
f 3839//3839 3840//3840 3924//3924 3923//3923
f 3840//3840 3841//3841 3925//3925 3924//3924
f 3841//3841 3842//3842 3926//3926 3925//3925
f 3842//3842 3843//3843 3927//3927 3926//3926
f 3843//3843 3844//3844 3928//3928 3927//3927
f 3844//3844 3845//3845 3929//3929 3928//3928
f 3845//3845 3846//3846 3930//3930 3929//3929
f 3846//3846 3847//3847 3931//3931 3930//3930
f 3847//3847 3848//3848 3932//3932 3931//3931
f 3848//3848 3849//3849 3933//3933 3932//3932
f 3849//3849 3850//3850 3934//3934 3933//3933
f 3850//3850 3851//3851 3935//3935 3934//3934
f 3851//3851 3852//3852 3936//3936 3935//3935
f 3852//3852 3853//3853 3937//3937 3936//3936
f 3853//3853 3854//3854 3938//3938 3937//3937
f 3854//3854 3855//3855 3939//3939 3938//3938
f 3855//3855 3856//3856 3940//3940 3939//3939
f 3856//3856 3858//3858 3941//3941 3940//3940
f 3858//3858 3857//3857 3942//3942 3941//3941
f 3857//3857 3859//3859 3943//3943 3942//3942
f 3859//3859 3860//3860 3944//3944 3943//3943
f 3860//3860 3861//3861 3945//3945 3944//3944
f 3861//3861 3862//3862 3946//3946 3945//3945
f 3862//3862 3863//3863 3947//3947 3946//3946
f 3863//3863 3864//3864 3948//3948 3947//3947
f 3864//3864 3865//3865 3949//3949 3948//3948
f 3865//3865 3866//3866 3950//3950 3949//3949
f 3866//3866 3867//3867 3951//3951 3950//3950
f 3867//3867 3868//3868 3952//3952 3951//3951
f 3868//3868 3869//3869 3953//3953 3952//3952
f 3869//3869 3870//3870 3954//3954 3953//3953
f 3870//3870 3871//3871 3955//3955 3954//3954
f 3871//3871 3872//3872 3956//3956 3955//3955
f 3872//3872 3873//3873 3957//3957 3956//3956
f 3873//3873 3874//3874 3958//3958 3957//3957
f 3874//3874 3875//3875 3959//3959 3958//3958
f 3875//3875 3876//3876 3960//3960 3959//3959
f 3876//3876 3877//3877 3961//3961 3960//3960
f 3877//3877 3878//3878 3962//3962 3961//3961
f 3878//3878 3879//3879 3963//3963 3962//3962
f 3879//3879 3880//3880 3964//3964 3963//3963
f 3880//3880 3881//3881 3965//3965 3964//3964
f 3881//3881 3882//3882 3966//3966 3965//3965
f 3882//3882 3883//3883 3967//3967 3966//3966
f 3883//3883 3884//3884 3968//3968 3967//3967
f 3884//3884 3885//3885 3969//3969 3968//3968
f 3885//3885 3886//3886 3970//3970 3969//3969
f 3886//3886 3887//3887 3971//3971 3970//3970
f 3887//3887 3888//3888 3972//3972 3971//3971
f 3888//3888 3889//3889 3973//3973 3972//3972
f 3889//3889 3890//3890 3974//3974 3973//3973
f 3890//3890 3891//3891 3975//3975 3974//3974
f 3891//3891 3892//3892 3976//3976 3975//3975
f 3892//3892 3893//3893 3977//3977 3976//3976
f 3893//3893 3811//3811 3895//3895 3977//3977
f 3895//3895 3894//3894 3978//3978 3979//3979
f 3894//3894 3897//3897 3980//3980 3978//3978
f 3897//3897 3896//3896 3981//3981 3980//3980
f 3896//3896 3898//3898 3982//3982 3981//3981
f 3898//3898 3899//3899 3983//3983 3982//3982
f 3899//3899 3900//3900 3984//3984 3983//3983
f 3900//3900 3901//3901 3985//3985 3984//3984
f 3901//3901 3902//3902 3986//3986 3985//3985
f 3902//3902 3903//3903 3987//3987 3986//3986
f 3905//3905 3906//3906 3988//3988 3989//3989
f 3906//3906 3907//3907 3990//3990 3988//3988
f 3907//3907 3908//3908 3991//3991 3990//3990
f 3908//3908 3909//3909 3992//3992 3991//3991
f 3909//3909 3910//3910 3993//3993 3992//3992
f 3910//3910 3911//3911 3994//3994 3993//3993
f 3911//3911 3912//3912 3995//3995 3994//3994
f 3912//3912 3913//3913 3996//3996 3995//3995
f 3913//3913 3914//3914 3997//3997 3996//3996
f 3914//3914 3915//3915 3998//3998 3997//3997
f 3915//3915 3916//3916 3999//3999 3998//3998
f 3916//3916 3917//3917 4000//4000 3999//3999
f 3918//3918 3919//3919 4001//4001 4002//4002
f 3919//3919 3920//3920 4003//4003 4001//4001
f 3920//3920 3921//3921 4004//4004 4003//4003
f 3921//3921 3922//3922 4005//4005 4004//4004
f 3922//3922 3923//3923 4006//4006 4005//4005
f 3923//3923 3924//3924 4007//4007 4006//4006
f 3924//3924 3925//3925 4008//4008 4007//4007
f 3925//3925 3926//3926 4009//4009 4008//4008
f 3926//3926 3927//3927 4010//4010 4009//4009
f 3929//3929 3930//3930 4011//4011 4012//4012
f 3930//3930 3931//3931 4013//4013 4011//4011
f 3931//3931 3932//3932 4014//4014 4013//4013
f 3932//3932 3933//3933 4015//4015 4014//4014
f 3933//3933 3934//3934 4016//4016 4015//4015
f 3934//3934 3935//3935 4017//4017 4016//4016
f 3935//3935 3936//3936 4018//4018 4017//4017
f 3936//3936 3937//3937 4019//4019 4018//4018
f 3937//3937 3938//3938 4020//4020 4019//4019
f 3938//3938 3939//3939 4021//4021 4020//4020
f 3939//3939 3940//3940 4022//4022 4021//4021
f 3940//3940 3941//3941 4023//4023 4022//4022
f 3941//3941 3942//3942 4024//4024 4023//4023
f 3942//3942 3943//3943 4025//4025 4024//4024
f 3943//3943 3944//3944 4026//4026 4025//4025
f 3944//3944 3945//3945 4027//4027 4026//4026
f 3945//3945 3946//3946 4028//4028 4027//4027
f 3946//3946 3947//3947 4029//4029 4028//4028
f 3947//3947 3948//3948 4030//4030 4029//4029
f 3948//3948 3949//3949 4031//4031 4030//4030
f 3949//3949 3950//3950 4032//4032 4031//4031
f 3950//3950 3951//3951 4033//4033 4032//4032
f 3951//3951 3952//3952 4034//4034 4033//4033
f 3952//3952 3953//3953 4035//4035 4034//4034
f 3953//3953 3954//3954 4036//4036 4035//4035
f 3954//3954 3955//3955 4037//4037 4036//4036
f 3955//3955 3956//3956 4038//4038 4037//4037
f 3956//3956 3957//3957 4039//4039 4038//4038
f 3957//3957 3958//3958 4040//4040 4039//4039
f 3958//3958 3959//3959 4041//4041 4040//4040
f 3959//3959 3960//3960 4042//4042 4041//4041
f 3960//3960 3961//3961 4043//4043 4042//4042
f 3961//3961 3962//3962 4044//4044 4043//4043
f 3962//3962 3963//3963 4045//4045 4044//4044
f 3963//3963 3964//3964 4046//4046 4045//4045
f 3964//3964 3965//3965 4047//4047 4046//4046
f 3965//3965 3966//3966 4048//4048 4047//4047
f 3966//3966 3967//3967 4049//4049 4048//4048
f 3969//3969 3970//3970 4050//4050 4051//4051
f 3970//3970 3971//3971 4052//4052 4050//4050
f 3971//3971 3972//3972 4053//4053 4052//4052
f 3972//3972 3973//3973 4054//4054 4053//4053
f 3973//3973 3974//3974 4055//4055 4054//4054
f 3974//3974 3975//3975 4056//4056 4055//4055
f 3975//3975 3976//3976 4057//4057 4056//4056
f 3976//3976 3977//3977 4058//4058 4057//4057
f 3977//3977 3895//3895 3979//3979 4058//4058
f 3979//3979 3978//3978 4059//4059 4060//4060
f 3978//3978 3980//3980 4061//4061 4059//4059
f 3980//3980 3981//3981 4062//4062 4061//4061
f 3981//3981 3982//3982 4063//4063 4062//4062
f 3982//3982 3983//3983 4064//4064 4063//4063
f 3983//3983 3984//3984 4065//4065 4064//4064
f 3984//3984 3985//3985 4066//4066 4065//4065
f 3985//3985 3986//3986 4067//4067 4066//4066
f 3986//3986 3987//3987 4068//4068 4067//4067
f 3987//3987 4069//4069 4070//4070 4068//4068
f 3989//3989 3988//3988 4071//4071 4072//4072
f 3988//3988 3990//3990 4073//4073 4071//4071
f 3990//3990 3991//3991 4074//4074 4073//4073
f 3991//3991 3992//3992 4075//4075 4074//4074
f 3992//3992 3993//3993 4076//4076 4075//4075
f 3993//3993 3994//3994 4077//4077 4076//4076
f 3994//3994 3995//3995 4078//4078 4077//4077
f 3995//3995 3996//3996 4079//4079 4078//4078
f 3996//3996 3997//3997 4080//4080 4079//4079
f 3997//3997 3998//3998 4081//4081 4080//4080
f 3998//3998 3999//3999 4082//4082 4081//4081
f 3999//3999 4000//4000 4083//4083 4082//4082
f 4000//4000 4002//4002 4084//4084 4083//4083
f 4002//4002 4001//4001 4085//4085 4084//4084
f 4001//4001 4003//4003 4086//4086 4085//4085
f 4003//4003 4004//4004 4087//4087 4086//4086
f 4004//4004 4005//4005 4088//4088 4087//4087
f 4005//4005 4006//4006 4089//4089 4088//4088
f 4006//4006 4007//4007 4090//4090 4089//4089
f 4007//4007 4008//4008 4091//4091 4090//4090
f 4008//4008 4009//4009 4092//4092 4091//4091
f 4009//4009 4010//4010 4093//4093 4092//4092
f 4010//4010 4094//4094 4095//4095 4093//4093
f 4094//4094 4012//4012 4096//4096 4095//4095
f 4012//4012 4011//4011 4097//4097 4096//4096
f 4011//4011 4013//4013 4098//4098 4097//4097
f 4013//4013 4014//4014 4099//4099 4098//4098
f 4014//4014 4015//4015 4100//4100 4099//4099
f 4015//4015 4016//4016 4101//4101 4100//4100
f 4016//4016 4017//4017 4102//4102 4101//4101
f 4017//4017 4018//4018 4103//4103 4102//4102
f 4018//4018 4019//4019 4104//4104 4103//4103
f 4019//4019 4020//4020 4105//4105 4104//4104
f 4020//4020 4021//4021 4106//4106 4105//4105
f 4021//4021 4022//4022 4107//4107 4106//4106
f 4022//4022 4023//4023 4108//4108 4107//4107
f 4023//4023 4024//4024 4109//4109 4108//4108
f 4024//4024 4025//4025 4110//4110 4109//4109
f 4025//4025 4026//4026 4111//4111 4110//4110
f 4026//4026 4027//4027 4112//4112 4111//4111
f 4027//4027 4028//4028 4113//4113 4112//4112
f 4028//4028 4029//4029 4114//4114 4113//4113
f 4029//4029 4030//4030 4115//4115 4114//4114
f 4030//4030 4031//4031 4116//4116 4115//4115
f 4031//4031 4032//4032 4117//4117 4116//4116
f 4032//4032 4033//4033 4118//4118 4117//4117
f 4033//4033 4034//4034 4119//4119 4118//4118
f 4034//4034 4035//4035 4120//4120 4119//4119
f 4035//4035 4036//4036 4121//4121 4120//4120
f 4036//4036 4037//4037 4122//4122 4121//4121
f 4037//4037 4038//4038 4123//4123 4122//4122
f 4038//4038 4039//4039 4124//4124 4123//4123
f 4039//4039 4040//4040 4125//4125 4124//4124
f 4040//4040 4041//4041 4126//4126 4125//4125
f 4041//4041 4042//4042 4127//4127 4126//4126
f 4042//4042 4043//4043 4128//4128 4127//4127
f 4043//4043 4044//4044 4129//4129 4128//4128
f 4044//4044 4045//4045 4130//4130 4129//4129
f 4045//4045 4046//4046 4131//4131 4130//4130
f 4046//4046 4047//4047 4132//4132 4131//4131
f 4047//4047 4048//4048 4133//4133 4132//4132
f 4048//4048 4049//4049 4134//4134 4133//4133
f 4135//4135 4051//4051 4136//4136 4137//4137
f 4051//4051 4050//4050 4138//4138 4136//4136
f 4050//4050 4052//4052 4139//4139 4138//4138
f 4052//4052 4053//4053 4140//4140 4139//4139
f 4053//4053 4054//4054 4141//4141 4140//4140
f 4054//4054 4055//4055 4142//4142 4141//4141
f 4055//4055 4056//4056 4143//4143 4142//4142
f 4056//4056 4057//4057 4144//4144 4143//4143
f 4057//4057 4058//4058 4145//4145 4144//4144
f 4058//4058 3979//3979 4060//4060 4145//4145
f 4060//4060 4059//4059 4146//4146 4147//4147
f 4059//4059 4061//4061 4148//4148 4146//4146
f 4061//4061 4062//4062 4149//4149 4148//4148
f 4062//4062 4063//4063 4150//4150 4149//4149
f 4063//4063 4064//4064 4151//4151 4150//4150
f 4064//4064 4065//4065 4152//4152 4151//4151
f 4065//4065 4066//4066 4153//4153 4152//4152
f 4066//4066 4067//4067 4154//4154 4153//4153
f 4067//4067 4068//4068 4155//4155 4154//4154
f 4068//4068 4070//4070 4156//4156 4155//4155
f 4070//4070 4072//4072 4157//4157 4156//4156
f 4072//4072 4071//4071 4158//4158 4157//4157
f 4071//4071 4073//4073 4159//4159 4158//4158
f 4073//4073 4074//4074 4160//4160 4159//4159
f 4074//4074 4075//4075 4161//4161 4160//4160
f 4075//4075 4076//4076 4162//4162 4161//4161
f 4076//4076 4077//4077 4163//4163 4162//4162
f 4077//4077 4078//4078 4164//4164 4163//4163
f 4078//4078 4079//4079 4165//4165 4164//4164
f 4079//4079 4080//4080 4166//4166 4165//4165
f 4080//4080 4081//4081 4167//4167 4166//4166
f 4081//4081 4082//4082 4168//4168 4167//4167
f 4082//4082 4083//4083 4169//4169 4168//4168
f 4083//4083 4084//4084 4170//4170 4169//4169
f 4084//4084 4085//4085 4171//4171 4170//4170
f 4085//4085 4086//4086 4172//4172 4171//4171
f 4086//4086 4087//4087 4173//4173 4172//4172
f 4087//4087 4088//4088 4174//4174 4173//4173
f 4088//4088 4089//4089 4175//4175 4174//4174
f 4089//4089 4090//4090 4176//4176 4175//4175
f 4090//4090 4091//4091 4177//4177 4176//4176
f 4091//4091 4092//4092 4178//4178 4177//4177
f 4092//4092 4093//4093 4179//4179 4178//4178
f 4093//4093 4095//4095 4180//4180 4179//4179
f 4095//4095 4096//4096 4181//4181 4180//4180
f 4096//4096 4097//4097 4182//4182 4181//4181
f 4097//4097 4098//4098 4183//4183 4182//4182
f 4098//4098 4099//4099 4184//4184 4183//4183
f 4099//4099 4100//4100 4185//4185 4184//4184
f 4100//4100 4101//4101 4186//4186 4185//4185
f 4101//4101 4102//4102 4187//4187 4186//4186
f 4102//4102 4103//4103 4188//4188 4187//4187
f 4103//4103 4104//4104 4189//4189 4188//4188
f 4104//4104 4105//4105 4190//4190 4189//4189
f 4105//4105 4106//4106 4191//4191 4190//4190
f 4106//4106 4107//4107 4192//4192 4191//4191
f 4107//4107 4108//4108 4193//4193 4192//4192
f 4108//4108 4109//4109 4194//4194 4193//4193
f 4109//4109 4110//4110 4195//4195 4194//4194
f 4110//4110 4111//4111 4196//4196 4195//4195
f 4111//4111 4112//4112 4197//4197 4196//4196
f 4112//4112 4113//4113 4198//4198 4197//4197
f 4113//4113 4114//4114 4199//4199 4198//4198
f 4114//4114 4115//4115 4200//4200 4199//4199
f 4115//4115 4116//4116 4201//4201 4200//4200
f 4116//4116 4117//4117 4202//4202 4201//4201
f 4117//4117 4118//4118 4203//4203 4202//4202
f 4118//4118 4119//4119 4204//4204 4203//4203
f 4119//4119 4120//4120 4205//4205 4204//4204
f 4120//4120 4121//4121 4206//4206 4205//4205
f 4121//4121 4122//4122 4207//4207 4206//4206
f 4122//4122 4123//4123 4208//4208 4207//4207
f 4123//4123 4124//4124 4209//4209 4208//4208
f 4124//4124 4125//4125 4210//4210 4209//4209
f 4125//4125 4126//4126 4211//4211 4210//4210
f 4126//4126 4127//4127 4212//4212 4211//4211
f 4127//4127 4128//4128 4213//4213 4212//4212
f 4128//4128 4129//4129 4214//4214 4213//4213
f 4129//4129 4130//4130 4215//4215 4214//4214
f 4130//4130 4131//4131 4216//4216 4215//4215
f 4131//4131 4132//4132 4217//4217 4216//4216
f 4132//4132 4133//4133 4218//4218 4217//4217
f 4133//4133 4134//4134 4219//4219 4218//4218
f 4134//4134 4137//4137 4220//4220 4219//4219
f 4137//4137 4136//4136 4221//4221 4220//4220
f 4136//4136 4138//4138 4222//4222 4221//4221
f 4138//4138 4139//4139 4223//4223 4222//4222
f 4139//4139 4140//4140 4224//4224 4223//4223
f 4140//4140 4141//4141 4225//4225 4224//4224
f 4141//4141 4142//4142 4226//4226 4225//4225
f 4142//4142 4143//4143 4227//4227 4226//4226
f 4143//4143 4144//4144 4228//4228 4227//4227
f 4144//4144 4145//4145 4229//4229 4228//4228
f 4145//4145 4060//4060 4147//4147 4229//4229
f 4147//4147 4146//4146 4230//4230 4231//4231
f 4146//4146 4148//4148 4232//4232 4230//4230
f 4148//4148 4149//4149 4233//4233 4232//4232
f 4149//4149 4150//4150 4234//4234 4233//4233
f 4150//4150 4151//4151 4235//4235 4234//4234
f 4151//4151 4152//4152 4236//4236 4235//4235
f 4152//4152 4153//4153 4237//4237 4236//4236
f 4153//4153 4154//4154 4238//4238 4237//4237
f 4154//4154 4155//4155 4239//4239 4238//4238
f 4155//4155 4156//4156 4240//4240 4239//4239
f 4156//4156 4157//4157 4241//4241 4240//4240
f 4157//4157 4158//4158 4242//4242 4241//4241
f 4158//4158 4159//4159 4243//4243 4242//4242
f 4159//4159 4160//4160 4244//4244 4243//4243
f 4160//4160 4161//4161 4245//4245 4244//4244
f 4161//4161 4162//4162 4246//4246 4245//4245
f 4162//4162 4163//4163 4247//4247 4246//4246
f 4163//4163 4164//4164 4248//4248 4247//4247
f 4164//4164 4165//4165 4249//4249 4248//4248
f 4165//4165 4166//4166 4250//4250 4249//4249
f 4166//4166 4167//4167 4251//4251 4250//4250
f 4167//4167 4168//4168 4252//4252 4251//4251
f 4168//4168 4169//4169 4253//4253 4252//4252
f 4169//4169 4170//4170 4254//4254 4253//4253
f 4170//4170 4171//4171 4255//4255 4254//4254
f 4171//4171 4172//4172 4256//4256 4255//4255
f 4172//4172 4173//4173 4257//4257 4256//4256
f 4173//4173 4174//4174 4258//4258 4257//4257
f 4174//4174 4175//4175 4259//4259 4258//4258
f 4175//4175 4176//4176 4260//4260 4259//4259
f 4176//4176 4177//4177 4261//4261 4260//4260
f 4177//4177 4178//4178 4262//4262 4261//4261
f 4178//4178 4179//4179 4263//4263 4262//4262
f 4179//4179 4180//4180 4264//4264 4263//4263
f 4180//4180 4181//4181 4265//4265 4264//4264
f 4181//4181 4182//4182 4266//4266 4265//4265
f 4182//4182 4183//4183 4267//4267 4266//4266
f 4183//4183 4184//4184 4268//4268 4267//4267
f 4184//4184 4185//4185 4269//4269 4268//4268
f 4185//4185 4186//4186 4270//4270 4269//4269
f 4186//4186 4187//4187 4271//4271 4270//4270
f 4187//4187 4188//4188 4272//4272 4271//4271
f 4188//4188 4189//4189 4273//4273 4272//4272
f 4189//4189 4190//4190 4274//4274 4273//4273
f 4190//4190 4191//4191 4275//4275 4274//4274
f 4191//4191 4192//4192 4276//4276 4275//4275
f 4192//4192 4193//4193 4277//4277 4276//4276
f 4193//4193 4194//4194 4278//4278 4277//4277
f 4194//4194 4195//4195 4279//4279 4278//4278
f 4195//4195 4196//4196 4280//4280 4279//4279
f 4196//4196 4197//4197 4281//4281 4280//4280
f 4197//4197 4198//4198 4282//4282 4281//4281
f 4198//4198 4199//4199 4283//4283 4282//4282
f 4199//4199 4200//4200 4284//4284 4283//4283
f 4200//4200 4201//4201 4285//4285 4284//4284
f 4201//4201 4202//4202 4286//4286 4285//4285
f 4202//4202 4203//4203 4287//4287 4286//4286
f 4203//4203 4204//4204 4288//4288 4287//4287
f 4204//4204 4205//4205 4289//4289 4288//4288
f 4205//4205 4206//4206 4290//4290 4289//4289
f 4206//4206 4207//4207 4291//4291 4290//4290
f 4207//4207 4208//4208 4292//4292 4291//4291
f 4208//4208 4209//4209 4293//4293 4292//4292
f 4209//4209 4210//4210 4294//4294 4293//4293
f 4210//4210 4211//4211 4295//4295 4294//4294
f 4211//4211 4212//4212 4296//4296 4295//4295
f 4212//4212 4213//4213 4297//4297 4296//4296
f 4213//4213 4214//4214 4298//4298 4297//4297
f 4214//4214 4215//4215 4299//4299 4298//4298
f 4215//4215 4216//4216 4300//4300 4299//4299
f 4216//4216 4217//4217 4301//4301 4300//4300
f 4217//4217 4218//4218 4302//4302 4301//4301
f 4218//4218 4219//4219 4303//4303 4302//4302
f 4219//4219 4220//4220 4304//4304 4303//4303
f 4220//4220 4221//4221 4305//4305 4304//4304
f 4221//4221 4222//4222 4306//4306 4305//4305
f 4222//4222 4223//4223 4307//4307 4306//4306
f 4223//4223 4224//4224 4308//4308 4307//4307
f 4224//4224 4225//4225 4309//4309 4308//4308
f 4225//4225 4226//4226 4310//4310 4309//4309
f 4226//4226 4227//4227 4311//4311 4310//4310
f 4227//4227 4228//4228 4312//4312 4311//4311
f 4228//4228 4229//4229 4313//4313 4312//4312
f 4229//4229 4147//4147 4231//4231 4313//4313
f 4231//4231 4230//4230 4314//4314 4315//4315
f 4230//4230 4232//4232 4316//4316 4314//4314
f 4232//4232 4233//4233 4317//4317 4316//4316
f 4233//4233 4234//4234 4318//4318 4317//4317
f 4234//4234 4235//4235 4319//4319 4318//4318
f 4235//4235 4236//4236 4320//4320 4319//4319
f 4236//4236 4237//4237 4321//4321 4320//4320
f 4237//4237 4238//4238 4322//4322 4321//4321
f 4238//4238 4239//4239 4323//4323 4322//4322
f 4239//4239 4240//4240 4324//4324 4323//4323
f 4240//4240 4241//4241 4325//4325 4324//4324
f 4241//4241 4242//4242 4326//4326 4325//4325
f 4242//4242 4243//4243 4327//4327 4326//4326
f 4243//4243 4244//4244 4328//4328 4327//4327
f 4244//4244 4245//4245 4329//4329 4328//4328
f 4245//4245 4246//4246 4330//4330 4329//4329
f 4246//4246 4247//4247 4331//4331 4330//4330
f 4247//4247 4248//4248 4332//4332 4331//4331
f 4248//4248 4249//4249 4333//4333 4332//4332
f 4249//4249 4250//4250 4334//4334 4333//4333
f 4250//4250 4251//4251 4335//4335 4334//4334
f 4251//4251 4252//4252 4336//4336 4335//4335
f 4252//4252 4253//4253 4337//4337 4336//4336
f 4253//4253 4254//4254 4338//4338 4337//4337
f 4254//4254 4255//4255 4339//4339 4338//4338
f 4255//4255 4256//4256 4340//4340 4339//4339
f 4256//4256 4257//4257 4341//4341 4340//4340
f 4257//4257 4258//4258 4342//4342 4341//4341
f 4258//4258 4259//4259 4343//4343 4342//4342
f 4259//4259 4260//4260 4344//4344 4343//4343
f 4260//4260 4261//4261 4345//4345 4344//4344
f 4261//4261 4262//4262 4346//4346 4345//4345
f 4262//4262 4263//4263 4347//4347 4346//4346
f 4263//4263 4264//4264 4348//4348 4347//4347
f 4264//4264 4265//4265 4349//4349 4348//4348
f 4265//4265 4266//4266 4350//4350 4349//4349
f 4266//4266 4267//4267 4351//4351 4350//4350
f 4267//4267 4268//4268 4352//4352 4351//4351
f 4268//4268 4269//4269 4353//4353 4352//4352
f 4269//4269 4270//4270 4354//4354 4353//4353
f 4270//4270 4271//4271 4355//4355 4354//4354
f 4271//4271 4272//4272 4356//4356 4355//4355
f 4272//4272 4273//4273 4357//4357 4356//4356
f 4273//4273 4274//4274 4358//4358 4357//4357
f 4274//4274 4275//4275 4359//4359 4358//4358
f 4275//4275 4276//4276 4360//4360 4359//4359
f 4276//4276 4277//4277 4361//4361 4360//4360
f 4277//4277 4278//4278 4362//4362 4361//4361
f 4278//4278 4279//4279 4363//4363 4362//4362
f 4279//4279 4280//4280 4364//4364 4363//4363
f 4280//4280 4281//4281 4365//4365 4364//4364
f 4281//4281 4282//4282 4366//4366 4365//4365
f 4282//4282 4283//4283 4367//4367 4366//4366
f 4283//4283 4284//4284 4368//4368 4367//4367
f 4284//4284 4285//4285 4369//4369 4368//4368
f 4285//4285 4286//4286 4370//4370 4369//4369
f 4286//4286 4287//4287 4371//4371 4370//4370
f 4287//4287 4288//4288 4372//4372 4371//4371
f 4288//4288 4289//4289 4373//4373 4372//4372
f 4289//4289 4290//4290 4374//4374 4373//4373
f 4290//4290 4291//4291 4375//4375 4374//4374
f 4291//4291 4292//4292 4376//4376 4375//4375
f 4292//4292 4293//4293 4377//4377 4376//4376
f 4293//4293 4294//4294 4378//4378 4377//4377
f 4294//4294 4295//4295 4379//4379 4378//4378
f 4295//4295 4296//4296 4380//4380 4379//4379
f 4296//4296 4297//4297 4381//4381 4380//4380
f 4297//4297 4298//4298 4382//4382 4381//4381
f 4298//4298 4299//4299 4383//4383 4382//4382
f 4299//4299 4300//4300 4384//4384 4383//4383
f 4300//4300 4301//4301 4385//4385 4384//4384
f 4301//4301 4302//4302 4386//4386 4385//4385
f 4302//4302 4303//4303 4387//4387 4386//4386
f 4303//4303 4304//4304 4388//4388 4387//4387
f 4304//4304 4305//4305 4389//4389 4388//4388
f 4305//4305 4306//4306 4390//4390 4389//4389
f 4306//4306 4307//4307 4391//4391 4390//4390
f 4307//4307 4308//4308 4392//4392 4391//4391
f 4308//4308 4309//4309 4393//4393 4392//4392
f 4309//4309 4310//4310 4394//4394 4393//4393
f 4310//4310 4311//4311 4395//4395 4394//4394
f 4311//4311 4312//4312 4396//4396 4395//4395
f 4312//4312 4313//4313 4397//4397 4396//4396
f 4313//4313 4231//4231 4315//4315 4397//4397
f 4315//4315 4314//4314 4398//4398 4399//4399
f 4314//4314 4316//4316 4400//4400 4398//4398
f 4316//4316 4317//4317 4401//4401 4400//4400
f 4317//4317 4318//4318 4402//4402 4401//4401
f 4318//4318 4319//4319 4403//4403 4402//4402
f 4319//4319 4320//4320 4404//4404 4403//4403
f 4320//4320 4321//4321 4405//4405 4404//4404
f 4321//4321 4322//4322 4406//4406 4405//4405
f 4322//4322 4323//4323 4407//4407 4406//4406
f 4323//4323 4324//4324 4408//4408 4407//4407
f 4324//4324 4325//4325 4409//4409 4408//4408
f 4325//4325 4326//4326 4410//4410 4409//4409
f 4326//4326 4327//4327 4411//4411 4410//4410
f 4327//4327 4328//4328 4412//4412 4411//4411
f 4328//4328 4329//4329 4413//4413 4412//4412
f 4329//4329 4330//4330 4414//4414 4413//4413
f 4330//4330 4331//4331 4415//4415 4414//4414
f 4331//4331 4332//4332 4416//4416 4415//4415
f 4332//4332 4333//4333 4417//4417 4416//4416
f 4333//4333 4334//4334 4418//4418 4417//4417
f 4334//4334 4335//4335 4419//4419 4418//4418
f 4335//4335 4336//4336 4420//4420 4419//4419
f 4336//4336 4337//4337 4421//4421 4420//4420
f 4337//4337 4338//4338 4422//4422 4421//4421
f 4338//4338 4339//4339 4423//4423 4422//4422
f 4339//4339 4340//4340 4424//4424 4423//4423
f 4340//4340 4341//4341 4425//4425 4424//4424
f 4341//4341 4342//4342 4426//4426 4425//4425
f 4342//4342 4343//4343 4427//4427 4426//4426
f 4343//4343 4344//4344 4428//4428 4427//4427
f 4344//4344 4345//4345 4429//4429 4428//4428
f 4345//4345 4346//4346 4430//4430 4429//4429
f 4346//4346 4347//4347 4431//4431 4430//4430
f 4347//4347 4348//4348 4432//4432 4431//4431
f 4348//4348 4349//4349 4433//4433 4432//4432
f 4349//4349 4350//4350 4434//4434 4433//4433
f 4350//4350 4351//4351 4435//4435 4434//4434
f 4351//4351 4352//4352 4436//4436 4435//4435
f 4352//4352 4353//4353 4437//4437 4436//4436
f 4353//4353 4354//4354 4438//4438 4437//4437
f 4354//4354 4355//4355 4439//4439 4438//4438
f 4355//4355 4356//4356 4440//4440 4439//4439
f 4356//4356 4357//4357 4441//4441 4440//4440
f 4357//4357 4358//4358 4442//4442 4441//4441
f 4358//4358 4359//4359 4443//4443 4442//4442
f 4359//4359 4360//4360 4444//4444 4443//4443
f 4360//4360 4361//4361 4445//4445 4444//4444
f 4361//4361 4362//4362 4446//4446 4445//4445
f 4362//4362 4363//4363 4447//4447 4446//4446
f 4363//4363 4364//4364 4448//4448 4447//4447
f 4364//4364 4365//4365 4449//4449 4448//4448
f 4365//4365 4366//4366 4450//4450 4449//4449
f 4366//4366 4367//4367 4451//4451 4450//4450
f 4367//4367 4368//4368 4452//4452 4451//4451
f 4368//4368 4369//4369 4453//4453 4452//4452
f 4369//4369 4370//4370 4454//4454 4453//4453
f 4370//4370 4371//4371 4455//4455 4454//4454
f 4371//4371 4372//4372 4456//4456 4455//4455
f 4372//4372 4373//4373 4457//4457 4456//4456
f 4373//4373 4374//4374 4458//4458 4457//4457
f 4374//4374 4375//4375 4459//4459 4458//4458
f 4375//4375 4376//4376 4460//4460 4459//4459
f 4376//4376 4377//4377 4461//4461 4460//4460
f 4377//4377 4378//4378 4462//4462 4461//4461
f 4378//4378 4379//4379 4463//4463 4462//4462
f 4379//4379 4380//4380 4464//4464 4463//4463
f 4380//4380 4381//4381 4465//4465 4464//4464
f 4381//4381 4382//4382 4466//4466 4465//4465
f 4382//4382 4383//4383 4467//4467 4466//4466
f 4383//4383 4384//4384 4468//4468 4467//4467
f 4384//4384 4385//4385 4469//4469 4468//4468
f 4385//4385 4386//4386 4470//4470 4469//4469
f 4386//4386 4387//4387 4471//4471 4470//4470
f 4387//4387 4388//4388 4472//4472 4471//4471
f 4388//4388 4389//4389 4473//4473 4472//4472
f 4389//4389 4390//4390 4474//4474 4473//4473
f 4390//4390 4391//4391 4475//4475 4474//4474
f 4391//4391 4392//4392 4476//4476 4475//4475
f 4392//4392 4393//4393 4477//4477 4476//4476
f 4393//4393 4394//4394 4478//4478 4477//4477
f 4394//4394 4395//4395 4479//4479 4478//4478
f 4395//4395 4396//4396 4480//4480 4479//4479
f 4396//4396 4397//4397 4481//4481 4480//4480
f 4397//4397 4315//4315 4399//4399 4481//4481
usemtl snow_edge
f 1377//1377 1378//1378 3027//3027 3026//3026
f 1378//1378 1462//1462 3028//3028 3027//3027
f 1461//1461 1377//1377 3026//3026 3029//3029
f 1424//1424 1425//1425 3031//3031 3030//3030
f 1425//1425 1509//1509 3032//3032 3031//3031
f 1508//1508 1424//1424 3030//3030 3033//3033
f 1429//1429 1430//1430 3035//3035 3034//3034
f 1430//1430 1431//1431 3038//3038 3035//3035
f 1431//1431 1432//1432 3040//3040 3038//3038
f 1432//1432 1433//1433 3042//3042 3040//3040
f 1433//1433 1434//1434 3044//3044 3042//3042
f 1434//1434 1518//1518 3045//3045 3044//3044
f 1437//1437 1438//1438 3047//3047 3046//3046
f 1521//1521 1437//1437 3046//3046 3049//3049
f 1438//1438 1439//1439 3050//3050 3047//3047
f 1439//1439 1440//1440 3052//3052 3050//3050
f 1440//1440 1441//1441 3054//3054 3052//3052
f 1441//1441 1442//1442 3056//3056 3054//3054
f 1442//1442 1443//1443 3058//3058 3056//3056
f 1443//1443 1444//1444 3060//3060 3058//3058
f 1444//1444 1445//1445 3062//3062 3060//3060
f 1445//1445 1446//1446 3064//3064 3062//3062
f 1446//1446 1447//1447 3066//3066 3064//3064
f 1447//1447 1448//1448 3068//3068 3066//3066
f 1448//1448 1532//1532 3069//3069 3068//3068
f 1454//1454 1455//1455 3071//3071 3070//3070
f 1539//1539 1538//1538 3073//3073 3072//3072
f 1538//1538 1454//1454 3070//3070 3073//3073
f 1455//1455 1456//1456 3074//3074 3071//3071
f 1456//1456 1457//1457 3076//3076 3074//3074
f 1457//1457 1458//1458 3078//3078 3076//3076
f 1458//1458 1459//1459 3080//3080 3078//3078
f 1459//1459 1460//1460 3082//3082 3080//3080
f 1460//1460 1461//1461 3029//3029 3082//3082
f 1462//1462 1463//1463 3086//3086 3028//3028
f 1463//1463 1464//1464 3088//3088 3086//3086
f 1464//1464 1465//1465 3090//3090 3088//3088
f 1465//1465 1549//1549 3091//3091 3090//3090
f 1476//1476 1477//1477 3093//3093 3092//3092
f 1560//1560 1476//1476 3092//3092 3095//3095
f 1477//1477 1478//1478 3096//3096 3093//3093
f 1478//1478 1562//1562 3097//3097 3096//3096
f 1482//1482 1483//1483 3099//3099 3098//3098
f 1566//1566 1482//1482 3098//3098 3101//3101
f 1483//1483 1484//1484 3102//3102 3099//3099
f 1484//1484 1485//1485 3104//3104 3102//3102
f 1485//1485 1569//1569 3105//3105 3104//3104
f 1487//1487 1488//1488 3107//3107 3106//3106
f 1488//1488 1572//1572 3108//3108 3107//3107
f 1571//1571 1487//1487 3106//3106 3109//3109
f 1491//1491 1492//1492 3111//3111 3110//3110
f 1492//1492 1576//1576 3112//3112 3111//3111
f 1575//1575 1491//1491 3110//3110 3113//3113
f 1503//1503 1504//1504 3115//3115 3114//3114
f 1587//1587 1503//1503 3114//3114 3117//3117
f 1504//1504 1505//1505 3118//3118 3115//3115
f 1505//1505 1506//1506 3120//3120 3118//3118
f 1506//1506 1507//1507 3122//3122 3120//3120
f 1507//1507 1508//1508 3033//3033 3122//3122
f 1509//1509 1510//1510 3126//3126 3032//3032
f 1510//1510 1511//1511 3128//3128 3126//3126
f 1511//1511 1512//1512 3130//3130 3128//3128
f 1512//1512 1429//1429 3034//3034 3130//3130
f 1518//1518 1519//1519 3138//3138 3045//3045
f 1519//1519 1520//1520 3140//3140 3138//3138
f 1520//1520 1521//1521 3049//3049 3140//3140
f 1532//1532 1533//1533 3154//3154 3069//3069
f 1533//1533 1534//1534 3156//3156 3154//3154
f 1534//1534 1535//1535 3158//3158 3156//3156
f 1535//1535 1619//1619 3159//3159 3158//3158
f 1536//1536 1537//1537 3161//3161 3160//3160
f 1620//1620 1536//1536 3160//3160 3163//3163
f 1537//1537 1538//1538 3073//3073 3161//3161
f 1538//1538 1622//1622 3164//3164 3073//3073
f 1623//1623 1539//1539 3072//3072 3166//3166
f 1549//1549 1550//1550 3176//3176 3091//3091
f 1550//1550 1551//1551 3178//3178 3176//3176
f 1551//1551 1552//1552 3180//3180 3178//3178
f 1552//1552 1636//1636 3181//3181 3180//3180
f 1557//1557 1558//1558 3183//3183 3182//3182
f 1641//1641 1557//1557 3182//3182 3185//3185
f 1558//1558 1559//1559 3186//3186 3183//3183
f 1559//1559 1560//1560 3095//3095 3186//3186
f 1562//1562 1563//1563 3191//3191 3097//3097
f 1563//1563 1564//1564 3193//3193 3191//3191
f 1564//1564 1565//1565 3195//3195 3193//3193
f 1565//1565 1566//1566 3101//3101 3195//3195
f 1569//1569 1570//1570 3201//3201 3105//3105
f 1570//1570 1571//1571 3109//3109 3201//3201
f 1572//1572 1573//1573 3205//3205 3108//3108
f 1573//1573 1574//1574 3207//3207 3205//3205
f 1574//1574 1575//1575 3113//3113 3207//3207
f 1576//1576 1577//1577 3211//3211 3112//3112
f 1577//1577 1661//1661 3212//3212 3211//3211
f 1586//1586 1587//1587 3117//3117 3213//3213
f 1670//1670 1586//1586 3213//3213 3215//3215
f 1619//1619 1620//1620 3163//3163 3159//3159
f 1622//1622 1623//1623 3166//3166 3164//3164
f 1636//1636 1637//1637 3265//3265 3181//3181
f 1637//1637 1638//1638 3267//3267 3265//3265
f 1638//1638 1639//1639 3269//3269 3267//3267
f 1639//1639 1640//1640 3271//3271 3269//3269
f 1640//1640 1641//1641 3185//3185 3271//3271
f 1661//1661 1662//1662 3294//3294 3212//3212
f 1662//1662 1746//1746 3295//3295 3294//3294
f 1746//1746 1745//1745 3293//3293 3295//3295
f 1666//1666 1667//1667 3297//3297 3296//3296
f 1750//1750 1666//1666 3296//3296 3299//3299
f 1667//1667 1668//1668 3300//3300 3297//3297
f 1668//1668 1752//1752 3301//3301 3300//3300
f 1669//1669 1670//1670 3215//3215 3302//3302
f 1753//1753 1669//1669 3302//3302 3304//3304
f 1766//1766 1765//1765 3316//3316 3315//3315
f 1770//1770 1769//1769 3319//3319 3320//3320
f 1771//1771 1770//1770 3320//3320 3321//3321
f 1772//1772 1771//1771 3321//3321 3322//3322
f 1773//1773 1772//1772 3322//3322 3323//3323
f 1778//1778 1777//1777 3327//3327 3328//3328
f 1779//1779 1778//1778 3328//3328 3329//3329
f 1782//1782 1781//1781 3331//3331 3332//3332
f 1792//1792 1791//1791 3341//3341 3342//3342
f 1795//1795 1794//1794 3344//3344 3345//3345
f 1796//1796 1795//1795 3345//3345 3346//3346
f 1802//1802 1801//1801 3351//3351 3352//3352
f 1805//1805 1804//1804 3354//3354 3355//3355
f 1812//1812 1811//1811 3361//3361 3362//3362
f 1813//1813 1812//1812 3362//3362 3363//3363
f 1814//1814 1813//1813 3363//3363 3364//3364
f 1824//1824 1823//1823 3373//3373 3374//3374
f 1825//1825 1824//1824 3374//3374 3375//3375
f 1745//1745 1829//1829 3379//3379 3293//3293
f 1829//1829 1828//1828 3378//3378 3379//3379
f 1749//1749 1750//1750 3299//3299 3380//3380
f 1834//1834 1833//1833 3382//3382 3381//3381
f 1833//1833 1749//1749 3380//3380 3382//3382
f 1836//1836 1835//1835 3383//3383 3384//3384
f 1752//1752 1753//1753 3304//3304 3301//3301
f 1837//1837 1836//1836 3384//3384 3385//3385
f 1839//1839 1838//1838 3386//3386 3387//3387
f 1840//1840 1839//1839 3387//3387 3388//3388
f 1845//1845 1844//1844 3392//3392 3393//3393
f 1846//1846 1845//1845 3393//3393 3394//3394
f 1765//1765 1848//1848 3396//3396 3316//3316
f 1850//1850 1766//1766 3315//3315 3398//3398
f 1769//1769 1853//1853 3400//3400 3319//3319
f 1853//1853 1852//1852 3399//3399 3400//3400
f 1858//1858 1857//1857 3402//3402 3401//3401
f 1857//1857 1773//1773 3323//3323 3402//3402
f 1859//1859 1858//1858 3401//3401 3403//3403
f 1777//1777 1861//1861 3405//3405 3327//3327
f 1861//1861 1860//1860 3404//3404 3405//3405
f 1864//1864 1863//1863 3407//3407 3406//3406
f 1863//1863 1779//1779 3329//3329 3407//3407
f 1781//1781 1865//1865 3408//3408 3331//3331
f 1865//1865 1864//1864 3406//3406 3408//3408
f 1867//1867 1866//1866 3410//3410 3409//3409
f 1866//1866 1782//1782 3332//3332 3410//3410
f 1868//1868 1867//1867 3409//3409 3411//3411
f 1869//1869 1868//1868 3411//3411 3412//3412
f 1874//1874 1873//1873 3416//3416 3417//3417
f 1791//1791 1875//1875 3418//3418 3341//3341
f 1875//1875 1874//1874 3417//3417 3418//3418
f 1877//1877 1876//1876 3420//3420 3419//3419
f 1876//1876 1792//1792 3342//3342 3420//3420
f 1794//1794 1878//1878 3421//3421 3344//3344
f 1878//1878 1877//1877 3419//3419 3421//3421
f 1881//1881 1880//1880 3423//3423 3422//3422
f 1880//1880 1796//1796 3346//3346 3423//3423
f 1882//1882 1881//1881 3422//3422 3424//3424
f 1884//1884 1883//1883 3425//3425 3426//3426
f 1801//1801 1885//1885 3427//3427 3351//3351
f 1885//1885 1884//1884 3426//3426 3427//3427
f 1887//1887 1886//1886 3429//3429 3428//3428
f 1886//1886 1802//1802 3352//3352 3429//3429
f 1804//1804 1888//1888 3430//3430 3354//3354
f 1888//1888 1887//1887 3428//3428 3430//3430
f 1890//1890 1889//1889 3432//3432 3431//3431
f 1889//1889 1805//1805 3355//3355 3432//3432
f 1891//1891 1890//1890 3431//3431 3433//3433
f 1894//1894 1893//1893 3435//3435 3436//3436
f 1811//1811 1895//1895 3437//3437 3361//3361
f 1895//1895 1894//1894 3436//3436 3437//3437
f 1899//1899 1898//1898 3439//3439 3438//3438
f 1898//1898 1814//1814 3364//3364 3439//3439
f 1901//1901 1900//1900 3440//3440 3441//3441
f 1905//1905 1904//1904 3444//3444 3445//3445
f 1906//1906 1905//1905 3445//3445 3446//3446
f 1823//1823 1907//1907 3447//3447 3373//3373
f 1907//1907 1906//1906 3446//3446 3447//3447
f 1910//1910 1909//1909 3449//3449 3448//3448
f 1909//1909 1825//1825 3375//3375 3449//3449
f 1828//1828 1912//1912 3451//3451 3378//3378
f 1835//1835 1919//1919 3452//3452 3383//3383
f 1919//1919 1918//1918 3453//3453 3452//3452
f 1918//1918 1834//1834 3381//3381 3453//3453
f 1838//1838 1922//1922 3454//3454 3386//3386
f 1922//1922 1921//1921 3455//3455 3454//3454
f 1921//1921 1837//1837 3385//3385 3455//3455
f 1924//1924 1840//1840 3388//3388 3457//3457
f 1926//1926 1925//1925 3456//3456 3458//3458
f 1927//1927 1926//1926 3458//3458 3459//3459
f 1844//1844 1928//1928 3460//3460 3392//3392
f 1928//1928 1927//1927 3459//3459 3460//3460
f 1931//1931 1930//1930 3462//3462 3461//3461
f 1930//1930 1846//1846 3394//3394 3462//3462
f 1848//1848 1932//1932 3463//3463 3396//3396
f 1932//1932 1931//1931 3461//3461 3463//3463
f 1849//1849 1850//1850 3398//3398 3464//3464
f 1933//1933 1849//1849 3464//3464 3466//3466
f 1935//1935 1934//1934 3465//3465 3467//3467
f 1852//1852 1936//1936 3468//3468 3399//3399
f 1936//1936 1935//1935 3467//3467 3468//3468
f 1860//1860 1944//1944 3469//3469 3404//3404
f 1944//1944 1943//1943 3470//3470 3469//3469
f 1943//1943 1859//1859 3403//3403 3470//3470
f 1953//1953 1869//1869 3412//3412 3472//3472
f 1873//1873 1957//1957 3475//3475 3416//3416
f 1878//1878 1879//1879 3476//3476 3421//3421
f 1962//1962 1878//1878 3421//3421 3478//3478
f 1879//1879 1880//1880 3423//3423 3476//3476
f 1880//1880 1964//1964 3479//3479 3423//3423
f 1883//1883 1967//1967 3480//3480 3425//3425
f 1967//1967 1966//1966 3481//3481 3480//3480
f 1966//1966 1882//1882 3424//3424 3481//3481
f 1976//1976 1975//1975 3483//3483 3482//3482
f 1975//1975 1891//1891 3433//3433 3483//3483
f 1893//1893 1977//1977 3484//3484 3435//3435
f 1977//1977 1976//1976 3482//3482 3484//3484
f 1900//1900 1984//1984 3485//3485 3440//3440
f 1984//1984 1983//1983 3486//3486 3485//3485
f 1983//1983 1899//1899 3438//3438 3486//3486
f 1985//1985 1901//1901 3441//3441 3488//3488
f 1987//1987 1986//1986 3487//3487 3489//3489
f 1904//1904 1988//1988 3490//3490 3444//3444
f 1988//1988 1987//1987 3489//3489 3490//3490
f 1994//1994 1910//1910 3448//3448 3492//3492
f 1912//1912 1913//1913 3494//3494 3451//3451
f 1913//1913 1997//1997 3495//3495 3494//3494
f 1923//1923 1924//1924 3457//3457 3496//3496
f 2007//2007 1923//1923 3496//3496 3498//3498
f 1925//1925 2009//2009 3499//3499 3456//3456
f 1934//1934 2018//2018 3500//3500 3465//3465
f 2018//2018 2017//2017 3501//3501 3500//3500
f 1942//1942 1943//1943 3470//3470 3502//3502
f 1943//1943 2027//2027 3503//3503 3470//3470
f 2026//2026 1942//1942 3502//3502 3504//3504
f 1952//1952 1953//1953 3472//3472 3505//3505
f 2036//2036 1952//1952 3505//3505 3507//3507
f 1957//1957 2041//2041 3511//3511 3475//3475
f 2041//2041 2040//2040 3510//3510 3511//3511
f 1961//1961 1962//1962 3478//3478 3512//3512
f 2045//2045 1961//1961 3512//3512 3514//3514
f 1964//1964 1965//1965 3517//3517 3479//3479
f 1965//1965 2049//2049 3518//3518 3517//3517
f 2049//2049 2048//2048 3516//3516 3518//3518
f 1972//1972 1973//1973 3520//3520 3519//3519
f 2056//2056 1972//1972 3519//3519 3522//3522
f 1973//1973 1974//1974 3523//3523 3520//3520
f 1974//1974 1975//1975 3483//3483 3523//3523
f 1975//1975 2059//2059 3525//3525 3483//3483
f 1984//1984 1985//1985 3488//3488 3485//3485
f 2068//2068 1984//1984 3485//3485 3527//3527
f 1986//1986 2070//2070 3528//3528 3487//3487
f 2070//2070 2069//2069 3526//3526 3528//3528
f 2078//2078 1994//1994 3492//3492 3530//3530
f 1997//1997 1998//1998 3533//3533 3495//3495
f 1998//1998 2082//2082 3534//3534 3533//3533
f 2082//2082 2081//2081 3532//3532 3534//3534
f 2000//2000 2001//2001 3536//3536 3535//3535
f 2085//2085 2084//2084 3538//3538 3537//3537
f 2084//2084 2000//2000 3535//3535 3538//3538
f 2001//2001 2002//2002 3539//3539 3536//3536
f 2002//2002 2086//2086 3540//3540 3539//3539
f 2086//2086 2085//2085 3537//3537 3540//3540
f 2006//2006 2007//2007 3498//3498 3541//3541
f 2090//2090 2006//2006 3541//3541 3543//3543
f 2092//2092 2091//2091 3542//3542 3544//3544
f 2009//2009 2093//2093 3545//3545 3499//3499
f 2093//2093 2092//2092 3544//3544 3545//3545
f 2016//2016 1933//1933 3466//3466 3546//3546
f 2100//2100 2016//2016 3546//3546 3547//3547
f 2025//2025 2026//2026 3504//3504 3548//3548
f 2109//2109 2025//2025 3548//3548 3550//3550
f 2027//2027 2028//2028 3552//3552 3503//3503
f 2028//2028 2029//2029 3554//3554 3552//3552
f 2029//2029 2113//2113 3555//3555 3554//3554
f 2033//2033 2034//2034 3557//3557 3556//3556
f 2117//2117 2033//2033 3556//3556 3559//3559
f 2034//2034 2035//2035 3560//3560 3557//3557
f 2035//2035 2036//2036 3507//3507 3560//3560
f 2040//2040 2124//2124 3566//3566 3510//3510
f 2129//2129 2045//2045 3514//3514 3568//3568
f 2048//2048 2132//2132 3570//3570 3516//3516
f 2049//2049 2050//2050 3571//3571 3518//3518
f 2050//2050 2134//2134 3572//3572 3571//3571
f 2133//2133 2049//2049 3518//3518 3573//3573
f 2054//2054 2055//2055 3575//3575 3574//3574
f 2055//2055 2139//2139 3576//3576 3575//3575
f 2138//2138 2054//2054 3574//3574 3577//3577
f 2140//2140 2056//2056 3522//3522 3579//3579
f 2059//2059 2060//2060 3582//3582 3525//3525
f 2060//2060 2061//2061 3584//3584 3582//3582
f 2061//2061 2145//2145 3585//3585 3584//3584
f 2065//2065 2066//2066 3587//3587 3586//3586
f 2149//2149 2065//2065 3586//3586 3589//3589
f 2066//2066 2067//2067 3590//3590 3587//3587
f 2067//2067 2068//2068 3527//3527 3590//3590
f 2069//2069 2153//2153 3593//3593 3526//3526
f 2076//2076 2077//2077 3595//3595 3594//3594
f 2161//2161 2160//2160 3597//3597 3596//3596
f 2160//2160 2076//2076 3594//3594 3597//3597
f 2077//2077 2078//2078 3530//3530 3595//3595
f 2081//2081 2165//2165 3601//3601 3532//3532
f 2088//2088 2089//2089 3603//3603 3602//3602
f 2172//2172 2088//2088 3602//3602 3605//3605
f 2089//2089 2090//2090 3543//3543 3603//3603
f 2091//2091 2175//2175 3607//3607 3542//3542
f 2099//2099 2100//2100 3547//3547 3608//3608
f 2183//2183 2099//2099 3608//3608 3610//3610
f 2017//2017 2101//2101 3611//3611 3501//3501
f 2101//2101 2102//2102 3612//3612 3611//3611
f 2102//2102 2103//2103 3615//3615 3612//3612
f 2103//2103 2104//2104 3617//3617 3615//3615
f 2104//2104 2188//2188 3618//3618 3617//3617
f 2107//2107 2108//2108 3620//3620 3619//3619
f 2191//2191 2107//2107 3619//3619 3622//3622
f 2108//2108 2109//2109 3550//3550 3620//3620
f 2113//2113 2114//2114 3628//3628 3555//3555
f 2114//2114 2198//2198 3629//3629 3628//3628
f 2116//2116 2117//2117 3559//3559 3630//3630
f 2200//2200 2116//2116 3630//3630 3632//3632
f 2124//2124 2208//2208 3639//3639 3566//3566
f 2126//2126 2127//2127 3641//3641 3640//3640
f 2210//2210 2126//2126 3640//3640 3643//3643
f 2127//2127 2128//2128 3644//3644 3641//3641
f 2128//2128 2129//2129 3568//3568 3644//3644
f 2132//2132 2133//2133 3573//3573 3570//3570
f 2134//2134 2218//2218 3651//3651 3572//3572
f 2222//2222 2138//2138 3577//3577 3653//3653
f 2139//2139 2140//2140 3579//3579 3576//3576
f 2145//2145 2146//2146 3660//3660 3585//3585
f 2146//2146 2230//2230 3661//3661 3660//3660
f 2147//2147 2148//2148 3663//3663 3662//3662
f 2231//2231 2147//2147 3662//3662 3665//3665
f 2148//2148 2149//2149 3589//3589 3663//3663
f 2153//2153 2154//2154 3671//3671 3593//3593
f 2154//2154 2155//2155 3673//3673 3671//3671
f 2155//2155 2156//2156 3675//3675 3673//3673
f 2156//2156 2157//2157 3677//3677 3675//3675
f 2157//2157 2158//2158 3679//3679 3677//3677
f 2158//2158 2159//2159 3681//3681 3679//3679
f 2159//2159 2160//2160 3597//3597 3681//3681
f 2160//2160 2244//2244 3683//3683 3597//3597
f 2245//2245 2161//2161 3596//3596 3685//3685
f 2165//2165 2166//2166 3689//3689 3601//3601
f 2166//2166 2250//2250 3690//3690 3689//3689
f 2168//2168 2169//2169 3692//3692 3691//3691
f 2252//2252 2168//2168 3691//3691 3694//3694
f 2169//2169 2170//2170 3695//3695 3692//3692
f 2170//2170 2171//2171 3697//3697 3695//3695
f 2171//2171 2172//2172 3605//3605 3697//3697
f 2175//2175 2176//2176 3703//3703 3607//3607
f 2176//2176 2260//2260 3704//3704 3703//3703
f 2178//2178 2179//2179 3706//3706 3705//3705
f 2179//2179 2263//2263 3707//3707 3706//3706
f 2262//2262 2178//2178 3705//3705 3708//3708
f 2180//2180 2181//2181 3710//3710 3709//3709
f 2264//2264 2180//2180 3709//3709 3712//3712
f 2181//2181 2182//2182 3713//3713 3710//3710
f 2182//2182 2183//2183 3610//3610 3713//3713
f 2188//2188 2189//2189 3721//3721 3618//3618
f 2189//2189 2190//2190 3723//3723 3721//3721
f 2190//2190 2191//2191 3622//3622 3723//3723
f 2198//2198 2199//2199 3733//3733 3629//3629
f 2199//2199 2200//2200 3632//3632 3733//3733
f 2208//2208 2209//2209 3744//3744 3639//3639
f 2209//2209 2210//2210 3643//3643 3744//3744
f 2218//2218 2219//2219 3755//3755 3651//3651
f 2219//2219 2220//2220 3757//3757 3755//3755
f 2220//2220 2221//2221 3759//3759 3757//3757
f 2221//2221 2222//2222 3653//3653 3759//3759
f 2230//2230 2231//2231 3665//3665 3661//3661
f 2316//2316 2315//2315 3770//3770 3771//3771
f 2244//2244 2245//2245 3685//3685 3683//3683
f 2250//2250 2251//2251 3790//3790 3690//3690
f 2251//2251 2252//2252 3694//3694 3790//3790
f 2260//2260 2261//2261 3801//3801 3704//3704
f 2261//2261 2262//2262 3708//3708 3801//3801
f 2263//2263 2264//2264 3712//3712 3707//3707
f 2355//2355 2354//2354 3810//3810 3812//3812
f 2315//2315 2399//2399 3856//3856 3770//3770
f 2400//2400 2316//2316 3771//3771 3858//3858
f 2354//2354 2438//2438 3894//3894 3810//3810
f 2439//2439 2355//2355 3812//3812 3897//3897
f 2447//2447 2446//2446 3903//3903 3904//3904
f 2448//2448 2447//2447 3904//3904 3905//3905
f 2461//2461 2460//2460 3917//3917 3918//3918
f 2471//2471 2470//2470 3927//3927 3928//3928
f 2472//2472 2471//2471 3928//3928 3929//3929
f 2399//2399 2400//2400 3858//3858 3856//3856
f 2511//2511 2510//2510 3967//3967 3968//3968
f 2512//2512 2511//2511 3968//3968 3969//3969
f 2438//2438 2439//2439 3897//3897 3894//3894
f 2446//2446 2530//2530 3987//3987 3903//3903
f 2532//2532 2448//2448 3905//3905 3989//3989
f 2460//2460 2544//2544 4000//4000 3917//3917
f 2545//2545 2461//2461 3918//3918 4002//4002
f 2470//2470 2554//2554 4010//4010 3927//3927
f 2556//2556 2472//2472 3929//3929 4012//4012
f 2510//2510 2594//2594 4049//4049 3967//3967
f 2596//2596 2512//2512 3969//3969 4051//4051
f 2530//2530 2531//2531 4069//4069 3987//3987
f 2531//2531 2615//2615 4070//4070 4069//4069
f 2616//2616 2532//2532 3989//3989 4072//4072
f 2544//2544 2545//2545 4002//4002 4000//4000
f 2554//2554 2555//2555 4094//4094 4010//4010
f 2555//2555 2556//2556 4012//4012 4094//4094
f 2594//2594 2678//2678 4134//4134 4049//4049
f 2595//2595 2596//2596 4051//4051 4135//4135
f 2679//2679 2595//2595 4135//4135 4137//4137
f 2615//2615 2616//2616 4072//4072 4070//4070
f 2678//2678 2679//2679 4137//4137 4134//4134
f 2942//2942 2941//2941 4399//4399 4398//4398
f 2943//2943 2942//2942 4398//4398 4400//4400
f 2944//2944 2943//2943 4400//4400 4401//4401
f 2945//2945 2944//2944 4401//4401 4402//4402
f 2946//2946 2945//2945 4402//4402 4403//4403
f 2947//2947 2946//2946 4403//4403 4404//4404
f 2948//2948 2947//2947 4404//4404 4405//4405
f 2949//2949 2948//2948 4405//4405 4406//4406
f 2950//2950 2949//2949 4406//4406 4407//4407
f 2951//2951 2950//2950 4407//4407 4408//4408
f 2952//2952 2951//2951 4408//4408 4409//4409
f 2953//2953 2952//2952 4409//4409 4410//4410
f 2954//2954 2953//2953 4410//4410 4411//4411
f 2955//2955 2954//2954 4411//4411 4412//4412
f 2956//2956 2955//2955 4412//4412 4413//4413
f 2957//2957 2956//2956 4413//4413 4414//4414
f 2958//2958 2957//2957 4414//4414 4415//4415
f 2959//2959 2958//2958 4415//4415 4416//4416
f 2960//2960 2959//2959 4416//4416 4417//4417
f 2961//2961 2960//2960 4417//4417 4418//4418
f 2962//2962 2961//2961 4418//4418 4419//4419
f 2963//2963 2962//2962 4419//4419 4420//4420
f 2964//2964 2963//2963 4420//4420 4421//4421
f 2965//2965 2964//2964 4421//4421 4422//4422
f 2966//2966 2965//2965 4422//4422 4423//4423
f 2967//2967 2966//2966 4423//4423 4424//4424
f 2968//2968 2967//2967 4424//4424 4425//4425
f 2969//2969 2968//2968 4425//4425 4426//4426
f 2970//2970 2969//2969 4426//4426 4427//4427
f 2971//2971 2970//2970 4427//4427 4428//4428
f 2972//2972 2971//2971 4428//4428 4429//4429
f 2973//2973 2972//2972 4429//4429 4430//4430
f 2974//2974 2973//2973 4430//4430 4431//4431
f 2975//2975 2974//2974 4431//4431 4432//4432
f 2976//2976 2975//2975 4432//4432 4433//4433
f 2977//2977 2976//2976 4433//4433 4434//4434
f 2978//2978 2977//2977 4434//4434 4435//4435
f 2979//2979 2978//2978 4435//4435 4436//4436
f 2980//2980 2979//2979 4436//4436 4437//4437
f 2981//2981 2980//2980 4437//4437 4438//4438
f 2982//2982 2981//2981 4438//4438 4439//4439
f 2983//2983 2982//2982 4439//4439 4440//4440
f 2984//2984 2983//2983 4440//4440 4441//4441
f 2985//2985 2984//2984 4441//4441 4442//4442
f 2986//2986 2985//2985 4442//4442 4443//4443
f 2987//2987 2986//2986 4443//4443 4444//4444
f 2988//2988 2987//2987 4444//4444 4445//4445
f 2989//2989 2988//2988 4445//4445 4446//4446
f 2990//2990 2989//2989 4446//4446 4447//4447
f 2991//2991 2990//2990 4447//4447 4448//4448
f 2992//2992 2991//2991 4448//4448 4449//4449
f 2993//2993 2992//2992 4449//4449 4450//4450
f 2994//2994 2993//2993 4450//4450 4451//4451
f 2995//2995 2994//2994 4451//4451 4452//4452
f 2996//2996 2995//2995 4452//4452 4453//4453
f 2997//2997 2996//2996 4453//4453 4454//4454
f 2998//2998 2997//2997 4454//4454 4455//4455
f 2999//2999 2998//2998 4455//4455 4456//4456
f 3000//3000 2999//2999 4456//4456 4457//4457
f 3001//3001 3000//3000 4457//4457 4458//4458
f 3002//3002 3001//3001 4458//4458 4459//4459
f 3003//3003 3002//3002 4459//4459 4460//4460
f 3004//3004 3003//3003 4460//4460 4461//4461
f 3005//3005 3004//3004 4461//4461 4462//4462
f 3006//3006 3005//3005 4462//4462 4463//4463
f 3007//3007 3006//3006 4463//4463 4464//4464
f 3008//3008 3007//3007 4464//4464 4465//4465
f 3009//3009 3008//3008 4465//4465 4466//4466
f 3010//3010 3009//3009 4466//4466 4467//4467
f 3011//3011 3010//3010 4467//4467 4468//4468
f 3012//3012 3011//3011 4468//4468 4469//4469
f 3013//3013 3012//3012 4469//4469 4470//4470
f 3014//3014 3013//3013 4470//4470 4471//4471
f 3015//3015 3014//3014 4471//4471 4472//4472
f 3016//3016 3015//3015 4472//4472 4473//4473
f 3017//3017 3016//3016 4473//4473 4474//4474
f 3018//3018 3017//3017 4474//4474 4475//4475
f 3019//3019 3018//3018 4475//4475 4476//4476
f 3020//3020 3019//3019 4476//4476 4477//4477
f 3021//3021 3020//3020 4477//4477 4478//4478
f 3022//3022 3021//3021 4478//4478 4479//4479
f 3023//3023 3022//3022 4479//4479 4480//4480
f 3024//3024 3023//3023 4480//4480 4481//4481
f 2941//2941 3024//3024 4481//4481 4399//4399
